-er	-ista
-ever	querque
-ful	terminacão do adjetivo
-ism	-ismo
-ist	-ista
-ity	-dade
-ness	-dade
-or	-ista
-ship	-dade
a	/ə/\n\n[art]\n\n1. primeira letra do alfabeto\n2. a. um\n  b. uma
a few	/əfjuː/\n\n1. alguns\n2. certo número de\n3. vários
a little	/əlitl/\n\n1. um pouco\n2. um tanto
a lot of	/əlɔtɔf/\n\n1. muito\n2. um grande número de
a.m.	/əmoumənt/\n\ndemanhã
Aaron	/ɑːærən/\n\n[s]\nAarão
abacus	/æbəkəs/\n\n[s]\nábaco
abandon	/əbændən/\n\n[vt]\n\n1. abandonar\n2. desamparar\n3. a. abrir mão de\n  b. renunciar\n  c. resignar
abandoned	[adjective]\nabandonado
abandonment	/əbændənmənt/\n\n[s]\n\n1. abandono\n2. a. abdicação\n  b. cessão\n  c. submissão\n3. a. naturalidade\n  b. simplicidade
abash	/əbæʃ/\n\n1. embaraçar\n2. envergonhar\n3. estorvar
abashed	/əbæʃt/\n\n1. acanhado\n2. vergonhoso
abashment	/əbæʃmənt/\n\n[s]\n\n1. aperto\n2. embaraço\n3. estorvo\n4. óbice\n5. perplexidade
abate	[vt]\n\n1. abater\n2. diminuir\n3. enfraquecer
abated	1. abatido\n2. diminuído\n3. enfraquecido
abatement	/əbeitmənt/\n\n[s]\n\n1. abatimento\n2. desconto
abbacy	/æbəsiː/\n\n[s]\nabadia
abbatial	/əbəʃl/\n\nabacial
abbess	/æbes/\n\n[s]\nabadessa
abbey	/əbei/\n\n[s]\nabadia
abbot	/æbət/\n\n[s]\nabade
abbotcy	/æbətsiː/\n\n[s]\nabadia
abbotship	/æbətʃip/\n\n[s]\nabadia
abbreviate	[vt]\nabreviar
abbreviated	abreviado
abbreviation	/əbriːvieiʃən/\n\n[s]\nabreviação
abbreviator	[s]\nabreviador
ABC	/eibiːsiː/\n\n[s]\n\n1. abc\n2. alfabeto
ABC book	/eibiːsiːbuk/\n\n[s]\ncartilha de abc
abdicable	[adjective]\n\n1. abdicável\n2. renunciável
abdicate	/æbdikeit/\n\n1. abdicar\n2. demitir-se\n3. desistir
abdication	/æbdikeiʃən/\n\n[s]\n\n1. abdicação\n2. demissão
abdomen	/æbdəmən/\n\n[s]\n\n1. abdome\n2. barriga\n3. ventre
abdominal	/æbdɔminl/\n\n[adjective]\n\n1. abdominal\n2. relativo ao abdome
abduct	[s]\n[vt]\n\n1. seqüestro\n2. seqüestrar
abductor	/æbdʌktər/\n\n[s]\nabdutor
aberrant	[adjective]\naberrante
aberration	/æbəreiʃən/\n\n[s]\n\n1. aberração\n2. a. defeito\n  b. erro
abet	/əbet/\n\n[vt]\n\n1. a. agitar\n  b. amotinar\n  c. sacolejar\n  d. sacudir\n2. a. ajudar\n  b. assistir\n3. a. concitar\n  b. incitar\n  c. provocar\n4. a. amparar\n  b. sustenar\n  c. suportar
abhor	/əbhɔːr/\n\n[vt]\n\n1. abominar\n2. detestar\n3. ter nojo de
abhorrence	/əbhɔrəns/\n\n[s]\n\n1. abominação\n2. asco\n3. horror\n4. repulsão
abhorrent	/əbhɔrənt/\n\n[adjective]\n\n1. a. abominável\n  b. repugnante\n2. nauseante
abide	/əbaid/\n\n[vt]\n\n1. a. aguardar\n  b. esperar\n  c. estar à espera de\n2. a. aguentar\n  b. agüentar\n  c. suportar\n  d. tolerar\n3. a. insistir\n  b. perseverar\n  c. persistir\n4. a. padecer\n  b. sofrer
abiding	/əbaidiŋ/\n\nduradouro
ability	/əbilitiː/\n\n[s]\n\n1. a. habilidade\n  b. capacidade\n  c. faculdade\n  d. poder\n2. habilitação
abiogenesis	/əbaiədʒiːnəsis/\n\n[s]\n\n1. abiogenêse\n2. abiogenesia
abject	/æbdʒekt/\n\n[adjective]\n\n1. desprezível\n2. miserável
abjure	/æbdʒeər/\n\n[vt]\n\n1. renunciar\n2. a. anular\n  b. declarar sem efeito\n  c. revogar
ablative	/æblətiv/\n\n[adjective]\nablativo
ablaze	/əbleiz/\n\n[adjective]\nardente
able	/eibl/\n\n[adjective]\n\n1. a. apto\n  b. hábil\n  c. capaz\n2. a. autorizado\n  b. competente\n  c. habilitado
ably	[adverb]\nhabilmente
abnegate	/æbnigeit/\n\n[vt]\n\n1. abnegar\n2. renunciar
abnegation	/æbnigeiʃən/\n\n[s]\n\n1. abnegação\n2. desprendimento
abnormal	/æbnɔːml/\n\n[adjective]\n\n1. anômalo\n2. anormal
abnormality	[s]\nanormalidade
abnormally	[adverb]\nanormalmente
abnormity	/æbnɔːmitiː/\n\n[s]\nanomalia
aboard	a bordo
abode	/əboud/\n\n[s]\n\n1. domicílio\n2. a. aposento\n  b. habitação\n  c. morada
abolish	/əbɔliʃ/\n\n[vt]\n\n1. a. abolir\n  b. anular\n2. a. declarar sem efeito\n  b. revogar
abolition	/æbəliʃən/\n\n[s]\nabolição
abominable	/əbɔminəbl/\n\n[adjective]\n\n1. a. abominável\n  b. repugnante\n2. nauseante
abominate	/əbɔmineit/\n\n[vt]\n\n1. abominar\n2. detestar\n3. ter nojo de
abomination	/əbɔmineiʃən/\n\n[s]\n\n1. a. abominação\n  b. asco\n  c. horror\n  d. repulsão\n2. algo repugnante
aboriginal	/æbəridʒənl/\n\n[adjective]\n\n1. aborígene\n2. indígena\n3. nativo
abort	/əbɔːt/\n\n[vt]\n\n1. a. abortar\n  b. fazer abortar\n2. a. fracassar\n  b. malograr-se\n  c. ter mau êxito
aborted	1. abortado\n2. cancelado
abortion	/əbɔːʃən/\n\n[s]\n\n1. abortamento\n2. a. fiasco\n  b. malogro
abortive	/əbɔːtiv/\n\n1. estéril\n2. inútil\n3. vão
abound	/əbaund/\n\n1. abundar\n2. a. enxamear\n  b. formigar\n  c. pulular
about	/əbaut/\n\n[preposition]\n[adverb]\n\n1. a. sobre\n  b. acerca de\n  c. a respeito de\n  d. quanto a\n2. a. mais ou menos\n  b. aproximadamente\n  c. cerca de
about-face	mudança
above	/əbouv/\n\n[adverb]\n\n1. sobre\n2. acima\n3. acima de\n4. para cima
above all	/əbouvl/\n\n1. em especial\n2. principalmente\n3. sobretudo
above-board	1. honesto\n2. a. franco\n  b. sincero
abracadabra	/æbrəkədæbrə/\n\nabracadabra
Abraham	/æbrəhæm/\n\n[s]\nAbraão
abridge	/əbridʒ/\n\n[vt]\n\n1. resumir\n2. demarcar\n3. limitar\n4. restringir
abridgement	/əbridʒmənt/\n\n[s]\n\n1. resumo\n2. sumário
abroad	/əbrɔːd/\n\n1. ao estrangeiro\n2. a. fora\n  b. de fora\n3. exterior
abrogate	/æbrəgeit/\n\n1. a. abolir\n  b. anular\n2. a. declarar sem efeito\n  b. revogar
abrogation	/æbrəgeiʃən/\n\n[s]\n\n1. abolição\n2. ab-rogação
abrupt	/əbrʌpt/\n\n[adjective]\n\n1. a. abrupto\n  b. brusco\n  c. repentino\n  d. súbito\n2. a. chocante\n  b. rude\n3. a. escarpado\n  b. íngreme\n4. a. inesperado\n  b. inopinado
abruptly	[adverb]\n\n1. abruptamente\n2. repentinamente
abscess	/æbses/\n\n[s]\n\n1. abscesso\n2. apostema
abscissa	/əbʃisə/\n\n[s]\nabscissa
absence	/æbsəns/\n\n[s]\n\n1. a. ausência\n  b. falta\n2. a. carência\n  b. falha
absence of mind	/æbsənsɔfmaind/\n\ndistracção
absent	/æbsənt/\n\n[adjective]\nausente
absent onself	/æbsəntwʌnself/\n\n1. afastar-se\n2. ausentar-se\n3. partir\n4. retirar-se
absent-minded	[adjective]\ndesatento
absentee	[s]\n\n1. ausente\n2. quem está ausente
absinth	/æbsinθ/\n\n[s]\n\n1. licor verde preparado do absíntio\n2. a. absíntio\n  b. losna\n3. a. artemijem\n  b. artemísia\n  c. erva-de-são-joão
absolute	/æbsəluːt/\n\n[adjective]\n\n1. absoluto\n2. completo
absolute power	/æbsəluːtpauər/\n\n[s]\n\n1. poder absoluto\n2. autocracia
absolute rule	/æbsəluːtruːl/\n\nautocracia
absolute ruler	/æbsəluːtruːlər/\n\n[s]\nautócrata
absolutely	/æbsəluːtəliː/\n\n[adverb]\n\n1. absolutamente\n2. a. com efeito\n  b. de fato\n  c. efetivamente\n3. a. impreterivelmente\n  b. infalivelmente\n  c. sem falta
absolution	/æbsəluːʃən/\n\n[s]\n\n1. absolvição\n2. perdão
absolutism	/æbsəluːtizəm/\n\n[s]\nabsolutismo
absolve	/əbzɔlv/\n\n[vt]\nabsolver
absorb	/əbsɔːb/\n\n[vt]\n\n1. a. absorver\n  b. sorver\n2. empolgar\n3. a. dispor de\n  b. ter à disposição
absorbent	/əbsɔːbənt/\n\n[adjective]\n\n1. absorvente\n2. hidrófilo
absorbing	/əbsɔːbiŋ/\n\nfascinante
absorption	[s]\nabsorção
abstain	[vi]\nabster-se
abstemious	/əbstiːmiəs/\n\n1. comedido\n2. parco\n3. sério\n4. sóbrio
abstention	/əbstenʃən/\n\n[s]\nabstinência
abstinence	/əbstinəns/\n\n[s]\nabstinência
abstract	/əbstrækt/\n\n[s]\n[adjective]\n[vt]\n\n1. abstrato\n2. a. resumo\n  b. sumário\n3. concentrado\n4. a. abstrair\n  b. fazer abstração de\n5. resumir
abstraction	/əbstrækʃən/\n\n[s]\n\n1. abstração\n2. extração\n3. furto
absurd	/əbsəːd/\n\n[adjective]\nabsurdo
absurdity	/əbsəːditiː/\n\n[s]\n\n1. a. absurdo\n  b. coisa absurda\n2. a. absurdeza\n  b. absurdidade
absurdly	[adverb]\nabsurdamente
abundance	/əbʌndəns/\n\n[s]\n\n1. abundância\n2. fartura\n3. riqueza
abundant	/əbʌndənt/\n\n[adjective]\n\n1. abundante\n2. basto\n3. copioso\n4. farto\n5. lauto
abundantly	[adverb]\nabundantemente
abuse	/əbjuːz/\n\n[s]\n[vt]\n\n1. abuso\n2. a. injúria\n  b. insulto\n3. a. defeito\n  b. desvantagem\n  c. inconveniente\n4. abusar\n5. a. injuriar\n  b. insultar\n  c. ofender\n  d. ultrajar\n6. a. atormentar\n  b. supliciar\n  c. torturar
abusive	[adjective]\nabusivo
abusively	[adverb]\n\n1. abusivamente\n2. de forma abusiva
abutment	/əbʌtmənt/\n\ncontraforte
abysm	[s]\nabismo
abysmal	/əbizml/\n\n1. desesperado\n2. a. horrível\n  b. terrível
abyss	/əbis/\n\n[s]\n\n1. abismo\n2. boqueirão\n3. fundão\n4. pélago\n5. precipício\n6. sorvedouro
Abyssinia	/əbisiniə/\n\n[s]\n\n1. Abissínia\n2. Etiópia
Abyssinian	/əbisiniən/\n\nabexim
acacia	/əkeiʃə/\n\nacácia
academic	/ækədemik/\n\n[s]\n[adjective]\n\n1. acadêmico\n2. estudante
academician	/əkædəmiʃən/\n\n[s]\nacadêmico
academy	/əkædəmiː/\n\n[s]\nacademia
acalculous	[adjective]\n\n1. acalculoso\n2. sem cálculos
acanthosis	[s]\nacantose
acanthus	/eikænθəs/\n\n[s]\n\n1. acanto\n2. erva-gigante
accede	/əksiːd/\n\n1. tornar-se membro de um grupo\n2. a. anuir\n  b. concordar\n  c. estar de acordo
accelerate	/əkseləreit/\n\n1. acelerar\n2. adiantar\n3. apressar\n4. atirar\n5. aumentar a velocidade de
accelerated	acelerado
acceleration	/əkseləreiʃən/\n\n[s]\naceleração
accelerator	/əkseləreitər/\n\n[s]\nacelerador
accelerator pedal	/əkseləreitərpedəl/\n\n[s]\npedal do acelerador
accent	/æksənt/\n\n[s]\n[vt]\n\n1. a. acento\n  b. ênfase\n2. sotaque\n3. a. enfatizar\n  b. acentuar
accent mark	/æksəntmɑːk/\n\n[s]\nacento
accentuate	/əksentʃueit/\n\n[vt]\n\n1. acentuar\n2. enfatizar
accentuated	acentuado
accentuation	[s]\nacentuação
accept	/æksept/\n\n1. aceitar\n2. acolher\n3. admitir\n4. receber\n5. topar
acceptable	[adjective]\naceitável
acceptance	/əkseptəns/\n\n[s]\n\n1. aceitação\n2. acolhida\n3. acolhimento\n4. admissão
acceptation	[s]\naceitação
accepted	1. aceito\n2. aceitado
access	/ækses/\n\n[s]\n[vt]\n\n1. acesso\n2. a. crise\n  b. agressão\n  c. ataque\n3. a. arranco\n  b. impulso\n4. acessar
accessibility	[s]\nacessibilidade
accessible	/əksesəbl/\n\n[adjective]\n\n1. a. acessível\n  b. alcançável\n  c. atingível\n2. a. impressionável\n  b. sensível
accession	/əkseʃən/\n\n[s]\n\n1. aquisição\n2. presa
accessory	/əksesəriː/\n\n[adjective]\n\n1. a. acessório\n  b. anexo\n2. secundário
accidence	/æksidəns/\n\n[s]\n\n1. acaso\n2. azar\n3. casualidade
accident	/æksidənt/\n\n[s]\n\n1. acidente\n2. sinistro
accidental	/æksidentl/\n\n[adjective]\n\n1. acidental\n2. fortuito
accidentally	[adverb]\nacidentalmente
accidently	[adverb]\n\n1. acidentalmente\n2. de forma acidental
acclaim	/əkleim/\n\n[s]\n[vt]\n\n1. a. aplauso\n  b. aclamação\n  c. ovação\n2. a. aclamar\n  b. ovacionar\n  c. aplaudir\n  d. bater palmas\n3. a. aprovar\n  b. louvar
acclamation	/ækləmeiʃən/\n\n[s]\n\n1. aclamação\n2. ovação\n3. aplauso
acclimatize	/əklaimətaiz/\n\n[vt]\n\n1. aclimar\n2. aclimatar
acclivity	/əklivitiː/\n\n[s]\n\n1. declive\n2. encosta\n3. ladeira\n4. rampa\n5. vertente
accommodate	[vt]\nacomodar
accommodating	/əkɔmədeitiŋ/\n\nserviçal
accommodation	/əkɔmədeiʃən/\n\n[s]\n\n1. acomodação\n2. a. arranjo\n  b. disposição\n3. compromisso\n4. a. aposento\n  b. habitação\n  c. morada
accomodate	/əkɔmədeit/\n\n1. a. acomodar\n  b. adaptar\n  c. ajustar\n  d. arranjar\n2. a. acabar\n  b. encerrar\n  c. finalizar\n  d. terminar\n3. hospedar\n4. a. ajudar\n  b. auxiliar\n  c. socorrer
accomodate oneself	/əkɔmədeitwʌnself/\n\nadaptar-se
accompaniment	/əkʌmpənimənt/\n\n[s]\nacompanhamento
accompanist	/əkʌmpənist/\n\n[s]\n\n1. acompanhante\n2. acólito\n3. companheiro
accompany	/əkʌmpəniː/\n\n[vt]\n\n1. acompanhar\n2. seguir
accompanying	/əkʌmpəniiŋ/\n\nanexado
accomplish	/əkʌmpliʃ/\n\n1. a. abranger\n  b. alcançar\n  c. atingir\n  d. chegar a\n  e. obter\n  f. tocar\n2. a. efectivar\n  b. efectuar\n  c. realizar\n3. a. cumprir\n  b. desempenhar
accomplished	/əkʌmpliʃt/\n\n1. a. autorizado\n  b. competente\n  c. habilitado\n2. a. experiente\n  b. perito\n  c. versado\n3. talentoso
accomplishment	/əkʌmpliʃmənt/\n\n[s]\n\n1. conquista\n2. façanha\n3. feito\n4. obra
accord	/əkɔːd/\n\n[s]\n[vt]\n\n1. a. acordo\n  b. ajuste\n  c. concordância\n  d. conformidade\n  e. convenção\n2. a. acordar\n  b. estar de acordo\n3. estar em harmonia\n4. a. aquiescer\n  b. consentir\n  c. permitir
accordance	/əkɔːdəns/\n\n[s]\n\n1. acordo\n2. ajuste\n3. concordância\n4. conformidade\n5. convenção
according as	/əkɔːdiŋəz/\n\n1. ao longo de\n2. conforme\n3. de acordo com\n4. relativamente a
according to	/əkɔːdiŋtou/\n\n1. ao longo de\n2. conforme\n3. de acordo com\n4. relativamente a
accordingly	/əkɔːdiŋliː/\n\n[adverb]\n\n1. de acordo com\n2. a. logo\n  b. por conseguinte\n  c. sendo assim
accordion	/əkɔːdiən/\n\n[s]\n\n1. acordeão\n2. harmônica\n3. gaita\n4. sanfona
account	/əkaunt/\n\n[s]\n[vt]\n\n1. conta\n2. a. fatura\n  b. nota\n3. a. informação\n  b. explicação\n  c. comunicação\n4. cálculo\n5. a. causa\n  b. motivo\n  c. razão\n6. a. considerar\n  b. refletir\n7. a. acreditar\n  b. crer\n8. a. julgar\n  b. opinar\n  c. ser de opinião
account book	/əkauntbuk/\n\n[s]\nlivro-caixa
account for	/əkauntfər/\n\n[vt]\n\n1. explicar\n2. a. compor\n  b. constituir\n  c. estabelecer
accounting	/əkauntiŋ/\n\n[s]\nescrituração
accoutrement	/əkuːtəmənt/\n\n[s]\nequipamento
accredit	/əkredit/\n\n[vt]\n\n1. acreditar\n2. a. atribuir\n  b. conferir\n  c. imputar\n  d. julgar\n3. crer
accrue	/əkruː/\n\n1. a. derivar\n  b. provir\n  c. virde\n2. a. aumentar\n  b. avultar\n  c. crescer\n3. a. altear\n  b. elevar-se\n  c. subir
accumulate	/əkjuːmjuleit/\n\n1. a. acumular\n  b. juntar em excesso\n2. a. amontoar\n  b. empilhar\n  c. juntar\n3. a. acumular-se\n  b. amontoar-se
accumulation	/əkjuːmjuleiʃən/\n\n[s]\n\n1. a. acumulação\n  b. amontoamento\n2. a. acervo\n  b. acúmulo\n  c. chusma\n  d. cúmulo\n  e. montão\n  f. multidão\n  g. pilha\n  h. ruma
accumulative	[adjective]\nacumulativo
accumulatively	[adverb]\n\n1. acumulativamente\n2. de forma acumulativa
accumulator	/əkjuːmjuleitər/\n\n[s]\nacumulador
accuracy	/ækjərəsiː/\n\n[s]\n\n1. acurácia\n2. a. exatidão\n  b. precisão
accurate	/ækjərət/\n\n[adjective]\n\n1. a. exato\n  b. pontual\n2. a. certo\n  b. exacto\n  c. preciso
accurately	[adverb]\n\n1. exatamente\n2. de forma acurada
accusal	/ækjuːzl/\n\n[s]\n\n1. acusação\n2. arguição
accusation	/ækjuːzeiʃən/\n\n[s]\n\n1. a. acusação\n  b. arguição\n2. denúncia
accusative	/əkjuːzətiv/\n\n[adjective]\nacusativo
accusatory	[adjective]\nacusatório
accuse	/əkjuːz/\n\n[vt]\n\n1. a. acusar\n  b. arguir\n  c. criminar\n  d. inculpar\n2. a. delatar\n  b. denunciar\n3. culpar
accused	/əkjuːzd/\n\nacusado
accuser	/əkjuːzər/\n\n[s]\nacusador
accustom	/əkʌstəm/\n\n1. costumar\n2. estar habitado a\n3. ter o costume de
accustomed	/əkʌstəmd/\n\nusual
ace	/eis/\n\n[s]\nás
acellular	[adjective]\nacelular
acerbic	/əsəːbik/\n\n1. acerbo\n2. adstringente\n3. a. acre\n  b. afiado\n  c. agudo\n  d. cortante\n  e. penetrante\n  f. picante\n  g. ríspido\n4. a. amargo\n  b. amargoso\n  c. amaro
acerbity	/əsəːbitiː/\n\n[s]\n\n1. a. acrimônia\n  b. acuidade\n  c. agrura\n  d. agudeza\n2. a. amargor\n  b. amargura
acetabular	[adjective]\nacetabular
acetabulum	[s]\nacetábulo
acetate	/æsiteit/\n\n[s]\nacetato
acetic acid	/əsiːtikæsid/\n\n[s]\n\n1. ácido acético\n2. vinagre
acetone	/æsitən/\n\n[s]\nacetona
acetous	/æsitəs/\n\n[adjective]\n\n1. acerbo\n2. ácido\n3. azedo
acetylate	[vt]\nacetilar
acetylation	[s]\nacetilação
acetylcholine	[s]\nacetilcolina
acetylcholinesterase	[s]\nacetilcolinesterase
acetylene	/əsetiliːn/\n\n[s]\n\n1. acetilene\n2. acetilênio\n3. acetileno
acetylic	[adjective]\nacetílico
Achaea	/ətʃiə/\n\nAcaia
Achaia	/ətʃiə/\n\nAcaia
ache	/eik/\n\n[s]\n[vt]\n\n1. a. aflição\n  b. dor\n2. a. almejar\n  b. anelar\n  c. aspirar\n3. a. causar dor\n  b. doer\n4. a. suspirar\n  b. ter saudades de
Acheron	/ətʃerən/\n\nAqueronte
achievable	[adverb]\n\n1. alcançável\n2. conquistável\n3. que se pode alcançar\n4. que se pode conquistar
achieve	/ətʃiːv/\n\n[vt]\n\n1. a. adquirir\n  b. arranjar\n  c. obter\n2. a. abranger\n  b. alcançar\n  c. atingir\n  d. chegar a\n  e. tocar\n3. a. efectivar\n  b. efectuar\n  c. realizar\n4. a. fazer\n  b. formar\n  c. executar\n5. a. cumprir\n  b. desempenhar
achievement	/ətʃiːvmənt/\n\n[s]\n\n1. conquista\n2. façanha\n3. feito\n4. obra
Achilles	/ətʃilz/\n\n[s]\nAquiles
achlorhydria	[s]\nacloridria
achrostic	/əkroustik/\n\n[adjective]\nacróstico
acid	/æsid/\n\n[adjective]\n\n1. a. acerbo\n  b. ácido\n  c. azedo\n2. adstringente\n3. sarcástico
acidification	[s]\nacidificação
acidifier	[s]\nacidificador
acidify	/əsidifai/\n\n1. azedar\n2. azedar-se
acidity	/əsiditiː/\n\n[s]\n\n1. acidez\n2. acididade\n3. azedume
acidness	/əsidnəs/\n\n[s]\n\n1. a. acidez\n  b. acididade\n  c. azedume\n2. sarcasmo
acidosis	[s]\nacidose
acidotic	[adjective]\nacidótico
acknowledge	/əknɔlidʒ/\n\n1. a. admitir a veracidade de\n  b. reconhecer\n2. a. confessar\n  b. professar\n3. a. confirmar\n  b. homologar\n  c. ratificar
acknowledgement	/əknɔlidʒmənt/\n\n[s]\n\n1. confissão\n2. recibo
acme	/ækmiː/\n\n[s]\n\n1. apogeu\n2. ápice\n3. climax
acne	/ækniː/\n\n[s]\n\n1. a. acne\n  b. espinha\n2. dartro
acolyte	/ækəlait/\n\n1. a. adepto\n  b. partidário\n2. a. acólito\n  b. sacristão\n3. a. cidadão\n  b. membro\n  c. sócio
aconite	/ækənait/\n\nacônito
acoustic	/əkuːstik/\n\n[adjective]\nacústico
acoustical	[adjective]\nacústico
acoustically	[adverb]\n\n1. acusticamente\n2. de forma acústica
acoustics	/əkuːstiks/\n\n[s]\nacústica
acquaint	/əkweint/\n\n1. a. informar\n  b. noticiar\n  c. participar\n2. notificar
acquaintance	/əkweintəns/\n\n1. pessoa conhecida\n2. convivência
acquaintanceship	[s]\nconvivência
acquiescent	[adjective]\n\n1. aquiescente\n2. condescendente
acquire	/əkwaiər/\n\n1. a. adquirir\n  b. arranjar\n  c. obter\n2. comprar
acquired	adquirido
acquirement	/əkwaiəmənt/\n\n[s]\n\n1. aquisição\n2. conquista
acquisition	/ækwiziʃən/\n\n[s]\n\n1. a. aquisição\n  b. conquista\n  c. presa\n2. compra
acquisitive	/əkwizətiv/\n\n[adjective]\n\n1. ávido\n2. cobiçoso\n3. sedento\n4. sequioso
acquit	/əkwit/\n\n[vt]\nabsolver
acre	/eikər/\n\n[s]\n\n1. acre\n2. jeira
acrid	/ækrid/\n\nacerbo
acrimony	/ækriməniː/\n\n[s]\n\n1. acrimônia\n2. acuidade\n3. agrura\n4. agudeza
acrobat	/ækrəbæt/\n\n[s]\nacrobata
acrobatic	[adjective]\nacrobático
acromegalic	[adjective]\nacromegálico
acromegaly	[s]\nacromegalia
acromial	[adjective]\nacromial
acromion	[s]\nacrômio
acronym	/ækrənim/\n\n[s]\n\n1. sigla\n2. acrografia
across	/əkrɔs/\n\n1. transversalmente\n2. a. além de\n  b. através de\n  c. do outro lado de\n  d. para lá de
across from	/əkrɔsfrɔm/\n\n1. contra\n2. de fronte de\n3. em frente de\n4. em troca de
act	/ækt/\n\n[s]\n[vt]\n\n1. a. ato\n  b. ação\n2. a. façanha\n  b. feito\n  c. obra\n3. a. auto\n  b. escritura\n  c. instrumento\n4. a. agir\n  b. obrar\n  c. proceder\n5. funcionar como ator\n6. a. atuar\n  b. produzir efeito\n  c. ser eficaz\n7. a. fazer\n  b. formar\n  c. executar\n8. influenciar
act as a middleman	/æktəzəmidlmən/\n\ncorretar
act as agent	/æktəzeidʒənt/\n\nmediar
act as patron	/æktəzpætrən/\n\n1. patrocinar\n2. proteger
act for	/æktfər/\n\nrepresentar
act of grace	/æktɔfgreis/\n\n1. anistia\n2. indultogeral
act out	/æktaut/\n\n1. efetivar\n2. efetuar\n3. realizar
acting	/æktiŋ/\n\nrepresentação
actinium	/æktiniəm/\n\n1. actínia\n2. actínio
actinomycosis	[s]\nactinomicose
action	/ækʃən/\n\n[s]\n\n1. a. ação\n  b. atividade\n2. a. batalha\n  b. combate\n  c. luta\n  d. peleja\n  e. pugna\n3. a. façanha\n  b. feito\n  c. obra\n4. influência\n5. a. pleito\n  b. processo
activate	/æktiveit/\n\n[vt]\n\n1. ativar\n2. a. causar\n  b. produzir\n  c. ser causa de
activated	[adjective]\nativado
activation	[s]\nativação
activator	[s]\nativador
active	/æktiv/\n\n[adjective]\n\n1. a. ativo\n  b. agencioso\n  c. diligente\n2. a. laborioso\n  b. operoso\n  c. trabalhador
actively	[adverb]\nativamente
activist	[s]\n\n1. ativista\n2. militante
activity	/æktivitiː/\n\n[s]\n\n1. ação\n2. atividade
actor	/æktər/\n\n[s]\n\n1. ator\n2. artista\n3. comediante
actress	/æktris/\n\n[s]\natriz
actual	/æktʃeəl/\n\n[adjective]\n\n1. a. efetivo\n  b. real\n  c. verdadeiro\n2. a. atual\n  b. hodierno
actually	/ætʃəliː/\n\n[adverb]\n\n1. realmente\n2. verdadeiramente\n3. na verdade\n4. de fato
actuary	/æktʃeəriː/\n\n[s]\nactuário
actuate	/æktʃueit/\n\n1. mexer\n2. mover
acuity	/əkjuːitiː/\n\n[s]\n\n1. a. acrimônia\n  b. acuidade\n  c. agrura\n  d. agudeza\n2. atenção
acupuncture	/ækjupʌŋktʃər/\n\n[s]\nacupuntura
acupuncturist	[s]\nacupunturista
acute	/əkjuːt/\n\n[adjective]\n\n1. a. agudo\n  b. pontiagudo\n2. a. forte\n  b. intensivo\n  c. intenso\n3. a. sagaz\n  b. astuto
acutely	[adverb]\nagudamente
ad	/əd/\n\n[s]\n\n1. anúncio\n2. a. reclamo\n  b. publicidade
adage	/ædidʒ/\n\n[s]\nprovérbio
adagio	/ədɑːdʒiəə/\n\n[s]\nadágio
Adam	/ædəm/\n\n[s]\nAdão
adamant	/ædəmənt/\n\nresistente
adapt	/ədæpt/\n\n1. a. adaptar\n  b. acomodar\n  c. ajeitar\n  d. ajustar\n2. adaptar-se
adapt oneself	/ədæptwʌnself/\n\nadaptar-se
adaptability	[s]\nadaptabilidade
adaptable	/ədæptəbl/\n\n[adjective]\n\n1. adaptável\n2. ajustável
adaptation	/ædæpteiʃən/\n\n[s]\n\n1. adaptação\n2. ajuste
adapted	adaptado
adapter	[s]\nadaptador
add	/ədd/\n\n1. adicionar\n2. somar\n3. acrescentar\n4. ajuntar
add up	/əddʌp/\n\n1. a. adicionar\n  b. somar\n2. totalizar
added	1. adicionado\n2. somado
addendum	[s]\n\n1. adendo\n2. anexo
adder	/ædər/\n\n[s]\n\n1. cobra\n2. víbora
addiction	[s]\n\n1. vício\n2. devoção\n3. inclinação
addition	/ədiʃən/\n\n[s]\n\n1. a. adição\n  b. soma\n2. a. acréscimo\n  b. emenda\n  c. suplemento
additional	/ədiʃənl/\n\n[adjective]\n\n1. adicional\n2. aditivo\n3. suplementar\n4. extra
additionally	[adverb]\nadicionalmente
additive	[s]\n[adjective]\naditivo
addled	/ædld/\n\n[adjective]\n\n1. a. podre\n  b. pútrido\n2. a. estúpido\n  b. imbecil\n  c. tolo
address	/ədres/\n\n[s]\n[vt]\n\n1. endereço\n2. endereçar
address list	/ədreslist/\n\n[s]\nlista de endereços
addressbook	[s]\nlivro de endereços
addressee	/ædresiː/\n\n[s]\ndestinatário
adduct	[vt]\naduzir
adduction	[s]\nadução
adductor	[adjective]\nadutor
Aden	/ədn/\n\nÁden
adenocarcinoma	[s]\nadenocarcinoma
adenoid	[s]\nadenóide
adenoma	[s]\nadenoma
adenomyosis	[s]\nadenomiose
adenopathy	[s]\nadenopatia
adenosine	[s]\nadenosina
adenovirus	[s]\nadenovírus
adept	/ædept/\n\n1. a. adepto\n  b. partidário\n2. mestre\n3. a. experiente\n  b. perito\n  c. versado
adequacy	[s]\n\n1. adequação\n2. suficiência
adequate	/ædikwət/\n\n1. adequado\n2. apropriado
adequately	[adverb]\nadequadamente
adequateness	[s]\n\n1. adequação\n2. suficiência
adhere	/ədhiər/\n\n1. amoldar-se\n2. adaptar-se\n3. conformar-se
adherence	[s]\naderência
adherent	/ədhiərənt/\n\n1. adepto\n2. partidário
adherents	/ədhiərənts/\n\ngrupo não organizado
adhesion	/ədhiːʒn/\n\n[s]\nadesão
adhesive	/ədhiːsiv/\n\n[adjective]\nadesivo
adhesive plaster	/ədhiːsivplɑːstər/\n\n[s]\ndiaquilão
adhesive tape	/ədhiːsivteip/\n\n[s]\nfita adesiva
adiabatic	/ædiəbætik/\n\n[adjective]\nadiabático
adieu	/ədjuː/\n\n1. adeus\n2. atélogo
adipose	/ædipous/\n\n[s]\n\n1. adipose\n2. obesidade
adjacent	/ədʒeisnt/\n\n[adjective]\n\n1. adjacente\n2. apenso\n3. contíguo\n4. junto\n5. próximo\n6. vizinho
adjective	/ædʒiktiv/\n\n[s]\nadjetivo
adjourn	/ədʒəːn/\n\n[vt]\n\n1. adiar\n2. procrastinar
adjournment	/ədʒəːnmənt/\n\n[s]\n\n1. adiamento\n2. demora\n3. protelação
adjudication	/ədʒuːdikeiʃən/\n\n[s]\nveredito
adjunct	/ædʒʌŋkt/\n\n[s]\n\n1. acréscimo\n2. emenda\n3. suplemento
adjust	/ədʒʌst/\n\n[vt]\n\n1. acomodar\n2. adaptar\n3. ajeitar\n4. ajustar\n5. dispor
adjustable	[adjective]\najustável
adjustable wrench	/ədʒʌstəblrentʃ/\n\n[s]\nchave
adjustment	/ədʒʌstmənt/\n\n[s]\n\n1. a. adaptação\n  b. ajuste\n2. a. arranjo\n  b. disposição
adjutant	/ædʒutənt/\n\n[s]\najudante de ordens
administer	/ədministər/\n\n[vt]\n\n1. administrar\n2. gerir\n3. reger
administered	administrado
administrable	[adjective]\n\n1. administrável\n2. gerenciável
administrate	[vt]\nadministrar
administration	/ədministreiʃən/\n\n[s]\nadministração
administrative	/ədministrətiv/\n\n[adjective]\nadministrativo
administrator	/ədministreitər/\n\n[s]\n\n1. administrador\n2. gerente
admirable	/ædmərəbl/\n\n[adjective]\nadmirável
admirably	[adverb]\n\n1. admiravelmente\n2. de forma admirável
admiral	/ædmərəl/\n\n[s]\nalmirante
admirality	/ædmərælitiː/\n\n[s]\nalmirantado
Admirality Islands	/ædmərælitiːailəndz/\n\nIlhas do Almirantado
admiralship	/ædmərɔlʃip/\n\n[s]\nalmirantado
admiration	/ædməreiʃən/\n\n[s]\nadmiração
admire	/ədmaiər/\n\n[vt]\n\n1. admirar\n2. ficar encantado com
admirer	/ədmairər/\n\n[s]\nadmirador
admissibility	[s]\nadmissibilidade
admission	/ədmiʃən/\n\n[s]\n\n1. a. aceitação\n  b. acolhida\n  c. acolhimento\n  d. admissão\n2. confissão
admit	/ədmit/\n\n[vt]\n\n1. admitir\n2. a. aquiescer\n  b. comportar\n  c. consentir\n  d. permitir\n3. a. confessar\n  b. professar\n  c. reconhecer
admittance	/ədmitns/\n\n[s]\nadmitância
admittedly	[adverb]\nreconhecidamente
admixture	/ədmikstʃər/\n\n[s]\nmistura
admonish	/ədmɔniʃ/\n\n1. admoestar\n2. advertir\n3. exortar\n4. induzir\n5. repreender
admonition	/ædməniʃən/\n\n[s]\n\n1. admoestação\n2. repreensão
ado	/ədou/\n\n[s]\n\n1. barulho\n2. ruído
adobe	/ədoubiː/\n\n[s]\n\n1. adobe\n2. adobo\n3. tijolo cru
adolescent	/ædəlesnt/\n\n[s]\nadolescente
Adonis	/ədɔniːz/\n\nAdônis
adopt	/ədɔpt/\n\n[vt]\n\n1. aceitar\n2. admitir\n3. adotar como própria
adopted	/ədɔptid/\n\n[adjective]\nadoptivo
adoption	/ədɔpʃən/\n\n[s]\nadopção
adoptive	/ədɔptiv/\n\n[adjective]\nadoptivo
adorable	/ədɔːrəbl/\n\n[adjective]\nadorável
adoration	/ædəreiʃən/\n\n[s]\nadoração
adore	/ədɔːr/\n\n[vt]\n\n1. adorar\n2. idolatrar\n3. reverenciar
adorer	/ədɔːrər/\n\n[s]\nadorador
adorn	/ədɔːn/\n\n[vt]\n\n1. a. decorar\n  b. fazer decoração\n  c. ladear\n2. a. adornar\n  b. ornamentar
adornment	/ədɔːnmənt/\n\n[s]\n\n1. adorno\n2. ornamento
adrenal	[s]\nadrenal
adrenaline	/ədrenəlain/\n\n[s]\nadrenalina
adrenergic	[adjective]\nadrenérgico
adrenergically	[adverb]\nadrenergicamente
adrenocorticotropic	[adjective]\nadrenocorticotrópico
Adrian	/eidriən/\n\nAdriano
Adriatic	/ədriætik/\n\nAdriático
Adriatic Sea	/ədriætiksiə/\n\nMar Adriático
adroit	/ədrɔit/\n\n[adjective]\n\n1. a. ágil\n  b. hábil\n  c. jeitoso\n2. a. alerta\n  b. animado\n  c. bem disposto\n  d. vivo
adulation	[s]\nadulação
adult	/ædʌlt/\n\n[adjective]\nadulto
adulterate	/ədʌltərət/\n\n1. diluir\n2. falsificar
adulterer	/ədʌltərər/\n\n[s]\nadúltero
adulteress	[s]\nadúltera
adulterous	/ədʌltərəs/\n\n[adjective]\nadulterino
adultery	/ədʌltəriː/\n\n[s]\nadultério
advance	/ədvɑːns/\n\n[s]\n[vi]\n\n1. a. avanço\n  b. progresso\n2. a. avançar\n  b. progredir\n  c. aproximar-se\n  d. dirigir-se\n  e. acercar-se\n  f. adiantar-se\n  g. altear\n  h. elevar\n  i. ganhar terreno
advanced	[adjective]\navançado
advancement	/ədvɑːnsmənt/\n\n[s]\nprogresso
advantage	/ədvɑːntidʒ/\n\n[s]\n\n1. benefício\n2. vantagem
advantageous	/ædvənteidʒəs/\n\n[adjective]\n\n1. vantajoso\n2. a. favorável\n  b. propício\n3. a. profícuo\n  b. útil
advent	/ædvənt/\n\n[s]\nadvento
adventitious	/ædventiʃəs/\n\n[adjective]\n\n1. a. acessório\n  b. secundário\n2. a. acidental\n  b. fortuito
adventure	/ədventʃər/\n\n[s]\naventura
adventurer	/ədventʃərər/\n\n[s]\naventureiro
adventurous	/ədventʃərəs/\n\n[adjective]\naventureiro
adverb	/ædvəːb/\n\n[s]\nadvérbio
adverbial	/ədvəːbiəl/\n\n[adjective]\nadvérbial
adversary	/ædvəsəriː/\n\n[s]\n\n1. adversário\n2. inimigo
adverse	/ædvəːs/\n\n1. daninho\n2. nocivo
adversity	[s]\nadversidade
advert	/ædvəːt/\n\n1. a. atender\n  b. fixar a atenção em\n  c. prestar a atenção\n2. a. reclamo\n  b. publicidade
advertence	/ədvəːtəns/\n\n[s]\nadvertência
advertency	/ədvəːtənsiː/\n\n[s]\nadvertência
advertise	/ædvətaiz/\n\n1. a. anunciar\n  b. noticiar\n  c. notificar\n2. fazer propaganda de\n3. fazer reclamo de
advertisement	/ədvəːtismənt/\n\n[s]\n\n1. anúncio\n2. a. reclamo\n  b. publicidade
advice	/ədvais/\n\n[s]\nconselho
advisable	/ədvaizəbl/\n\naconselhável
advise	/ədvaiz/\n\n1. a. anunciar\n  b. avisar\n  c. comunicar\n2. a. aconselhar\n  b. persuadir
advocate	/ædvəkeit/\n\n[s]\nadvogado
adze	/ædz/\n\nenxó
aegis	/iːdʒis/\n\n[s]\négide
Aeneas	/əniːz/\n\nEnéias
Aeolus	/iːələs/\n\nÉolo
aeon	/iːən/\n\néon
aerate	/ɛəreit/\n\n1. a. arejar\n  b. ventilar\n2. abanar
aerial	/ɛəriəl/\n\n1. aéreo\n2. antena
aerobatics	/ɛərəbætiks/\n\nacrobacias aéreas
aerobic	/ɛəroubik/\n\naeróbico
aerobically	aerobicamente
aerodrome	/ɛərədroum/\n\n[s]\n\n1. aeródromo\n2. aeroporto
aerodynamic	[adjective]\naerodinâmico
aerodynamically	[adverb]\n\n1. aerodinamicamente\n2. de forma aerodinâmica
aerogramme	/ɛərougræm/\n\n[s]\naerograma
aerolite	/ɛərəlit/\n\n[s]\naerólito
aeronaut	/ɛərənɔːt/\n\n[s]\naeronauta
aeronautic	[adjective]\naeronáutico
aeronautical	relativo à aviação
aeronautics	/ɛərənɔːtiks/\n\n[s]\n\n1. aeronáutica\n2. aviação
aeroplane	/ɛərəplein/\n\n[s]\n\n1. aeroplano\n2. avião
aerosol	/ɛərəsɔl/\n\n[s]\naerossol
aesthete	/iːsθiːt/\n\nesteta
aesthetic	/iːsθetik/\n\n[adjective]\nestético
aesthetically	[adverb]\nesteticamente
aesthetics	/iːsθetiks/\n\n[s]\nestética
aetiology	/iːtiɔlədʒiː/\n\n[s]\netiologia
afaik	1. até onde eu sei\n2. até o quanto que eu sei
afebrile	[adjective]\nafebril
affable	/æfəbl/\n\n1. afável\n2. amável\n3. bondoso\n4. gentil\n5. lhano
affair	/əfɛər/\n\n[s]\n\n1. assunto\n2. caso\n3. causa\n4. coisa\n5. negócio\n6. questão
affect	/æfekt/\n\n1. afetar\n2. influenciar
affectation	/æfekteiʃən/\n\n[s]\n\n1. a. afetação\n  b. fingimento\n2. a. ação de afectar\n  b. ação de fingir
affected	/əfektid/\n\nafetado
affecting	/əfektiŋ/\n\n1. comovente\n2. enternecedor
affection	/əfekʃən/\n\n[s]\n\n1. a. abalo\n  b. afecção\n  c. choque\n  d. comoção\n  e. impressão moral\n2. a. amor\n  b. afeição\n  c. carinho\n  d. ternura
affectionate	/əfekʃəneit/\n\n1. que ama\n2. dedicado
affiliate	/əfilieit/\n\n1. a. filial\n  b. sucursal\n2. a. afiliar-se\n  b. tornar-se membro de um grupo
affiliation	/əfilieiʃən/\n\n1. a. filial\n  b. sucursal\n2. parentesco
affined	/əfaind/\n\naparentado
affinity	/əfinitiː/\n\n[s]\n\n1. afinidade\n2. parentesco
affirm	/əfəːm/\n\n1. a. afirmar\n  b. assegurar\n  c. confirmar\n2. a. dizer sim\n  b. responder que sim
affirmation	/æfəmeiʃən/\n\n[s]\nafirmação
affirmative	[s]\n[adjective]\n\n1. afirmativa\n2. afirmativo
affix	/əfiks/\n\n1. afixo\n2. a. aprazar\n  b. cravar\n  c. determinar\n  d. fixar
afflict	/əflikt/\n\n1. acabrunhar\n2. afligir\n3. angustiar
affliction	/əflikʃən/\n\n[s]\n\n1. aflição\n2. agonia\n3. pesar
affluence	/æfleəns/\n\nriqueza
affluent	/æfleənt/\n\nrico
afford	/æfəd/\n\n[vt]\n[vi]\n\n1. a. aquiescer\n  b. consentir\n  c. permitir\n2. a. se permitir\n  b. poder
affordable	[adjective]\n\n1. possível financeiramente\n2. pagável
Afghan	/æfgæn/\n\n1. afegã\n2. afegane
Afghanistan	/æfgænistɑːn/\n\n[s]\nAfeganistão
afire	/əfaiər/\n\nardente
aflame	/əfleim/\n\nardente
afoot	[adjective]\n[adverb]\n\n1. a pé\n2. a. em execução\n  b. em progresso\n3. andando
aforementioned	[adjective]\n\n1. previamente citado\n2. acima mencionado\n3. supracitado
afraid	/əfreid/\n\n1. tímido\n2. timorato
afresh	/əfreʃ/\n\n1. de novo\n2. novamente\n3. outra vez
Africa	/æfrikə/\n\n[s]\nÁfrica
African	/æfrikən/\n\n1. africano\n2. da África
Afrikaans	/æfrikɑːns/\n\nAfricâner
Afrikaner	/æfrikɑːnər/\n\nbôer
after	/ɑːftər/\n\n1. a. após\n  b. depois de\n  c. depois que\n2. a. atrás de\n  b. detrás de\n  c. por trás de
afterlife	[s]\nvida após a morte
afterload	[s]\npós-carga
afternoon	/ɑːftənuːn/\n\n[s]\ntarde
afterthought	[s]\n\n1. reconsideração\n2. reflexão após um ato
afterwards	/ɑːftəwədz/\n\n1. depois\n2. atrás\n3. em seguida
again	/əgein/\n\n1. de novo\n2. novamente\n3. outra vez
against	/əgenst/\n\n1. contra\n2. de fronte de\n3. em frente de\n4. em troca de
against one's will	/əgenstwʌnzwil/\n\n1. contra a vontade\n2. de mau grado
Agamemnon	/ægəmemnən/\n\n[s]\nAgamemnon
agape	/əgeip/\n\nágape
agar	/eigər/\n\nágar-ágar
agar-agar	ágar-ágar
agate	/ægət/\n\nágata
Agatha	/ægəθə/\n\nÁgata
agave	/əgeiv/\n\n1. agave\n2. pita\n3. piteira
age	/eidʒ/\n\n[s]\n\n1. idade\n2. a. época\n  b. era
aged	/eidʒd/\n\n[adjective]\nidoso
agency	/eidʒənsiː/\n\n[s]\nagência
agenda	/ədʒendə/\n\n1. a. agenda\n  b. canhenho\n  c. memento\n  d. ritual\n2. ordem do dia
agent	/eidʒənt/\n\n[s]\n\n1. agente\n2. a. ferramenta\n  b. instrumento\n3. intendente\n4. a. intermediário\n  b. mediador\n5. representante
agglomerate	/əglɔməreit/\n\n1. aglomerado\n2. aglomerar
agglomeration	/əglɔməreiʃən/\n\n[s]\naglomeração
agglutinable	[adjective]\naglutinável
agglutinate	/əgluːtineit/\n\naglutinar
agglutination	[s]\naglutinação
agglutinin	[s]\naglutinina
aggrandize	/əgrændaiz/\n\naumentar
aggravate	[vt]\nagravar
aggravation	[s]\nagravamento
aggregate	/ægrigeit/\n\n1. agregar\n2. aglomerar
aggregation	[s]\n\n1. agregação\n2. aglomeração
aggression	/əgreʃən/\n\n1. agressão\n2. a. crise\n  b. ataque
aggressive	/əgresiv/\n\n1. agressivo\n2. ofensivo
aggressively	agresivamente
aggressiveness	[s]\nagressividade
aggressor	/əgresər/\n\n[s]\n\n1. agressor\n2. assaltante\n3. atacante
aggro	/ægrou/\n\n[s]\nagressão
agile	/ædʒail/\n\n1. a. ágil\n  b. lépido\n  c. lesto\n2. a. alerta\n  b. animado\n  c. bem disposto\n  d. vivo
agility	[s]\nagilidade
agitable	[adjective]\nagitável
agitate	/ædʒiteit/\n\n1. a. agitar\n  b. amotinar\n  c. sacolejar\n  d. sacudir\n2. a. acirrar\n  b. aguçar\n  c. atiçar\n  d. estimular\n  e. excitar\n  f. inflamar\n3. a. abalar\n  b. estremecer
agitated	/ædʒiteitid/\n\n1. ansioso\n2. inquieto\n3. nervoso
agitation	/ædʒiteiʃən/\n\n[s]\n\n1. a. agitação\n  b. alvoroço\n  c. balbúrdia\n  d. tumulto\n2. excitação doentia
aglow	/əglou/\n\nardente
agnostic	/ægnɔstik/\n\n1. agnóstico\n2. agnosticista
ago	1. anteriormente\n2. há tempo\n3. atrás
agog	/əgɔg/\n\ncurioso
agonist	[s]\nagonista
agonize	/ægənaiz/\n\n1. agonizar\n2. a. atormentar\n  b. supliciar\n  c. torturar
agony	/ægəniː/\n\n[s]\n\n1. a. agonia\n  b. ânsia\n  c. passamento\n2. a. aflição\n  b. angústia\n  c. transe
agoraphobia	/ægərəfoubiə/\n\n[s]\nagorafobia
agranulocytosis	[s]\nagranulocitose
agree	/əgriː/\n\n1. concordar\n2. estar de acordo\n3. consentir\n4. anuir\n5. combinar
agreeable	/əgriːəbl/\n\n1. agradável\n2. ameno\n3. aprazível\n4. prazeroso
agreeably	/əgriːəbliː/\n\n1. agradavelmente\n2. de maneira agradável
agreed	/əgriːd/\n\nde acordo
agreement	/əgriːmənt/\n\n[s]\n\n1. a. acordo\n  b. afinação\n2. a. ajuste\n  b. concordância\n  c. conformidade\n  d. convenção\n3. a. consenso\n  b. consentimento
agribusiness	[s]\nagronegócio
agricultural	/ægrikʌltʃərəl/\n\nagronômico
agriculture	/ægrikʌltʃər/\n\n[s]\n\n1. agricultura\n2. agronomia
agriculturist	/ægrikʌltʃərist/\n\n[s]\n\n1. agrônomo\n2. engenheiro agrônomo
agrimony	/ægriməniː/\n\nagrimônia
Agrippa	/əgraipə/\n\nAgripa
agronomics	/əgrənɔmiks/\n\n[s]\nagronomia
agronomy	[s]\nagronomia
ague	/eigjuː/\n\nfebre
ah	/ɑː/\n\nah
aha	/ɑːhə/\n\n1. interjeição que exprime a constatação de algo esperado\n2. ah-ah\n3. ah
ahead	/ɑːed/\n\n1. a. anteriormente\n  b. antes\n  c. em lugar anterior\n2. a. adiante\n  b. avante\n  c. para frente
ahoy	/ɑːɔi/\n\n1. eh\n2. olá
ai	[s]\ninteligência artificial
aid	/eid/\n\n[s]\n\n1. assistente\n2. a. ajuda\n  b. auxílio\n  c. socorro\n3. a. ajudar\n  b. auxiliar\n  c. assistir\n  d. socorrer
aide-de-camp	[s]\najutante de ordens
AIDS	/eidz/\n\n[s]\nAIDS
aileron	/eilərɔn/\n\nválvula para dar movimento rotativo ao avião
ailment	/eilmənt/\n\ndoença
aim	/eim/\n\n[s]\n[vt]\n[vi]\n\n1. a. alvo\n  b. objetivo\n  c. fim\n  d. ponto de mira\n2. a. apontar\n  b. mirar\n  c. tender\n  d. terem vista\n  e. ter por fim\n  f. visar a\n3. a. dar-se ao trabalho de\n  b. empenhar-se em\n  c. esforçar-se
aimless	/eimləs/\n\n1. inútil\n2. vão
Ainu	/einjuː/\n\nainu
air	/ɛər/\n\n[s]\n\n1. ar\n2. vento
air force	/ɛərfɔːs/\n\n[s]\n\n1. força aérea\n2. aeronáutica
air letter	/ɛərletər/\n\n[s]\naerograma
air out	/ɛəraut/\n\n1. arejar\n2. ventilar
air-balloon	aeróstato
airborne	[adjective]\ntransportado pelo ar
aircraft	/ɛəkrɑːft/\n\n[s]\navião
airdrome	/ɛədroum/\n\n[s]\n\n1. aeródromo\n2. aeroporto
airfield	/ɛəfiːld/\n\n[s]\n\n1. aeródromo\n2. aeroporto
airflow	[s]\n\n1. corrente de ar\n2. fluxo de ar
airplane	/ɛəplein/\n\n[s]\n\n1. aeroplano\n2. avião
airport	/ɛəpɔːt/\n\n[s]\naeroporto
airship	/ɛəʃip/\n\n[s]\naeronave
airway	[s]\nvia aérea
airy	/ɛəriː/\n\n1. aguado\n2. falhado\n3. ralo\n4. raro
airy-fairy	traquinas
Ajax	/ədʒəks/\n\nAjax
aka	também conhecido como
akin	/əkin/\n\naparentado
alabaster	/ləbeistər/\n\n1. alabastrino\n2. alabastro
alacrity	/əlækritiː/\n\n1. a. avidez\n  b. cobiça\n2. a. entusiasmo\n  b. furor\n  c. vida
alanine	[s]\nalanina
alarm	/əlɑːm/\n\n1. a. alarmar\n  b. dar alarme\n2. alarme\n3. éctima\n4. a. atordoar\n  b. bestificar\n  c. desconcertar\n5. a. consternação\n  b. estupefação\n6. a. horror\n  b. terror\n  c. pavor\n7. amedrontar\n8. despertador
alarmclock	/əlɑːmklɔk/\n\n[s]\ndespertador
alarming	/əlɑːmiŋ/\n\nalarmante
alas	/əlæz/\n\n1. infelizmente\n2. lamentavelmente
Alaska	/əlæskə/\n\n[s]\nAlasca
alb	/ælb/\n\nalva
Albania	/ælbeiniə/\n\n[s]\nAlbânia
Albanian	/ælbeiniən/\n\nalbanês
albatross	/ælbətrɔs/\n\n[s]\nalbatroz
albeit	embora
Albert	/ælbət/\n\n[s]\nAlberto
albinism	[s]\nalbinismo
albino	/ælbiːnou/\n\nalbino
Albion	/ælbaiən/\n\nÁlbion
album	/ælbəm/\n\n[s]\nálbum
albumen	/ælbjumən/\n\nalbúmen
albumin	[s]\nalbumina
albuminuria	[s]\nalbuminúria
alburnum	/ælbəːnəm/\n\nalburno
alchemist	[s]\nalquimista
alchemy	[s]\nalquimia
alcohol	/ælkəhɔl/\n\n[s]\n\n1. álcool\n2. bebida alcoólica
alcoholic	/ælkəhɔlik/\n\n1. alcoólico\n2. bêbado
alcoholism	/ælkəhɔlizəm/\n\n[s]\nalcoolismo
alcove	/ælkouv/\n\n[s]\nalcova
aldehyde	/ɔːldihaid/\n\n[s]\naldeído
alder	/ɔːldər/\n\namieiro
aldosterone	[s]\naldosterona
ale	/l/\n\ncerveja
alert	/ələːt/\n\n1. ágil\n2. alerta\n3. animado\n4. bem disposto\n5. vivo
alerted	alertado
Aleutian Islands	/ljuːtiənailəndz/\n\nAleutas
Alex	/æleks/\n\n[s]\nAlex
Alexander	/æligzɑːndər/\n\n[s]\nAlexandre
Alexandria	/æligzɑːndriə/\n\n[s]\nAlexandria
alexandrine	/æligzɑːndrain/\n\nalexandrino
Alfred	/ælfrid/\n\n[s]\nAlfredo
alga	/ælgə/\n\nalga
algebra	/ældʒibrə/\n\n[s]\nálgebra
algebraic	/ældʒibreiik/\n\nalgébrico
Algeria	/ældʒiəriə/\n\n1. Algéria\n2. Argélia
Algerian	/ældʒiəriən/\n\nargeliano
Algiers	/ælgiz/\n\nArgel
alginate	[s]\nalginato
algorithm	/ælgɔriðəm/\n\n[s]\nalgoritmo
alias	[s]\n\n1. pseudônimo\n2. apelido\n3. nome falso
alibi	/ælibai/\n\n[s]\nálibi
alien	/eiliən/\n\n1. a. alienígena\n  b. estrangeiro\n  c. estranho\n2. a. abominável\n  b. repugnante\n  c. nauseante
alienable	[adjective]\nalienável
alienate	[vt]\nalienar
alienation	[s]\nalienação
alignment	[s]\nalinhamento
alike	/əlaik/\n\n1. igualmente\n2. a. semelhante\n  b. similar\n  c. parecido
aliment	[s]\n[vt]\n\n1. alimento\n2. alimentar
alimentary	[adjective]\nalimentar
alimentation	[s]\nalimentação
alimony	/æliməniː/\n\nalimento
alive	[adjective]\nvivo
alkali	/ælkəlai/\n\nálcali
alkaline	/ælkəlain/\n\nalcalino
alkaloid	alcalóide
alkalosis	[s]\nalcalose
all	/l/\n\n1. tudo\n2. todas\n3. todos
all about	/ləbaut/\n\n1. em toda a parte\n2. em todo o lugar
all of a sudden	/lɔfəsʌdn/\n\n1. de repente\n2. subitamente
all of it	/lɔfit/\n\n1. toda a quantidade\n2. tudo
all over again	/louvərəgein/\n\n1. de novo\n2. novamente\n3. outra vez
all the	/lð/\n\n1. cada\n2. cada um\n3. toda a pessoa\n4. todo
all the same	/lðseim/\n\nigualmente
all the time	/lðtaim/\n\n1. continuamente\n2. semcessar
all-powerful	onipotente
Allah	/ælə/\n\nAlá
allay	[vt]\n\n1. aliviar\n2. tranquilizar\n3. acalmar
allegation	[s]\nalegação
allege	[vt]\nalegar
allegedly	/əledʒdliː/\n\no chamado
allegorical	[adjective]\nalegórico
allegorically	[adverb]\nalegoricamente
allegory	/æligəriː/\n\n1. alegoria\n2. parábola
allele	[s]\nalelo
alleluia	[s]\naleluia
allergenic	[adjective]\nalergênico
allergic	/ələːdʒik/\n\nalérgico
allergy	/ælədʒiː/\n\nalergia
alleviate	[vt]\naliviar
alleviation	[s]\nalívio
alley	/æliː/\n\nbeco
alliance	/eiliəns/\n\naliança
allied	aliado
alligator	/æligeitər/\n\n1. caimão\n2. crocodilo\n3. jacaré
alliteration	/əlitəreiʃən/\n\naliteração
alloantigen	aloantígeno
allocate	1. alocar\n2. partilhar
allocation	alocação
allot	/əlɔt/\n\n1. lotear\n2. repartir
allow	/ælou/\n\n1. a. deixar\n  b. largar\n  c. permitir\n2. a. aquiescer\n  b. consentir
allowable	[adjective]\nadmissível
allowance	[s]\npermissão
allowed	permitido
alloy	/ælɔi/\n\nliga
allude	/əluːd/\n\n1. aludir\n2. fazer alusã oa\n3. reportar-se
allusion	/əluːʒn/\n\nalusão
alluvion	/əluːviən/\n\naluvião
alluvium	/əluːvim/\n\naluvião
ally	[s]\n[vt]\n\n1. aliado\n2. a. aliar\n  b. se tornar aliado
almanac	/ɔːlmənæk/\n\nalmanaque
almighty	/ɔːlmaitiː/\n\nonipotente
almond	/ɑːmənd/\n\n1. amêndoa\n2. mígala
almost	/æmoust/\n\n1. quase\n2. por pouco\n3. perto de
alms	/ɑːmz/\n\nesmola
almshouse	/ɑːmzhaus/\n\nasilo
aloe	/ælou/\n\n1. aloés\n2. babosa
alone	/əloun/\n\n1. isolado\n2. só\n3. sozinho\n4. único
along	1. por\n2. ao longo de
alongside	/əlɔŋsaid/\n\naoladode
aloud	em voz alta
alp	/ælp/\n\nalpe
alpaca	/ælpækə/\n\nalpaca
Alpenrose	/ælpinrous/\n\nrododentro
alpha	/ælfə/\n\nalfa
alphabet	/ælfəbet/\n\nalfabeto
alphabetical	/ælfəbetikl/\n\nalfabético
alphabetically	[adverb]\n\n1. alfabeticamente\n2. em ordem alfabética
alphabetize	[vt]\n\n1. colocar em ordem alfabética\n2. ordenar
alphanumeric	alfanumérico
alpine	/ælpain/\n\nalpestre
Alpinist	/ælpinist/\n\nalpinista
Alps	/ælps/\n\nAlpes
already	/ɔːlrediː/\n\njá
also	/ælsou/\n\n1. ainda\n2. idem\n3. outrossim\n4. também
altar	/ɔːltər/\n\naltar
alter	/ɔːltər/\n\n1. modificar-se\n2. mudar-se\n3. transformar-se
alteration	/ɔːltəreiʃən/\n\n1. alteração\n2. mudança
altered	alterado
alternate	/ɔːltəneit/\n\n1. a. alternado\n  b. alternativa\n  c. alterno\n2. alternar
alternated	alternado
alternately	[adverb]\nalternadamente
alternating	/ɔːltəneitiŋ/\n\n1. alternado\n2. alternativa\n3. alterno
alternation	/ɔːltənæʃən/\n\n[s]\nalternação
alternative	/ɔːltəːnətiv/\n\n1. alternativa\n2. intercorrência
alternatively	[adverb]\nalternativamente
although	/ɔːlthau/\n\n[conjunction]\n\n1. embora\n2. se bem que\n3. ainda que\n4. conquanto\n5. posto que
altitude	/æltitjuːd/\n\n[s]\naltitude
altogether	/ɔːltədʒeðər/\n\n[adverb]\n\n1. a. em suma\n  b. na sua generalidade\n  c. numa palavra\n2. a. cada coisa\n  b. tudo
altough	1. embora\n2. se bem que
altruism	/æltruːizəm/\n\naltruísmo
altruist	/æltruːist/\n\n1. altruísta\n2. filantropo
altruistic	/æltruːistik/\n\n1. altruísta\n2. filantrópico\n3. humanitário
alum	/æləm/\n\n1. alume\n2. alúmen\n3. pedra-ume
alum earth	/æləməːθ/\n\nalumina
alumina	/æljuminə/\n\nalumina
aluminium	/æljuminiəm/\n\nalumínio
aluminum	/æljuminəm/\n\nalumínio
alveolus	alvéolo
always	/ɔːlweiz/\n\n1. sempre\n2. eternamente
Amadeus	/əmædjuːs/\n\nAmadeu
amalgamate	/əmælgəmeit/\n\namalgamar
amaranthus	/æmənθəs/\n\namaranto
amaryllis	/æmərilis/\n\namarílis
amass	/əmæs/\n\n1. acumular\n2. amontoar\n3. empilhar\n4. juntar
amateur	/æmətər/\n\n[adjective]\n\n1. amador\n2. curioso\n3. diletanto\n4. não profissional
amaze	/əmeiz/\n\n1. admirar\n2. atordoar\n3. estontear
amazement	[s]\n\n1. admiração\n2. adoração
amazing	1. adorável\n2. incrível\n3. estonteante\n4. assombroso\n5. surpreendente
amazingly	1. incrivelmente\n2. surpreendentemente
Amazon	/æməzən/\n\n1. Amazonas\n2. amazona
ambassador	/æmbæsədər/\n\nembaixador
ambassadress	[s]\nembaixatriz
amber	/æmbər/\n\nâmbar-cinzento
ambidextrous	/æmbidekstrəs/\n\nambidestro
ambient	[s]\n[adjective]\n\n1. ambiente\n2. circundante
ambiguity	ambigüidade
ambiguous	/æmbigjeəs/\n\nambíguo
ambiguously	[adverb]\nde forma ambígua
ambition	/æmbiʃən/\n\n1. ambição\n2. aspiração\n3. pretensão
ambitious	/æmbiʃəs/\n\nambicioso
ambitiously	[adverb]\nambiciosamente
ambivalence	/æmbivələns/\n\nambivalência
ambrosia	/æmbrouziə/\n\nambrosia
ambulance	/æmbjuləns/\n\n1. ambulância\n2. hospital militar móvel
ambulate	[vi]\n\n1. deambular\n2. andar
ambulatory	ambulatório
ambush	/æmbuʃ/\n\n1. estar em uma emboscada\n2. a. cilada\n  b. emboscada\n  c. tocaia
amen	/əmen/\n\namém
amendment	/əmendmənt/\n\nemenda
amenity	[s]\n\n1. amenidade\n2. qualidade do que é ameno
amenorrhea	amenorréia
America	/əmerikə/\n\n[s]\nAmérica
American	/əmerikən/\n\n[adjective]\n\n1. americano\n2. cidadão estadunidense
American Indian	/əmerikənindiən/\n\n1. índio\n2. pele vermelha
americium	/æmərisiəm/\n\n[s]\namerício
amethyst	/æmiθist/\n\n[s]\nametista
amide	[s]\namido
amidst	[preposition]\n\n1. entre\n2. no meio de
aminoglycoside	[s]\naminoglicosídeo
aminotransferase	[s]\naminotransferase
amiodarone	[s]\namiodarona
Amman	/æmən/\n\n[s]\nAmã
ammo	[s]\nmunição
Ammon	/æmən/\n\n[s]\nAmon
ammonia	/əmouniə/\n\n[s]\namoníaco
ammonium	[s]\namônio
ammunition	/æmjuniʃən/\n\n[s]\n\n1. munição\n2. munição de guerra
amnesty	/æmnəstiː/\n\n[s]\n[vt]\n\n1. a. anistia\n  b. indulto geral\n2. anistiar
amnionitis	[s]\namnionite
amniotic	[adjective]\namniótico
amoeba	/əmiːbə/\n\n[s]\nameba
amok	[adjective]\n\n1. enlouquecido\n2. sem controle
among	/əmʌŋ/\n\n1. entre\n2. no meio de
amoral	[adjective]\n\n1. amoral\n2. sem moral
amoralism	[s]\namoralismo
amorality	[s]\namoralidade
amorally	[adverb]\n\n1. amoralmente\n2. de forma amoral
amorous	[adjective]\namoroso
amorously	[adverb]\namorosamente
amorphous	/əmɔːfəs/\n\n[adjective]\n\n1. amórfico\n2. amorfo
amortise	[vt]\namortizar
amortizable	[adjective]\namortizável
amortization	[s]\namortização
amortize	/əmɔːtaiz/\n\n[vt]\n\n1. amortecer\n2. amortizar
amount	/əmaunt/\n\n[s]\n\n1. número\n2. a. importância\n  b. quantia\n  c. soma
amperage	[s]\namperagem
ampere	[s]\nampère
amphetamine	/æmfetəmiːn/\n\n[s]\nanfetamina
amphibian	/æmfibiən/\n\n[adjective]\nanfíbio
amphibious	[adjective]\nanfíbio
amphitheatre	/æmfiθiətər/\n\n[s]\nanfiteatro
amphora	/æmfərə/\n\n[s]\nânfora
amphoteric	[adjective]\nanfotérico
ampicillin	[s]\nampicilina
ample	/æmpl/\n\n[adjective]\n\n1. amplo\n2. extenso
ampleness	[s]\namplitude
ampliation	[s]\nampliação
amplification	[s]\namplificação
amplify	[vt]\namplificar
amplitude	/æmplitjuːd/\n\n[s]\namplitude
amputate	/æmpjuteit/\n\n[vt]\namputar
amputation	/æmpjuteiʃən/\n\n[s]\namputação
Amsterdam	/æmstədæm/\n\n[s]\nAmsterdã
amuck	/əmʌk/\n\n[s]\nespécie de alienação com tendência à prática do homicídio
amulet	/æmjulit/\n\n[s]\n\n1. amuleto\n2. figa\n3. talismã\n4. patuá
Amur	/əmʌr/\n\nAmur
amuse	/əmjuːz/\n\n[vt]\n\n1. divertir\n2. recrear
amusement	/əmjuːzmənt/\n\n[s]\n\n1. distração\n2. divertimento\n3. recreio
amusing	/əmjuːziŋ/\n\n[adjective]\n\n1. divertido\n2. recreativo
amygdala	[s]\namígdala
amylase	[s]\namilase
amyloidosis	[s]\namiloidose
amyotrophic	[adjective]\namiotrófico
an	/æn/\n\n[art]\n\n1. um\n2. uma
anabolic	[adjective]\nanabólico
anabolism	[s]\nanabolismo
anachronic	[adjective]\nanacrônico
anachronism	/ənækrənizəm/\n\nanacronismo
anachronous	[adjective]\nanacrônico
anaconda	/ænəkɔndə/\n\n1. anaconda\n2. sucuri
anaemia	/əniːmiə/\n\nanemia
anaemic	/əniːmik/\n\nanêmico
anaerobe	[s]\nanaeróbio
anaerobic	anaeróbico
anaerobically	anaerobicamente
anaesthesia	/ænisθiːziə/\n\n1. anestesiação\n2. anestesia
anaesthesist	/əniːsθəsist/\n\nanestesista
anagram	/ænəgræm/\n\nanagrama
anal	/einl/\n\n1. anal\n2. relativo ao ânus
analgesic	analgésico
analogic	[adjective]\nanalógico
analogical	[adjective]\nanalógico
analogically	[adverb]\n\n1. analogicamente\n2. de forma analógica
analogous	/ənæləgəs/\n\nanálogo
analogue	análogo
analogy	/ənælədʒiː/\n\n1. analogia\n2. relação analógica\n3. símile
analphabet	[s]\nanalfabeto
analyse	/ænəlaiz/\n\n1. analisar\n2. decompor
analysis	/ənæləsis/\n\nanálise
analyst	/ænəlist/\n\nanalista
analytic	analítico
analytical	[adjective]\nanalítico
analytical chemist	/ænəlitiklkemist/\n\nanalista
analytically	[adverb]\n\n1. analiticamente\n2. de forma analítica
analyze	analisar
analyzed	analisado
analyzer	[s]\nanalisador
anamnesis	[s]\nanamnese
anapaest	/ænəpiːst/\n\nanapesto
anaphylactic	anafilático
anaphylaxis	anafilaxia
anaplasia	[s]\nanaplasia
anarchic	/ənɑːkik/\n\nanárquico
anarchical	/ənɑːkikl/\n\nanárquico
anarchically	[adverb]\n\n1. anarquicamente\n2. de forma anárquica
anarchism	/ænəkizəm/\n\nanarquismo
anarchist	/ænəkist/\n\n1. anarquista\n2. anárquico
anarchistic	[adjective]\nanarquista
anarchy	/ænəkiː/\n\nanarquia
Anastasia	/ənæsteiziə/\n\nAnastácia
anastomose	[vi]\n\n1. anastomosar\n2. unir por anastomose
anastomosis	[s]\nanastomose
anathema	/ənæθəmə/\n\n1. anátema\n2. excomunhão
Anatolia	/əneitouliə/\n\n1. Anatólia\n2. Ásia Menor
anatomic	anatomico
anatomical	[adjective]\nanatômico
anatomically	anatomicamente
anatomist	/ənætəmist/\n\nanatomista
anatomy	/ənætəmiː/\n\nanatomia
ancestor	ancestral
ancestral	[s]\n[adjective]\n\n1. ancestral\n2. hereditário
anchor	/æŋkər/\n\n1. a. âncora\n  b. ferro\n2. estar ancorado no ancoradouro
anchorage	/æŋkəridʒ/\n\nancoradouro
anchorless	[adjective]\n\n1. desancorado\n2. sem âncora
anchovy	/æntʃəviː/\n\n1. anchova\n2. enchova\n3. biquerão\n4. bocaréu\n5. manjuba
ancient	/einʃənt/\n\n1. antigo\n2. velho\n3. vetusto
and	/ænd/\n\ne
and so on	/ændsouwʌn/\n\n1. e assim por diante\n2. etcetera
Andalusia	/ændələziə/\n\nAndaluzia
Andalusian	/ændələziən/\n\nandaluz
Andalusian woman	/ændələziənwumən/\n\nandaluza
Andes	/ændez/\n\nAndes
Andorra	/ændɔːrə/\n\nAndorra
androgen	andrógeno
androgenesis	[s]\nandrogênese
androgenetic	[adjective]\nandrogenético
androgenic	androgênico
android	[s]\nandróide
Andromeda	/ændmdə/\n\nAndrômeda
androstenedione	androstenediona
anecdotal	/ænikdoutl/\n\nanedótico
anecdote	/ænikdout/\n\n[s]\n\n1. piada\n2. anedota\n3. historieta
anemic	[adjective]\nanêmico
anemone	/əneməniː/\n\n[s]\n\n1. anemona\n2. anêmona
anencephalic	[adjective]\nanencefálico
anencephaly	[s]\nanencefalia
aneroid	[adjective]\naneróide
anesthesia	[s]\nanestesia
anesthetic	[adjective]\nanestésico
aneuploid	[adjective]\naneuplóide
aneuploidy	[s]\naneuploidia
aneurism	[s]\naneurisma
aneurysm	[s]\naneurisma
anew	/ənjuː/\n\n1. de novo\n2. novamente\n3. outra vez
angel	/eindʒl/\n\n[s]\nanjo
angelic	/ændʒelik/\n\n[adjective]\n\n1. angelical\n2. angélico
angelica	/ændʒelikə/\n\nangélica
angelical	[adjective]\nangelical
angelically	[adverb]\n\n1. angelicalmente\n2. de forma angelical
angelus	/ændʒiləs/\n\nângelus
angina	/ændʒainə/\n\n[s]\nangina
angina pectoris	/ændʒainəpektɔris/\n\n[s]\n\n1. angina pectoris\n2. angina do peito
angiogenesis	[s]\nangiogênese
angiogenic	[adjective]\nangiogênico
angiographic	[adjective]\nangiográfico
angiography	[s]\nangiografia
angioma	[s]\nangioma
angioplasty	[s]\nangioplastia
angiosperm	[s]\nangiosperma
angle	/æŋgl/\n\n[s]\n\n1. a. ângulo\n  b. canto\n2. anglo
Anglican	/æŋglikən/\n\n[adjective]\nanglicano
anglicism	/æŋglisizəm/\n\n[s]\nanglicismo
Anglo-Saxon	anglo-saxão
Angola	/æŋgoulə/\n\n[s]\nAngola
Angora	/æŋgɔːrə/\n\n1. Ancara\n2. Angorá
Angora cat	/æŋgɔːrəkæt/\n\ngato angorá
angry	[adjective]\nzangado
anguish	/æŋgwiʃ/\n\n[s]\n\n1. aflição\n2. angústia\n3. ânsia\n4. transe
angular	[adjective]\nangular
angularity	[s]\nangularidade
angularly	[adverb]\nangularmente
angulate	[adjective]\nangulado
angulation	[s]\nangulação
anicteric	[adjective]\nanictérico
aniline	/æniliːn/\n\n[s]\nanilina
animal	/æniməl/\n\n[s]\n\n1. animal\n2. bicho
animate	/ænimət/\n\n[vt]\n\n1. animar\n2. dar ação
animater	[s]\nanimador
animation	[s]\nanimação
animosity	[s]\nanimosidade
anion	[s]\nânion
anionic	[adjective]\naniônico
anise	/ænis/\n\n[s]\n\n1. anis\n2. semente do anis
Ankara	/æŋkərə/\n\n1. Ancara\n2. Angorá
ankle	/æŋkl/\n\n[s]\n\n1. artelho\n2. maléolo\n3. tornozelo
ankylosis	[s]\nanquilose
Ann	/æn/\n\nAna
annex	/æneks/\n\n1. anexar\n2. incorporar a
annexation	/ænekseiʃən/\n\n[s]\nanexação
annihilate	[vt]\naniquilar
annihilation	[s]\naniquilação
annihilator	[s]\naniquilador
anniversary	/ænivəːsəriː/\n\n[s]\naniversário
annotate	[vt]\n\n1. fazer notas ou comentários\n2. comentar
annotation	/ænəteiʃən/\n\n[s]\n\n1. apontamento\n2. nota
announce	/ənauns/\n\n1. anunciar\n2. noticiar\n3. notificar
announcement	[s]\n\n1. anúncio\n2. aviso
announcer	/ənaunsər/\n\n[s]\nanunciante
annoy	/ænɔi/\n\n1. irritar\n2. a. afligir\n  b. magoar\n  c. molestar
annoyance	/ənɔiəns/\n\n[s]\n\n1. aborrecimento\n2. contrariedade
annoying	[adjective]\n\n1. chato\n2. irritante\n3. aborrecedor
annual	/ænjeəl/\n\n[adjective]\nanual
annually	[adverb]\nanualmente
annuity	[s]\nanuidade
annul	/ənʌl/\n\n1. anular\n2. declararsemefeito\n3. revogar
annular	[adjective]\nanular
annunciate	[s]\nanunciar
Annunciation	/ənʌnsieiʃən/\n\nAnunciação
anode	/ænoud/\n\n1. anódio\n2. ânodo
anoint	/ənɔint/\n\n1. lambuzar\n2. rebocar\n3. ungir\n4. untar
anomalous	[adjective]\nanômalo
anomalously	[adverb]\nanonimamente
anomaly	/ənɔməliː/\n\nanomalia
anonymity	/ænənimitiː/\n\nanonimato
anonymous	/ənɔniməs/\n\n1. anônimo\n2. sem nome
anonymous writer	/ənɔniməsraitər/\n\nanônimo
anonymously	[adverb]\n\n1. anonimamente\n2. de forma anônima
anorexia	anorexia
another	/ənʌðər/\n\num outro
another man	/ənʌðərmein/\n\n1. um outro homem\n2. outrem
anovular	[adjective]\n\n1. anovular\n2. sem ovo
anovulatory	[adjective]\nanovulatório
answer	/ænsər/\n\n1. a. corresponder\n  b. responder\n2. resposta
answerability	[s]\n\n1. questionabilidade\n2. refutabilidade
answerable	[adjective]\n\n1. questionável\n2. refutável
answerably	[adverb]\n\n1. questionavelmente\n2. de forma questionável\n3. refutávelmente\n4. de forma refutável
ant	/ænt/\n\nformiga
antagonism	antagonismo
antagonist	[adjective]\nantagonista
antagonistic	antagonista
antagonize	[vt]\nantagonizar
Antarctic	/æntɑːktik/\n\n1. antárctico\n2. do pólo sul
Antares	/æntɛəz/\n\nAntares
antecedent	/æntisiːdnt/\n\n1. avanço\n2. primeiro plano
antechamber	[s]\nantecâmara
antedate	/æntideit/\n\nantedatar
antediluvian	/æntidiluːviən/\n\nantediluviano
antelope	/æntiloup/\n\nantílope
antenna	/æntenə/\n\n[s]\nantena
anteriorly	anteriormente
anthem	/ænθəm/\n\nhino
anthological	[adjective]\nantológico
anthology	/ænθɔlədʒiː/\n\n1. antologia\n2. crestomatia\n3. florilégio\n4. selecta
anthracite	/ænθrəsait/\n\nantracite
anthrax	[s]\nantrax
anthropocentric	[adjective]\nantropocêntrico
anthropocentrism	[s]\nantropocentrismo
anthropologist	/ænθrəpɔlədʒist/\n\nantropólogo
anthropology	/ænθrəpɔlədʒiː/\n\nantropologia
anthropometric	[adjective]\nantropométrico
anthropometry	[s]\nantropometria
anthropomorphic	[adjective]\nantropomórfico
anthropomorphism	[s]\nantropomorfismo
anthropophagy	[s]\nantropofagia
anti-Semite	anti-semita
anti-Semitism	anti-semitismo
anti-tank gun	bazuca
antibiotic	/æntibaiɔtik/\n\nantibiótico
antibody	/æntibɔdiː/\n\nanticorpo
Antichrist	/æntikraist/\n\nAnticristo
anticipate	/æntisipeit/\n\nantecipar
anticipation	/æntisipeiʃən/\n\nantecipação
anticoagulant	[adjective]\nanticoagulante
anticoagulation	anticoagulação
anticommunism	[s]\nanticomunismo
anticompetitive	[adjective]\nanticompetitivo
antidote	/æntidout/\n\n1. antidoto\n2. contraveneno
antifungal	antifungico
antigen	antígeno
antigenic	antigênico
Antilles	/æntilz/\n\nAntilhas
Antillian	/æntiliən/\n\n1. antilhano\n2. natural das Antilhas
antimicrobial	[adjective]\nantimicrobiano
antimoniate	[adjective]\nantimoniato
antimony	/æntiməniː/\n\nantimônio
Antioch	/einʃiɔʃ/\n\nAntioquia
antioxidant	[s]\nantioxidante
antipathy	[s]\nantipatia
antipode	/æntipɔt/\n\nantípoda
antiquarian	[s]\nantiquário
antiquary	[s]\nantiquário
antique	/æntiːk/\n\n1. antigo\n2. velho\n3. vetusto
antique dealer	/æntiːkdiːlər/\n\nantiquário
antiquity	[s]\nantigüidade
antiretroviral	[s]\nantiretroviral
antiseptic	/æntiseptik/\n\n1. antisséptico\n2. anti-séptico
antithesis	/æntiθəsis/\n\n1. antagonismo\n2. antítese
antithrombin	[s]\nantitrombina
antitussive	[s]\nantitussígeno
antiviral	antiviral
Antony	/æntəniː/\n\n[s]\nAntônio
Antwerp	/æntwəːp/\n\nAntuérpia
Anubis	/ənjuːbiz/\n\nAnúbis
anus	/einəs/\n\nânus
anvil	/ænvil/\n\nbigorna
anxiety	/æŋzaiətiː/\n\nansiedade
anxious	/æŋkʃəs/\n\n1. ansioso\n2. inquieto
anxiously	ansiosamente
any	/æniː/\n\n1. qualquer\n2. a. alguém\n  b. algum\n  c. uma pessoa\n3. a. alguns\n  b. certo número de\n  c. vários\n4. a. quem quer que seja\n  b. seja lá quem for
anybody	/enibɔdiː/\n\n1. alguém\n2. algum\n3. uma pessoa
anymore	[adverb]\ndaqui para frente
anyone	1. alguém\n2. qualquer um\n3. qualquer pessoa
anything	/eniθiŋ/\n\n1. a. algo\n  b. alguma coisa\n2. qualquer coisa
anytime	[adverb]\nqualquer hora
anyway	/æniwei/\n\n[adverb]\n\n1. de qualquer jeito\n2. de qualquer modo\n3. de qualquer forma
anywhere	/æniwɛər/\n\n1. algures\n2. qualquer lugar
aorta	/eiɔːtə/\n\n[s]\naorta
aortic	[adjective]\naórtico
apache	/əpæk/\n\n1. apache\n2. bigorrilha\n3. vadio
apart	/əpɑːt/\n\n1. a. avulso\n  b. especial\n  c. isolado\n  d. particular\n  e. peculiar\n  f. reservado\n2. a. a parte\n  b. em separado
apart from	/əpɑːtfrɔm/\n\n1. excepcionalmente\n2. a. além de\n  b. com exclusão de\n  c. exceto de\n  d. fora
apartment	/əpɑːtmənt/\n\n1. apartamento\n2. aposentos
apathetic	/æpəθetik/\n\n1. apático\n2. indolente
apathy	/æpəθiː/\n\n1. apatia\n2. indolência\n3. langor
ape	/eip/\n\n1. macaco\n2. símio
Apennines	/əpenainz/\n\nApeninos
aperture	/æpətʃər/\n\n1. abertura\n2. boca\n3. bocal\n4. fenda\n5. fresta\n6. orificio\n7. vão
apex	[s]\nápice
aphasia	/əfeiziə/\n\nafasia
aphorism	/æfərizəm/\n\n1. aforismo\n2. prolóquio
aphrodisiac	/æfrədiziæk/\n\nafrodisíaco
Aphrodite	/æfrədait/\n\nAfrodite
apiary	/eipiəriː/\n\ncolmeal
apiculture	[s]\napicultura
apiculturist	[s]\napicultor
aplomb	/əplɔm/\n\n1. altivez\n2. aprumo\n3. desembaraço\n4. pose
apnea	apnéia
apneic	[adjective]\napnéico
Apocalypse	/əpɔkəlips/\n\n1. Apocalipse\n2. Revelação
apocalyptic	/əpɔkəliptik/\n\n1. apocalíptico\n2. difícil de compreender\n3. relativo ao Apocalipse
apocalyptical	[adjective]\napocalíptico
apocalyptically	[adverb]\n\n1. apocalipticamente\n2. de forma apocalíptica
apocryphal	/əpɔkrifəl/\n\n1. apócrifo\n2. falso\n3. nãoautêntico
apolipoprotein	[s]\napolipoproteína
apolitical	[adjective]\napolítico
apolitically	[adverb]\n\n1. apoliticamente\n2. de forma apolítica
Apollo	/əpoulou/\n\nApolo
apologize	[vt]\ndesculpar
apology	/əpɔlədʒiː/\n\n1. apologia\n2. a. desculpa\n  b. excusa
aponeurosis	[s]\naponeurose
apoplectic fit	/æpəplektikfit/\n\napoplexia
apoplexy	[s]\napoplexia
apoptosis	[s]\napoptose
apostate	/əpɔsteit/\n\napóstata
apostatize	/əpɔstətaiz/\n\napostatar
apostle	/əpɔsl/\n\napóstolo
apostleship	/əpɔsleʃip/\n\ndignidade e função de apóstolo
apostolate	/əpɔstəleit/\n\ndignidade e função de apóstolo
apostolic	/æpəstɔlik/\n\napostolar
apostrophe	/əpɔstrəfiː/\n\napóstrofe
apotheosis	/əpɔθiousis/\n\napoteose
appal	/əpɔːl/\n\n1. atordoar\n2. bestificar\n3. desconcertar
apparatus	/æpəreitəs/\n\n1. aparelho\n2. máquina
apparent	aparente
apparently	/əpærentliː/\n\n1. evidentemente\n2. aparentemente
apparition	[s]\naparição
appeal	/əpiːl/\n\n1. a. apelação\n  b. apelo\n2. enfileiramento periódico de soldatos para controle\n3. a. agravar\n  b. apelar\n  c. recorrer
appeal to	/əpiːltou/\n\n1. apelar\n2. chamar\n3. invocar
appear	/əpiər/\n\n1. a. aparecer\n  b. publicar-se\n  c. sair à luz\n  d. vir a lume\n2. a. representar\n  b. ter aparência de\n  c. ter aspecto de\n3. a. mostrar-se\n  b. parecer
appear to be	/əpiərtoub/\n\n1. mostrar-se\n2. parecer\n3. teraparênciade
appearance	/əpiərəns/\n\n1. a. aparicão\n  b. visão\n2. a. aparência\n  b. aspecto\n  c. semblante\n3. exterioridade
appellation	/æpəleiʃən/\n\nnome
append	anexar
appendectomy	[s]\napendicectomia
appendicitis	/əpendisaitis/\n\napendicite
appendix	/əpendiks/\n\napêndice
appetite	/æpitait/\n\n1. apetite\n2. desejo\n3. desfastio\n4. gana
appetizing	/æpitaiziŋ/\n\n1. aperitivo\n2. apetitoso
applaud	/əplɔːd/\n\n1. a. aclamar\n  b. ovacionar\n2. a. aplaudir\n  b. aprovar\n  c. bater palmas\n  d. louvar
applause	[s]\naplauso
apple	/æpl/\n\nmaçã
apple-tree	macieira
applicability	[s]\naplicabilidade
applicable	[adjective]\naplicável
applicant	pretendente
application	/æplikeiʃən/\n\n[s]\naplicação
applied	aplicado
apply	/əplai/\n\n[vt]\n\n1. aplicar\n2. por em prática
appointment	/əpɔintmənt/\n\nrendez-vous
appointment book	/əpɔintməntbuk/\n\n[s]\n\n1. agenda\n2. canhenho\n3. memento\n4. ritual
apportion	partilhar
appraisal	[s]\navaliação
appraise	/əpreiz/\n\n1. ajuizar\n2. avaliar\n3. orçar\n4. taxar
appraisement	[s]\navaliação
appreciable	[adjective]\napreciável
appreciate	/əpriːʃieit/\n\n[vt]\n\n1. a. apreciar\n  b. dar merecimento a\n2. a. estimar\n  b. gostar de\n  c. prezar
appreciated	apreciado
appreciation	[s]\napreciação
apprehension	/æprihenʃən/\n\n[s]\napreensão
apprehensive	[adjective]\napreensivo
apprentice	[s]\naprendiz
apprenticeship	[s]\naprendizado
approach	/əproutʃ/\n\n[s]\n[vi]\n\n1. enfoque\n2. a. abordagem\n  b. aproximação\n3. a. aproximar-se\n  b. dirigir-se
approachable	[adjective]\n\n1. acessível\n2. alcançável\n3. abordável
appropriate	/əprouprieit/\n\n[adjective]\n\n1. adequado\n2. apropriado\n3. conveniente
appropriately	[adverb]\n\n1. apropriadamente\n2. adequadamente
appropriation	[s]\napropriação
approvable	[adjective]\n\n1. aprovável\n2. capaz de ser aprovado\n3. que pode ser aprovado
approval	/əpruːvəl/\n\n[s]\n\n1. a. aclamação\n  b. ovação\n2. aplauso\n3. aprovação
approve	/əpruːv/\n\n[vt]\n\n1. aplaudir\n2. aprovar\n3. assentir\n4. deferir
approximate	aproximar
approximately	/əprɔksimətiːliː/\n\n[adverb]\naproximadamente
approximation	[s]\naproximação
apricot	/eiprikɔt/\n\n1. abricó\n2. abricoque\n3. abricote\n4. albricoque\n5. damasco
apricot-tree	[s]\nabricoteiro
April	/eiprəl/\n\n[s]\nabril
apron	/eiprən/\n\n[s]\navental
apsis	/æpsis/\n\n[s]\nábside
aptitude	/æptitjuːd/\n\n[s]\ntalento
aptly	[adverb]\n\n1. acertadamente\n2. apropriadamente
aquamarine	/ækwəməriːn/\n\n[s]\nágua-marinha
aquarium	/əkwɛəriəm/\n\n[s]\naquário
Aquarius	/əkwɛəriəs/\n\nÂnfora
aquatic	/əkwætik/\n\n[adjective]\n\n1. aquático\n2. aquoso
aqueduct	/ækwidʌkt/\n\n[s]\naqueduto
Aquitaine	/ækwitn/\n\nAquitânia
aquittal	/ækwitl/\n\n[s]\nabsolvição
Arab	/ærəb/\n\nárabe
arabesque	/ærəbesk/\n\narabesco
Arabia	/əreibiə/\n\n[s]\nArábia
Arabian	/əreibiən/\n\nárabe
Arabic	/ærəbik/\n\nárabe
Arachne	/ərækn/\n\nAracne
aramaic	[s]\n[adjective]\naramaico
Ararat	/ærəreit/\n\nArarat
araucaria	/ərɔːkɛəriə/\n\n[s]\n\n1. araucária\n2. pinheiro brasileiro
arbiter	/ɑːbitər/\n\n[s]\n\n1. árbitro\n2. a. arbitrariedade\n  b. arbítrio
arbitrary	/ɑːbitrəriː/\n\n[adjective]\n\n1. arbitrário\n2. discrionário
arbitration	/ɑːbitreiʃən/\n\n[s]\n\n1. arbitragem\n2. arbítrio
arbitrator	/ɑːbitreitər/\n\n[s]\n\n1. árbitro\n2. a. arbitrariedade\n  b. arbítrio
arboreal	/ɑːbɔːriəl/\n\n[adjective]\narbóreo
arbutus	/ɑːbutjuːz/\n\nmedronheiro
arbutus fruit	/ɑːbutjuːzfruːt/\n\nmedrono
arc	/ɑːk/\n\n[s]\narco
arcane	[adjective]\n\n1. oculto\n2. secreto
arch	/ɑːtʃ/\n\n[s]\n\n1. arco\n2. arcada\n3. abóbada
archaeological	[adjective]\narqueológico
archaeologically	[adverb]\n\n1. arqueologicamente\n2. de forma arqueológica
archaeologist	[s]\narqueólogo
archaeology	[s]\narqueologia
archaic	[adjective]\narcaico
archangel	/ɑːtʃeindʒl/\n\n[s]\narcanjo
archbishop	/ɑːtʃbiʃəp/\n\n[s]\narcebispo
archduke	/ɑːtʃdjuːk/\n\n1. arquiduque\n2. grão-duque
archer	[s]\narqueiro
archetype	[s]\narquétipo
archipelago	/ɑːkipeləgou/\n\n[s]\narquipélago
architect	/ɑːkitekt/\n\n[s]\narquiteto
architectonic	[adjective]\narquitetônico
architecture	[s]\narquitetura
archive	/ɑːkaiv/\n\n[s]\n\n1. arquivo compactado\n2. arquivo comprimido
Arctic	/ɑːktik/\n\n[s]\nÁrtico
Arcturis	/ɑːktʃəriz/\n\nArcturo
Ardennes	/ɑːdnz/\n\nArdenas
ardent	/ɑːdnt/\n\n[adjective]\nardente
are	/ɛər/\n\nare
area	/ɛəriə/\n\n[s]\nárea
arena	/əriːnə/\n\n[s]\n\n1. arena\n2. liça
Areopagus	/ɛəriɔpgəs/\n\nAreópago
Ares	/ɑːz/\n\nAres
Argentina	/ɑːdʒəntiːnə/\n\n[s]\nArgentina
Argentine	/ɑːdʒəntain/\n\n[adjective]\nargentino
Argentinean	/ɑːdʒəntiːniən/\n\n[adjective]\nargentino
argentum	[s]\n\n1. prata\n2. argento
argon	/ɑːgɔn/\n\n[s]\nargônio
arguable	[adjective]\ndiscutível
arguably	[adverb]\npossivelmente
argue	/ɑːgjuː/\n\n1. discutir\n2. argumentar
argument	/ɑːgjumənt/\n\n[s]\n[vt]\n\n1. argumento\n2. argumentação\n3. argumentar
argumentation	/ɑːgjumenteiʃən/\n\n[s]\nargumentação
Argus	/ɑːgəs/\n\n1. Argos\n2. Argólida\n3. Argo
aria	/ɑːriə/\n\nária
Ariadne	/ɑːraiædn/\n\nAriadne
Aries	/ɛəriːz/\n\nÁries
arise	/æraiz/\n\n1. a. estabelecer-se\n  b. produzir-se\n2. levantar-se\n3. a. nascer\n  b. vir à luz
aristocracy	/æristɔkrəsiː/\n\n[s]\naristocracia
aristocrat	/æristəkræt/\n\n[s]\naristocrata
aristocratic	/æristəkrætik/\n\n[adjective]\naristocrático
Aristotle	/æristɔtl/\n\nAristóteles
arithmetic	/əriθmətik/\n\n[s]\naritmética
arithmetical	[adjective]\naritmético
arithmetically	[adverb]\n\n1. aritmeticamente\n2. de forma aritmética
Arizona	/ærizounə/\n\n[s]\nArizona
ark	/ɑːk/\n\n[s]\narca
arm	/ɑːm/\n\n1. a. armar\n  b. prover de armas\n2. braçal\n3. braço
arm-	braçal
armadillo	/ɑːmədilou/\n\n1. armadílio\n2. tatu
armature	/ɑːmətjeər/\n\n[s]\n\n1. armadura\n2. armação
armchair	/ɑːmtʃɛər/\n\n[s]\n\n1. poltrona\n2. cadeira de braços
Armenia	/ɑːməniə/\n\nArmênia
Armenian	/ɑːmiːniən/\n\narmênio
armor	[s]\narmadura
Armorica	/ɑːmɔrikə/\n\nArmórica
armour	/ɑːmər/\n\ncouraça
armoury	/ɑːməriː/\n\n[s]\narsenal
armpit	/ɑːmpit/\n\n1. axila\n2. sovaco
army	/ɑːmiː/\n\n[s]\nexército
arnica	/ɑːnikə/\n\n[s]\narnica
aroma	/əroumə/\n\n[s]\n\n1. aroma\n2. fragrância\n3. odor
aromatic	/ærəmætik/\n\n1. aromática\n2. fragrante
around	/əraund/\n\n1. a. cerca de\n  b. por volta de\n2. a. em redor de\n  b. em torno de\n  c. em volta de
arouse	/ərauz/\n\n1. acordar\n2. despertar
arrack	/ærək/\n\naraca
arrange	/əreindʒ/\n\n1. arranjar\n2. arrumar\n3. dispor\n4. ordenar\n5. preparar
arrangement	/əreindʒmənt/\n\n1. arranjo\n2. disposição
array	[s]\n[vt]\n\n1. a. arranjo\n  b. ordem\n2. a. arrumar\n  b. ordenar
arrest	/ərest/\n\n1. prisão\n2. a. apresar\n  b. apreender\n  c. capturar\n  d. prender
arrested person	/ərestidpəːsn/\n\npreso
arrhythmia	[s]\narritmia
arrhythmic	[adjective]\narrítmico
arrival	/əraivəl/\n\n[s]\nchegada
arrive	/əraiv/\n\n1. aportar\n2. chegar
arrogance	/ærəgəns/\n\n[s]\n\n1. arrogância\n2. impertinência
arrogancy	[s]\narrogância
arrogant	/ærəgənt/\n\n1. altivo\n2. arrogante\n3. impertinente\n4. soberbo\n5. ufano
arrogantly	[adverb]\n\n1. arrogantemente\n2. de forma arrogante
arrow	/ærou/\n\n[s]\n\n1. flecha\n2. seta
arrowroot	/ærouruːt/\n\n[s]\nararuta
arse	/ɑːs/\n\nânus
arsenal	/ɑːsnəl/\n\n[s]\narsenal
arsenic	/ɑːsnik/\n\n1. arsênico\n2. arsênico-branco\n3. mata-ratos
art	/ɑːt/\n\n[s]\narte
artefact	[s]\nartefato
Artemis	/ɑːtemis/\n\nÁrtemis
arterial	[adjective]\narterial
arteriography	[s]\narteriografia
arteriole	[s]\narteríola
arteriosclerosis	/ɑːtiəriəusklərousis/\n\n[s]\narteriosclerose
arteriovenous	[adjective]\narteriovenoso
artery	/ɑːtəriː/\n\n[s]\nartéria
artesian	/ɑːtiːziən/\n\nartesiano
arthralgia	[s]\nartralgia
arthritis	/ɑːθraitis/\n\n[s]\nartrite
arthrodesis	[s]\nartrodese
arthromyalgia	[s]\nartromialgia
arthropathy	[s]\nartropatia
arthroscope	[s]\nartroscópio
arthroscopic	[adjective]\nartroscópico
arthroscopy	[s]\nartroscopia
Arthur	/ɑːθər/\n\nArtur
artichoke	/ɑːtitʃouk/\n\n1. alcachofra\n2. alcachofra hortense
article	/ɑːtikl/\n\n[s]\nartigo
articulate	/ɑːtikjuleit/\n\n[vt]\narticular
articulation	[s]\narticulação
artifact	[s]\nartefato
artificial	/ɑːtifiʃl/\n\n[adjective]\nartificial
artificial intelligence	[s]\ninteligência artificial
artificially	[adverb]\nartificialmente
artillery	/ɑːtiləriː/\n\n[s]\nartilharia
artilleryman	/ɑːtilərimən/\n\n[s]\nartilheiro
artist	/ɑːtist/\n\n[s]\nartista
artistic	/ɑːtistik/\n\n[adjective]\nartístico
arum	/ɛərəm/\n\n1. arão\n2. árum
Aryan	/ɛəriən/\n\nariano
as	/əz/\n\n1. a. como\n  b. de que modo\n  c. qual\n  d. na qualidade de\n  e. quanto\n2. a. ao longo de\n  b. conforme\n  c. de acordo de\n  d. relativamente a\n3. a. assim\n  b. daquela maneira\n  c. desta maneira\n  d. deste modo\n4. a. pois que\n  b. porque\n  c. visto que
as ... as	/əzəz/\n\nqual...tal
as a gift	/əzəgift/\n\n1. como um presente\n2. grátis
as a matter of fact	/əzəmætərɔffækt/\n\n1. de fato\n2. efetivamente
as a whole	/əzəhoul/\n\n1. em suma\n2. na sua generalidade\n3. numa palavra
as for the rest	/əzfərðrest/\n\n1. aliás\n2. além disso
as if	/əzaif/\n\n1. como que\n2. como se
as is being said	/əzizbiːiŋsed/\n\no chamado
as one pleases	/əzwʌnpliːsiz/\n\n1. a seu bel-prazer\n2. à sua vontade
as though	/əzðau/\n\n1. como que\n2. como se
as you wish	/əzjauwiʃ/\n\n1. à sua vontade\n2. à vontade
asafoetida	/əzeifuːetaidə/\n\nassa-fétida
asbestos	/æzbestɔs/\n\n[s]\nasbesto
ascend	/əsend/\n\n1. levantar-se\n2. a. altear\n  b. elevar-se\n  c. subir\n3. ascender
ascendancy	[s]\nascendência
Ascension	/əsenʃən/\n\n[s]\nAscensão
ascertain	/æsətein/\n\n1. achar\n2. constatar\n3. reconhecer\n4. verificar
ascertainable	[adjective]\n\n1. constatável\n2. verificável\n3. averiguável
ascertainment	[s]\n\n1. constatação\n2. verificação\n3. averiguação
ascorbic acid	/əskɔːbikæsid/\n\n[s]\n\n1. ácido ascórbico\n2. vitamina C\n3. ácido ascorbático
aseptic	/eiseptik/\n\nasséptico
asexual	[adjective]\nassexual
ash	/əʃou/\n\n[s]\n\n1. cinza\n2. freixo
Ash Wednesday	/əʃouwenzdei/\n\n[s]\nquarta-feira de cinzas
ashtray	/æʃtrei/\n\n[s]\ncinzeiro
Asia	/əʃiə/\n\n[s]\nÁsia
Asia Minor	/əʃiəmainər/\n\n[s]\n\n1. Ásia Menor\n2. Anatólia
Asian	/əʃiən/\n\n[adjective]\n\n1. asiático\n2. asiano
Asiatic	/eiʃiætik/\n\nasiático
aside	1. a parte\n2. a. à parte\n  b. de lado
ask	/əsk/\n\n1. a. indagar\n  b. interrogar\n  c. inquerir\n  d. perguntar\n  e. questionar\n2. pedir
ask for	/əskfər/\n\npedir
ask forgiveness	/əskfəgivnəs/\n\npor gentileza pedir desculpas de alguém
askew	torto
asleep	dormindo
asparagus	/əspærəgəs/\n\n1. aspárago\n2. aspargo\n3. espargo
aspartate	aspartato
aspect	/æspekt/\n\n[s]\n\n1. aparência\n2. aspecto\n3. semblante
aspen	/æspən/\n\n1. choupo tremedor\n2. faia preta
asphalt	/æsfælt/\n\n[s]\n[vt]\n\n1. a. asfalto\n  b. betume\n2. a. asfaltar\n  b. cobrir com asfalto
asphodel	/æsfədel/\n\n1. asfódelo\n2. gamão
asphyxia	[s]\nasfixia
aspidistra	/æspidistrə/\n\naspidistra
aspirant	pretendente
aspirate	aspirado
aspiration	/æspireiʃən/\n\n[s]\n\n1. aspiração\n2. pretensão
aspire	/əspaiər/\n\n1. aspirar\n2. desejarvivamente\n3. pretender
aspire to	/əspaiərtou/\n\n1. aspirar\n2. desejarvivamente\n3. pretender
aspirin	/æsprin/\n\n[s]\naspirina
ass	/əs/\n\n1. asno\n2. besta\n3. burro\n4. jumento
ass's	/əssz/\n\nasenino
assail	[vt]\n\n1. atacar\n2. agredir
assailant	/əseilənt/\n\n1. agressor\n2. assaltante\n3. atacante
assassin	[s]\nassassino
assassinate	[vt]\nassassinar
assassination	[s]\nassassinato
assassinator	[s]\nassassino
assault	/əsɔːlt/\n\n1. a. abordar\n  b. acometer\n  c. agredir\n  d. assaltar\n  e. atacar\n2. a. atentar\n  b. cometer um atentado\n  c. infringir\n  d. ultrajar\n  e. violar\n3. atentado\n4. correr no alcancede alguém para atacar
assaulter	[s]\nassaltante
assemblage	/əsemblidʒ/\n\nreunião
assemble	/əsembl/\n\n1. reunir-se\n2. a. montar\n  b. juntar
assembler	/əsemblər/\n\nprograma de tradução
assembly	/əsembliː/\n\n1. a. acumulação\n  b. amontoamento\n2. assembléia
assent	/əsent/\n\n1. a. dizer sim\n  b. responder que sim\n2. sim
assert	/əsəːt/\n\n1. afiançar\n2. assegurar\n3. asseverar\n4. certificar\n5. garantir\n6. sustenar
assertion	/əsəːʃən/\n\n1. afirmacão\n2. asserção\n3. garantia
asset	/æset/\n\naquisição
assets	/æsets/\n\n1. activo\n2. vozactiva
assiduity	[s]\nassiduidade
assiduous	[adjective]\nassíduo
assign	/əsain/\n\n1. a. consignar\n  b. designar\n  c. empenhar verba\n  d. intimar\n2. a. cometer\n  b. confiar
assign a number	/əsainənʌmbər/\n\nnumerar
assigned job	/əsainddʒɔb/\n\n1. carga\n2. empreitada\n3. tarefa
assignment	[s]\ntarefa
assimilate	/əsiməleit/\n\nassimilar
assimilation	/əsiməleiʃən/\n\n[s]\nassimilação
assist	/əsist/\n\n1. a. ajudar\n  b. assistir\n2. a. auxiliar\n  b. socorrer
assistance	/əsistəns/\n\n[s]\nassistência
assistant	/əsistənt/\n\n1. assistente\n2. adjunto\n3. auxiliar
associate	/əsouʃieit/\n\n1. unir-se\n2. reunir-se\n3. associar-se
associated	associado
association	/əsousieiʃən/\n\n[s]\n\n1. associação\n2. companhia\n3. grêmio\n4. parceria\n5. sociedade
associative	[adjective]\nassociativo
assortment	sortimento
assume	[vt]\nassumir
assumingness	/əsjuːmiŋnis/\n\n[s]\n\n1. arrogância\n2. impertinência
assumption	[s]\n\n1. suposição\n2. hipótese
assurance	[s]\n\n1. garantia\n2. segurança
assure	/æʃər/\n\n1. afirmar\n2. assegurar\n3. confirmar
Assyria	/əsiriə/\n\nAssíria
Assyrian	/əsiriən/\n\nassírio
astatine	/əsteitiːn/\n\nastatínio
aster	/æstər/\n\n1. áster\n2. astropólio
asterisk	/æstərisk/\n\n[s]\nasterisco
asteroid	/æstərɔid/\n\n[s]\nasteróide
asthma	/æsmə/\n\n[s]\nasma
asthmatic	/æsmætik/\n\nasmático
asthmatic patient	/æsmætikpeiʃənt/\n\n[s]\npaciente asmático
astonish	[vt]\n\n1. adorar\n2. admirar
astonishing	surpreendente
astound	[vt]\n\n1. adorar\n2. admirar
astringent	/æstrindʒənt/\n\nadstringente
astrologer	/æstrɔlədʒər/\n\n[s]\nastrólogo
astrological	[adjective]\nastrológico
astrology	/æstrɔlədʒiː/\n\n[s]\nastrologia
astronaut	/æstrənɔːt/\n\n[s]\nastronauta
astronomer	/æstrɔnəmər/\n\n[s]\nastrônomo
astronomic	/æstrənɔmik/\n\n[adjective]\nastronômico
astronomical	/æstrənɔmikl/\n\n[adjective]\nastronômico
astronomy	/æstrɔnəmiː/\n\n[s]\nastronomia
astute	/əstjuːt/\n\n[adjective]\n\n1. sagaz\n2. astuto
asylum	/əsailəm/\n\n[s]\n\n1. albergue\n2. asilo\n3. guarida
asymmetric	[adjective]\nassimétrico
asymmetrical	[adjective]\nassimétrico
asymmetry	[s]\nassimetria
asymptomatic	[adjective]\nassintomático
asymptomatically	[adverb]\nassintomaticamente
asynchronous	assíncrono
at	/eit/\n\n1. a. a\n  b. para\n2. a. ao pé de\n  b. junto a\n  c. junto de\n  d. perto de\n  e. próximo a\n3. a. ao\n  b. com\n  c. em\n4. a. a por\n  b. à razão de\n5. entre
at all	/eitl/\n\n1. quer que\n2. totalmente
at an ungodly hour	às altas horas da madrugada
at home	/eithoum/\n\nem casa
at last	/eitlɑːst/\n\n1. enfim\n2. finalmente\n3. por fim
at least	/eitliːst/\n\n1. ao menos\n2. pelo menos\n3. sequer
at most	/eitmoust/\n\nno máximo
at once	/eitwʌns/\n\n1. diretamente\n2. imediatamente\n3. sem delonga
at present	/eitprizent/\n\n1. no presente\n2. agora
at some time	/eitsʌmtaim/\n\n1. um dia\n2. uma vez\n3. outrora
at that place	/eitðætpleis/\n\n1. acolá\n2. aí\n3. além\n4. ali
at the back	/eitðbæk/\n\njunto ao dorso
at the expense of	à custa de
at the right time	/eitðraittaim/\n\n1. a propósito\n2. a tempo
at the same time	/eitðseimtaim/\n\nao mesmo tempo
at this moment	/eitðaizmoumənt/\n\nneste momento
at will	/eitwil/\n\n1. à sua vontade\n2. à vontade
Atalanta	/ætæləntə/\n\nAtalanta
atavism	/ætəvizəm/\n\natavismo
ataxia	[s]\nataxia
atelectasis	[s]\natelectasia
atelier	/æteliər/\n\n[s]\natelier
atheism	/eiθiizəm/\n\n[s]\nateísmo
atheist	/eiθiist/\n\n1. ateísta\n2. ateu
Athena	/əðnə/\n\nAtena
Athene	/əðn/\n\nAtena
Athenian	/əθiːniən/\n\nateniense
Athens	/æθinz/\n\nAtenas
atherogenesis	[s]\naterogênese
atherosclerosis	[s]\naterosclerose
athlete	/æθliːt/\n\n[s]\natleta
athletic	/æθletik/\n\natlético
athletics	/æθletiks/\n\n[s]\natletismo
Atilla	/ætilə/\n\nÁtila
Atlantean	/ætlæntiən/\n\natlante
Atlantic	/ætlæntik/\n\nOceano Atlântico
Atlantic Ocean	/ætlæntikouʃən/\n\nOceano Atlântico
atlas	/ætləs/\n\n[s]\natlas
atmosphere	/ætməsfiər/\n\n[s]\natmosfera
atmospheric	/ætməsferik/\n\natmosférico
atmospheric phenomenon	/ætməsferikfinɔminən/\n\n[s]\n\n1. fenômeno atmosférico\n2. meteoro
atoll	/ætoul/\n\natol
atom	/ætəm/\n\n[s]\nátomo
atom bomb	/ætəmbɔm/\n\n[s]\nbomba atômica
atomic	/ətɔmik/\n\n[adjective]\natômico
atomic weight	/ətɔmikweit/\n\n[s]\npeso atômico
atomically	[adverb]\n\n1. atomicamente\n2. de forma atômica
atomicity	[s]\natomicidade
atonal	/ətounl/\n\natonal
atone	[vt]\nredimir
atopic	atópico
atopy	[s]\natopia
atpersand	/ətpəːsənd/\n\n1. à zinho\n2. arroba
atrial	[adjective]\natrial
atrioventricular	[adjective]\natrioventricular
atrium	[s]\nátrio
atrocity	[s]\natrocidade
atrophic	[adjective]\natrófico
atrophy	/ætrəfiː/\n\n1. a. atrofiar\n  b. causar atrofia\n2. atrofiar-se\n3. atrofia
attach	/ətætʃ/\n\n1. amarrar\n2. prender\n3. juntar\n4. anexar
attache	1. adido\n2. adido de embaixada\n3. attaché
attachment	[s]\n\n1. acessório\n2. anexo
attack	/ətæk/\n\n1. a. abordar\n  b. acometer\n  c. agredir\n  d. assaltar\n  e. atacar\n2. a. crise\n  b. agressão\n  c. ataque
attacker	/ətækər/\n\n1. agressor\n2. atacante\n3. assaltante
attain	/ətein/\n\n1. a. adquirir\n  b. arranjar\n  c. obter\n2. a. abranger\n  b. alcançar\n  c. atingir\n  d. chegar a\n  e. tocar
attainable	[adjective]\n\n1. atingível\n2. alcançável
attempt	/ətempt/\n\n1. a. dar-se ao trabalho de\n  b. empenhar-se em\n  c. esforçar-se\n2. a. ensaiar\n  b. experimentar\n  c. provar\n3. esforço
attend	/ətend/\n\n1. a. cuidar\n  b. tratar\n  c. zelar\n2. a. fazer visita\n  b. visitar\n  c. ir ver\n  d. frequentar\n3. a. assistir\n  b. estar presente
attend a congress	/ətendəkɔŋgres/\n\nreunir-se em congresso
attendance	[s]\n\n1. comparecimento\n2. presença\n3. assistência
attendant	/ətendənt/\n\n1. aeromoço\n2. tafeiro
attention	/ətenʃən/\n\natenção
attentive	/ətentiv/\n\n1. atento\n2. atencioso
attest	/eitist/\n\n1. atestar\n2. certificar\n3. provar\n4. testemunhar
attic	/ætik/\n\n[s]\n\n1. ático\n2. sótão\n3. a. mansarda\n  b. trapeira
Attica	/ætikə/\n\n[s]\nÁtica
attitude	/ætitjuːd/\n\n[s]\n\n1. atitude\n2. postura
attitudinize	/ætitjuːdinaiz/\n\n1. afetar\n2. fingir
attorney	[s]\nadvogado
attorneyship	[s]\nadvocacia
attract	/ətrækt/\n\n1. atrair\n2. a. engodar\n  b. seduzir
attraction	[s]\natração
attractive	/ətræktiv/\n\n[adjective]\n\n1. atraente\n2. atrativo
attractiveness	[s]\natratividade
attributable	[adjective]\natribuível
attribute	/ətribjuːt/\n\n[s]\natributo
attribution	[s]\natribuição
attrition	[s]\n\n1. atrito\n2. desgaste
attune	/ətjuːn/\n\n1. acomodar\n2. adaptar\n3. ajeitar\n4. ajustar
atypical	[adjective]\natípico
aubade	/ɔːbeid/\n\n[s]\nserenata matinal
aubergine	/oubəʒiːn/\n\n[s]\nberinjela
auburn	ruivo
Auckland	[s]\nAuclanda
auction	/ɔːkʃən/\n\n[s]\n\n1. almoeda\n2. arrematação\n3. hasta\n4. leilão\n5. praça
auctioneer	/ɔːkʃəniər/\n\n[s]\nleiloeiro
audacious	/ɔːdeiʃəs/\n\n[adjective]\n\n1. audaz\n2. arriscado\n3. ousado
audaciously	[adverb]\naudaciosamente
audacity	/ɔːdæsitiː/\n\n[s]\naudácia
audible	[adjective]\naudível
audience	/ɔːdiəns/\n\n[s]\n\n1. audiência\n2. ouvintes
audio	[s]\n\n1. audio\n2. som
audio tape	/ɔːdaiəteip/\n\n[s]\nfita-cassete
audio-visual	[adjective]\naudiovisual
audit	/ɔːdit/\n\n[s]\n[vt]\n\n1. a. auditoria\n  b. inspeção\n  c. supervisão\n2. a. conferir\n  b. fiscalizar\n  c. inspecionar\n  d. supervisionar
auditor	/ɔːditər/\n\n[s]\n\n1. auditor\n2. inspetor geral
auditorium	/ɔːditɔːriəm/\n\n[s]\nauditório
auditory	/ɔːditriː/\n\n[s]\nauditório
Augeas	/ɔːgəz/\n\nAugias
augment	/ɔːgmənt/\n\n[s]\n[vt]\n\n1. aumento\n2. aumentar
augmentation	[s]\naumento
August	/ɔːgəst/\n\n[s]\nAgosto
Augustus	/ɔːgʌstəs/\n\n[s]\nAugusto
aunt	/ɑːnt/\n\n[s]\ntia
aura	/ɔːrə/\n\n[s]\naura
aural	[adjective]\nauditivo
aureole	/ɔːriəul/\n\n[s]\n\n1. auréola\n2. halo
auricle	[s]\n\n1. aurícula\n2. orelha
aurora	/ɔːrɔːrə/\n\n[s]\naurora
auscultation	[s]\nausculta
auscultatory	[adjective]\nauscultatório
auspices	/ɔːspisiz/\n\n1. auspício\n2. bom augúrio
austerity	[s]\nausteridade
Australia	/ɔstreiliə/\n\nAustrália
australian	/ɔstreiliən/\n\naustraliano
Austria	/ɔstriə/\n\nÁustria
Austrian	/ɔstriən/\n\n1. astríaco\n2. austríaco
autarky	/ɔːtɑːkiː/\n\nautarquia
authentic	/ɔːθentik/\n\n[adjective]\nautêntico
authenticate	[vt]\nautenticar
authentication	[s]\n\n1. autenticação\n2. verificação\n3. comprovação
authenticity	/ɔːθəntisitiː/\n\n[s]\nautenticidade
author	/ɔːθər/\n\n1. artífice\n2. autor\n3. escritor
authorative	/ɔːθərətiv/\n\nautorizado
authoritative source	/ɔːθɔritətivsɔːs/\n\ninstância
authority	/ɔːθɔritiː/\n\n1. autoridade\n2. competência\n3. a. chefe\n  b. estado de chefia
authorization	autorização
authorize	/ɔːθəraiz/\n\n1. autorizar\n2. habilitar
authorship	autoria
autism	/ɔːtizəm/\n\nautismo
autobiography	/ɔːtəbaiɔgrəfiː/\n\nautobiografia
autobus	/ɔːtɔbəs/\n\n1. ônibus\n2. auto-ônibus
autoconfiguration	[s]\nautoconfiguração
autoconfigure	[vi]\nautoconfigurar-se
autocracy	/ɔːtɔkrəsiː/\n\n1. autocracia\n2. autocratismo
autocrat	/ɔːtəkræt/\n\nautócrata
autocratic	/ɔːtəkrætik/\n\nautocrático
autodetect	autodetectar
autodidact	/ɔːtoudidækt/\n\nautodidata
autogenous	/ɔːtədʒənəs/\n\nque dá continuaçãoa si mesmo
autoimmune	autoimune
autoimmunity	[s]\nauto-imunidade
autoinoculation	autoinoculação
autolysis	autólise
automate	/ɔːtəmeit/\n\n1. automatizar\n2. tornar automático
automatic	/ɔːtəmætik/\n\nautomático
automatically	/ɔːtəmætikɑːliː/\n\nautomaticamente
automation	/ɔːtəmeiʃən/\n\nautomatização
automobile	[s]\n\n1. carro\n2. automóvel
automoton	/ɔːtəmoutɔn/\n\n1. autômato\n2. aparelhoautomático
autonomic	/ɔːtɔnəmik/\n\n1. autônomo\n2. independente
autonomous	/ɔːtɔnəməs/\n\n1. autônomo\n2. independente
autonomy	/ɔːtɔnəmiː/\n\nautonomia
autopsy	/ɔːtɔpsiː/\n\n1. autópsia\n2. necropsia\n3. necropse
autumn	/ɔːtəm/\n\n1. outonal\n2. outono
auxilary	/ɔːgziləriː/\n\nauxiliar
auxiliary	[s]\nauxiliar
availability	disponibilidade
available	/əveiləbl/\n\n1. disponível\n2. acessível
avalanche	/ævəlɑːnʃ/\n\navalanche
avaricious	/ævəriʃəs/\n\n1. avarento\n2. avaro
avatar	[s]\nencarnação
avenge	/əvendʒ/\n\n1. desforrar\n2. vingar\n3. vingar-se
avenge oneself	/əvendʒwʌnself/\n\n1. desforrar\n2. vingar\n3. vingar-se
Aventine	/ævəntain/\n\nAventino
avenue	/ævənjuː/\n\n1. avenida\n2. a. alameda\n  b. aléia\n  c. avenida arborizada\n  d. rua
average	/ævəridʒ/\n\n1. média\n2. média aritmética
averdue	[adjective]\n\n1. atrasado\n2. tardio
aversion	/əvəːʃən/\n\n1. aversão\n2. antipatia\n3. ojeriza\n4. quezília\n5. repugnância
aviary	/eiviəriː/\n\naviário
aviate	/eivieit/\n\n1. avionar\n2. viajar de avião
aviation	/eivieiʃən/\n\naviação
avid	[adjective]\návido
avidity	/əviditiː/\n\n1. avidez\n2. cobiça
avoid	/əvɔid/\n\n1. esquivar\n2. evadir\n3. evitar\n4. poupar\n5. presumir\n6. prevenir
avoidable	[adjective]\nevitável
avoidably	[adverb]\n\n1. evitavelmente\n2. de forma evitável
avoidance	evitação
avoided	evitado
await	/əweit/\n\n1. aguardar\n2. esperar\n3. estaràesperade
awaken	/əweikən/\n\n1. acordar\n2. despertar
award a prize	/əwɔːdəpraiz/\n\npremiar
aware	1. consciente\n2. conhecedor\n3. informado
awareness	/əwɛənəs/\n\n1. conhecimento\n2. consciência\n3. sentimento de si
away	/ɔːwei/\n\n[adjective]\n[adverb]\n\n1. a. fora\n  b. longe\n2. embora
away we go	/ɔːweigou/\n\n1. comecemos\n2. vamos
awesome	[adjective]\nimponente
awful	/ɔːfəl/\n\n1. abominável\n2. repugnante
awfully	muito
awkward	/ɔːkwəd/\n\n1. desajeitado\n2. desgracioso\n3. desastrado
awry	torto
axe	/æks/\n\nmachado
axiom	/æksiəm/\n\naxioma
axis	/æksis/\n\n1. eixo\n2. veio
axle	/æksl/\n\n1. eixo\n2. veio
axon	[s]\naxônio
axonal	[adjective]\naxonal
azalea	/əzeiliə/\n\n1. azálea\n2. azaléia
Azerbaijan	/æzəbeiaidʒein/\n\nAzerbaijão
Azerbaijani	/æzəbeiaidʒeiniː/\n\nhabitante do Azerbaijão
azimuth	/æziməθ/\n\nazimute
Azoic	/æzouik/\n\nazóico
Azoic era	/æzouikiərə/\n\nazóico
azotemia	azotemia
Baal	/bɑːl/\n\nBaal
babble	1. balbucio\n2. balbuciar
babe	[s]\nbebê
Babel	/beibl/\n\n1. Babel\n2. Babilônia
baboon	/bəbuːn/\n\n1. babuíno\n2. bugio\n3. cinocéfalo
baby	/beibiː/\n\n1. bebê\n2. criancinha
baby's bottle	/bəbaizbɔtl/\n\nmamadeira
babyhood	primeira infância
Babylon	/beibilən/\n\n1. Babel\n2. Babilônia
Babylonia	/beibilouniə/\n\nBabilônia
Bacchus	/bəkəs/\n\nBaco
bachelor	/bætʃələr/\n\n1. celibatário\n2. solteiro
bacillus	[s]\nbacilo
back	/bæk/\n\n1. a. costas\n  b. dorso\n2. anterior
back and forth	/bækændfɔːθ/\n\npara lá e para cá
back down	desistir
back of the neck	/bækɔfðnek/\n\n1. cerviz\n2. nuca
back off	desistir
backbone	coluna vertebral
backfire	1. engasgar\n2. sair pela culatra
backgammon	[s]\ngamão
background	/bækgraund/\n\nfundo
backpack	/bækpæk/\n\n1. alforje\n2. mochila
backside	/bæksaid/\n\n1. garupa\n2. traseira
backslash	[s]\n\n1. barra invertida\n2. contra barra
backup	1. reserva\n2. apoio
backward	1. para trás\n2. atrasado
backwards	/bækwədz/\n\n1. para trás\n2. às avessas\n3. de costas
backyard	[s]\nquintal
bacon	/beikən/\n\n[s]\n\n1. lardo\n2. toicinho\n3. toucinho
bacteremia	[s]\nbacteremia
bacterial	[adjective]\nbacteriano
bacteriophage	[s]\nbacteriófago
bacteriophagy	[s]\nbacteriofagia
bacteriostatic	[adjective]\nbacteriostático
bacterium	/bæktiəriəm/\n\n[s]\nbactéria
bad	/bæd/\n\n[adjective]\n\n1. a. mau\n  b. ruim\n2. a. podre\n  b. pútrido
badge	/bædʒ/\n\n[s]\ninsígnia
badly	/bædliː/\n\nmal
Baffin Bay	/bæfinbei/\n\nBaía de Bafim
bag	/bæg/\n\nsaco
bagasse	/bɑːgəs/\n\nbagaço
baggage	/bægidʒ/\n\n1. bagagem\n2. embrulho
baggy	folgado
Baghdad	/bædæd/\n\nBagdá
bah	/bɑː/\n\n1. ai\n2. bah
Bahama Islands	/bəhɑːməailəndz/\n\nBahamas
Bahamas	/bəhɑːməz/\n\nBahamas
Bahrein	/bɑːrein/\n\nBarém
Baikal	/bikɔːl/\n\nBaical
bairn	/bɛən/\n\ncriança
bait	/beit/\n\n1. engodo\n2. isca
bake	/beik/\n\n1. assar\n2. cozer\n3. fornear
baked goods	/beiktgudz/\n\n1. fornada\n2. pastelaria
bakelite	/beikəlait/\n\nbaquelite
baker	/beikər/\n\npadeiro
bakery	/beikəriː/\n\npadaria
balalaika	/bæləlaikə/\n\nbalalaica
balance	/bæləns/\n\n1. balanceiro\n2. a. balançar-se\n  b. ondular\n  c. oscilar\n3. saldo
balance sheet	/bælənsʃiːt/\n\nbalanço
balancer	equilibrista
balata	/bæleitə/\n\nbalata
balcony	/bælkəniː/\n\n1. balcão\n2. sacada
bald	/bɔːld/\n\n1. calvo\n2. careca
baldachin	/bɔːldæʃiːn/\n\n1. baldaquim\n2. dossel\n3. pálio
bale	fardo
Balearic Islands	/bəliærikailəndz/\n\nBaleares
balefire	fogueira
Bali	/bɑːliː/\n\nBali
Balkans	/bəkænz/\n\nBalcãs
ball	/bɔːl/\n\n1. baile\n2. a. bola\n  b. globo\n  c. orbe\n3. seringa\n4. esfera
ball-bearing	1. bola\n2. globo\n3. orbe
ball-frame	ábaco
ballad	/bæləd/\n\n1. balada\n2. xácara
ballade	/bælɑːd/\n\n1. balada\n2. xácara
ballast	/bæləst/\n\n1. lastro\n2. balastro\n3. estiva
ballerina	/bæləriːnə/\n\nbailarina
ballet	/bælit/\n\nbalé
ballet dancer	/bælitdɑːnsər/\n\n1. bailarina\n2. bailarino
ballet girl	/bælitgəːl/\n\nbailarina
ballistics	/bəlistiks/\n\nbalística
balloon	/bəluːn/\n\n1. aeróstato\n2. balão
ballot	/bəlɔt/\n\n1. eleição\n2. escrutínio
balloting	/bælətiŋ/\n\n1. eleição\n2. escrutínio
ballpoint pen	/bɔːlpɔintpen/\n\ncanetaesferográfica
balm	/bɑːm/\n\n1. balsâmico\n2. bálsamo
balsam	/bɔːlsəm/\n\n1. balsâmico\n2. balsâmina\n3. bálsamo
Baltic Sea	/bɔːltiksiə/\n\nMarBáltico
bamboo	/bæmbuː/\n\n1. bambu\n2. cana-brava\n3. taboca\n4. taquara
ban	/bein/\n\n1. anátema\n2. excomunhão
banality	/bənælitiː/\n\n1. a. coisabanal\n  b. trivialidade\n  c. vulgaridade\n2. banalidade
banana	/bənɑːnə/\n\nbanana
banana plant	/bənɑːnəplɑːnt/\n\nbananeira
banana-plant	bananeira
band	/bænd/\n\n1. bando\n2. cáfila\n3. facção\n4. malta\n5. quadrilha\n6. súcia
bandage	/bændidʒ/\n\n1. a. atadura\n  b. bandagem\n  c. ligadura\n  d. venda\n  e. penso\n2. a. enfaixar\n  b. enrolar\n  c. envolver\n  d. pensar
bandit	/bændit/\n\n1. bandido\n2. bandoleiro\n3. cangaceiro\n4. facínora
bandwidth	lardura da banda
Bangkok	/bæŋkɔk/\n\nBancoc
banjo	/bændʒou/\n\nbanjo
bank	/bæŋk/\n\n1. banco\n2. banco de areia
bank check	cheque
bank clerk	/bæŋkklɑːk/\n\nbanqueiro
bank manager	/bæŋkmænidʒər/\n\nbanqueiro
bank official	/bæŋkəfiʃl/\n\nbanqueiro
bank-note	1. cédula\n2. nota
banker	/bæŋkər/\n\nbanqueiro
bankrupt	/bæŋkrʌpt/\n\nfalido
bankruptcy	/bæŋkrʌpsiː/\n\n1. falência\n2. quebra
banner	/bænər/\n\n1. bandeira\n2. pavilhão
banquet	/bæŋkwi/\n\n1. comerembanquete\n2. a. ágape\n  b. banquete
banyan	/bænjən/\n\nfigueira-da-índia
baobab	/beiəbæb/\n\n1. adansônia\n2. baobá\n3. baobabe\n4. embondeiro
baptism	/bæptizəm/\n\nbatismo
baptist	/bæptist/\n\nbatista
baptistery	/bæptistəriː/\n\nbatistério
baptize	/bæptaiz/\n\nbatizar
bar	/bɑːr/\n\n1. a. barrar\n  b. interceptar\n  c. tapar\n  d. trancar\n  e. travar\n2. bária\n3. briquete\n4. bar\n5. a. atrapalhar\n  b. prejudicar
barbarian	/bɑːbɛəriən/\n\nbárbaro
barbaric	/bɑːbærik/\n\n1. bárbaro\n2. cruel\n3. desalmado
barbarism	/bɑːbərizəm/\n\nbarbarismo
barbarity	/bɑːbæritiː/\n\n1. a. actodebárbaro\n  b. barbaridade\n2. barbaria
barbarous	[adjective]\nbárbaro
barbarousness	/bɑːbərəsnəs/\n\n1. barbaria\n2. barbaridade
barbecue	[s]\n[vt]\n\n1. churrasco\n2. fazer churrasco
barbed wire	/bɑːbdwaiər/\n\naramefarpado
barbed-wire	aramefarpado
barbel	/bɑːbl/\n\nbarbo
barber	/bɑːbər/\n\n1. barbeiro\n2. cabeleireiro
barberry	/bɑːbəriː/\n\n1. bérberis\n2. uva-espim
barbershop	[s]\nbarbearia
Barcelona	/bɑːsilounə/\n\nBarcelona
barcode	/bɑːkoud/\n\ncodigodebarra
bard	/bɑːd/\n\nbardo
bare	/bɛər/\n\n1. despido\n2. nu
barefoot	[adjective]\ndescalço
barely	/bɛərəliː/\n\n1. apenas\n2. logoque\n3. mal\n4. quasenão
Barentsz Sea	/bɛərəntszsiə/\n\nMar de Barents
barf	[vt]\n\n1. vomitar\n2. regurgitar
bargain	/bɑːgin/\n\n1. pechinchar\n2. regatear
barge	/bɑːdʒ/\n\nbarcaça
baritone	/bæritoun/\n\nbarítono
barium	/bɛəriəm/\n\nbário
bark	/bɑːk/\n\n1. casca\n2. barco\n3. a. ladrar\n  b. latir\n4. crosta
barley	/bɑːliː/\n\ncevada
barn	/bɑːn/\n\n1. barraca\n2. celeiro\n3. guarita\n4. tenda
Barnabas	/bɑːnəbəz/\n\nBarnabé
baroceptor	[s]\nbaroceptor
barometer	/bərɔmitər/\n\nbarômetro
barometric	[adjective]\nbarométrico
barometry	[s]\nbarometria
baron	/bærən/\n\nbarão
baroness	/bærənes/\n\nbaronesa
barony	/bærəniː/\n\nbaronia
baroque	/bərɔk/\n\nbarroco
barotrauma	[s]\nbarotrauma
barque	/bɑːk/\n\nbarco
barrack	/bærək/\n\nbarraca
barracks	/bærəks/\n\n1. caserna\n2. quartel
barrage	barragem
barrel	/bærəl/\n\n1. a. barrica\n  b. barril\n  c. casco\n  d. pipa\n2. a. cano\n  b. canudo\n  c. tubo
barricade	/bærikeid/\n\n1. barricar\n2. barricada
barricade of trees or branches	abatis
barrier	/bæriər/\n\n1. a. barreira\n  b. obstáculo\n2. bária
barrister	/bæristər/\n\nadvogado
barrister-at-law	advogado
Bartolomew	/bɑːtəlɔmjuː/\n\nBartolomeu
barton	capoeira
bas-relief	baixo-relevo
basal	[adjective]\nbasal
basalt	/beisɔːlt/\n\nbasalto
base	/beis/\n\n1. base\n2. a. basear\n  b. dar base
baseball	/beisbɔːl/\n\nbeisebol
based	baseado
baseless	[adjective]\n\n1. sem base\n2. não embasado
baseline	[s]\nlinha de base
basement	/beismənt/\n\n1. adega\n2. despensa
basic	/beisik/\n\n[s]\n[adjective]\n\n1. linguagem de programção para iniciantes (Beginner's All-Purpose Symbolic Instruction Code)\n2. básico\n3. a. basal\n  b. basilar
basically	1. basicamente\n2. fundamentalmente
basil	/bæzl/\n\nbasílico
basilica	/bəzilikə/\n\nbasílica
basin	/beisn/\n\n1. a. bacia\n  b. lago\n2. a. alguidar\n  b. tijela
basis	base
basket	/bɑːskit/\n\n1. cesta\n2. cesto
basketball	/bɑːskitbɔːl/\n\nbasquete
basophilic	basofílico
bass	/bæs/\n\nbaixo
bass voice	/bæsvɔis/\n\nbaixo
bast	/bæst/\n\n1. entrecasca\n2. liber
bastard	/bæstəd/\n\nbastardo
bastardy	/bæstədiː/\n\n1. bastardia\n2. degeneração
bastinado	cacete
bastion	/bæstʃən/\n\n1. baluarte\n2. bastião
bat	/bɑːt/\n\nmorcego
Batavia	/beiteiviə/\n\nBatávia
Batavian	/beiteiviən/\n\nbatavo
Batavian Republic	/beiteiviənripʌblik/\n\nRepública Batávica
batch	[s]\n[adjective]\n\n1. a. lote\n  b. maço\n2. a. grupo\n  b. coleção\n3. em lote\n4. não interativo
bath	/bɑːθ/\n\n1. banheira\n2. banho
bathe	/beið/\n\n1. a. banhar\n  b. molhar\n2. banhar-se
bathing suit	/bɑːθiŋsuːt/\n\n1. fatodebanho\n2. roupadebanho
bathing-suit	1. fatodebanho\n2. roupadebanho
bathroom	/bɑːθrum/\n\n1. a. banheiro\n  b. quartodebanho\n2. saladebanho
batiste	/bætiːst/\n\n1. batista\n2. cambraia
baton	/bætən/\n\n1. bastão\n2. bengala\n3. bordão\n4. cacete\n5. pau
battalion	/bətæliən/\n\nbatalhão
battery	/bætəriː/\n\n1. acumulador\n2. bateria
battle	/bætl/\n\n1. batalha\n2. combate\n3. luta\n4. peleja\n5. pugna
battlefield	[s]\n\n1. campo de batalha\n2. campo de guerra
battlefront	/bætlfrʌnt/\n\n1. frente\n2. fronte\n3. vanguarda
battleground	[s]\ncampo de batalha
battler	[s]\n\n1. batalhador\n2. lutador
baud	/bɔːd/\n\nbaud
bauxite	/bɔːksait/\n\nbauxita
Bavaria	/beivɛəriə/\n\nBaviera
Bavarian	/beivɛəriən/\n\nbávaro
bay	/bei/\n\nbaía
bayonet	/beiənet/\n\nbaioneta
bazaar	/bəzɑːr/\n\n1. bazar\n2. feira\n3. mercado
bazooka	/bəzuːkə/\n\nbazuca
be	/b/\n\n[vt]\n\n1. ser\n2. estar\n3. existir\n4. achar-se\n5. ficar
be a guest of	/bəgestɔf/\n\nhospedar-se
be a hit	/bəhit/\n\nestar em voga
be able to	/beibltou/\n\n1. poder\n2. ter a faculdade de
be about	/bəbaut/\n\ncircular
be absent	/bæbsənt/\n\n1. estar ausente\n2. faltar
be acquainted with	/bəkweintidwið/\n\n1. conhecer\n2. saber
be adrift	/bədrift/\n\nderivar
be advised	/bədvaizd/\n\ninformar-se
be afraid of	/bəfreidɔf/\n\n1. recear\n2. temer\n3. ter medo de
be ailing	/beiliŋ/\n\nestar doente
be alive	/bəlaiv/\n\nviver
be appropriate	/bəprouprieit/\n\n1. convir\n2. ser apropriado\n3. ser conveniente
be ashamed	/bəʃeimd/\n\n1. envergonhar-se\n2. vexar-se
be asleep	/bəsliːp/\n\ndormir
be at loggerheads	/beitlɔgəhedz/\n\nbatalhar uns contra os outros
be aware of	/bəwɛərɔf/\n\n1. ser consciente de\n2. ter consciência de
be bankrupt	/bbæŋkrʌpt/\n\n1. falir\n2. fazer bancarrota\n3. quebrar
be bold	/bbould/\n\n1. ousar\n2. ter coragem de
be bored	/bbɔːd/\n\n1. aborrecer-se\n2. enfadar-se\n3. enfastiar-se
be born	/bbɔːn/\n\n1. nascer\n2. vir à luz
be burnt down	/bbəːntdaun/\n\nser inteiramente consumido pelo fogo
be closed	/bklouzd/\n\nfechar-se
be conscious of	/bkɔnʃəsɔf/\n\n1. ser consciente de\n2. ter consciência de
be delirious	/bdiliriəs/\n\n1. delirar\n2. divagar\n3. tresvariar
be dependent on	/bdipendəntwʌn/\n\ndepender de
be different	/bdifrənt/\n\n1. diferir\n2. ser diferente
be effective	/bifektiv/\n\n1. atuar\n2. agir\n3. produzir efeito\n4. ser eficaz
be encamped	/binkæmpt/\n\nacampar
be fitting	/bfitiŋ/\n\n1. convir\n2. ser decente\n3. ser próprio
be found	/bfaund/\n\n1. achar\n2. achar-se\n3. encontrar-se
be glad	/bglæd/\n\n1. alegrar-se\n2. regozijar-se
be horrified	/bhɔrifaid/\n\nsentir horror
be hungry	/bhʌŋgriː/\n\nter fome
be in	/bin/\n\nestar em voga
be in labour	/binleibər/\n\n1. dar à luz\n2. parir\n3. ter
be in opposition	/binɔpəziʃən/\n\n1. estar em oposição\n2. fazer oposição
be in the habit of	/binðhæbitɔf/\n\n1. costumar\n2. estar habitado a\n3. ter o costume de
be inclined	/binklaind/\n\nestar inclinado a
be indignant	/bindignənt/\n\n1. indignar-se\n2. sentir indignação
be interested	/bintrəstid/\n\ninteressar-se
be jealous	/bdʒeləs/\n\nter ciúmes
be lacking	/blækiŋ/\n\n1. falhar\n2. faltar\n3. escassear
be late	/bleit/\n\n1. atrasar\n2. estar atrasado
be lenient with	/bliːniəntwið/\n\n1. poupar\n2. ser indulgente para
be located	/bloukeitid/\n\n1. achar\n2. achar-se\n3. encontrar-se
be lost	/blɔst/\n\nperder-se
be married	/bmærid/\n\n1. casar-se\n2. casarem-se
be master over	/bmɑːstərouvər/\n\n1. dirigir\n2. dominar\n3. possuir\n4. reger
be missing	/bmisiŋ/\n\n1. a. estar ausente\n  b. faltar\n2. a. falhar\n  b. escassear
be near death	/bniərdeθ/\n\nagonizar
be obstinate	/bəbstineit/\n\n1. obstinar-se\n2. teimar
be on duty	/bwʌndjuːtiː/\n\n1. a. estar de plantão\n  b. estar de serviço\n  c. montar guarda\n2. estar de sentinela
be painful	/bpeinfəl/\n\n1. causar dor\n2. doer
be patient	/bpeiʃənt/\n\nter paciência
be present	/bprizent/\n\n1. assistir\n2. estar presente
be proud	/bpraud/\n\nterogulho
be proud of	/bpraudɔf/\n\nter orgulho de
be quiet	/bkwaiət/\n\ncalar-se
be situated	/bsitʃueitid/\n\nestar situado
be sorry about	/bsɔriːəbaut/\n\n1. deplorar\n2. lamentar\n3. sentir\n4. ter pena
be stubborn	/bstʌbən/\n\n1. obstinar-se\n2. teimar
be succesful	/bsʌksizfəl/\n\nprosperar
be suitable	/bsuːtəbl/\n\n1. a. convir\n  b. ser apropriado\n  c. ser conveniente\n2. a. prestar-se\n  b. servir
be thirsty	/bθəːstiː/\n\n1. estar sequioso\n2. ter sede
be tired of something	/btaiədɔfsəmiːθiŋ/\n\n1. aborrecer-se\n2. enfadar-se\n3. enfastiar-se
be vacant	/bveikənt/\n\n1. estar vago\n2. vagar
be valid	/bvælid/\n\n1. ter valor\n2. valer
be well	/bwel/\n\n1. estar bem\n2. estar com saúde
be willing to	/bwiliŋtou/\n\n1. querer\n2. ter vontade de
be worth	/bwəːθ/\n\n1. ter o valor de\n2. valer
be worthy of	/bwəːðiːɔf/\n\n1. merecer\n2. valer
beach	/biːtʃ/\n\npraia
bead	/biːd/\n\nconta
beak	/biːk/\n\nbico
beam	/biːm/\n\n1. raio\n2. a. barrote\n  b. biga\n  c. viga\n  d. trave
bean	/biːn/\n\n1. fava\n2. feijão
bear	/bɛər/\n\n[s]\n[vt]\n\n1. urso\n2. baixista\n3. a. aguentar\n  b. agüentar\n  c. suportar\n  d. tolerar\n4. a. dar a luz\n  b. parir\n5. a. padecer\n  b. sofrer
bear fruit	/bɛərfruːt/\n\n[vi]\nfrutificar
bear witness of	/bɛərwitnəsɔf/\n\n1. atestar\n2. certificar\n3. provar\n4. testemunhar
bear's-ear	arícula
bearable	[adjective]\n\n1. tolerável\n2. suportável
beard	/biəd/\n\n[s]\nbarba
bearded	/biədid/\n\n1. barbado\n2. barbudo
beardless	/biədləs/\n\n1. imberbe\n2. glabro
beast	/biːst/\n\n[s]\n\n1. a. animal selvagem\n  b. fera\n2. a. alimária\n  b. animal\n  c. besta\n  d. bicho
beast of prey	/biːstɔfpriː/\n\n[s]\n\n1. animal carnívoro\n2. besta-fera
beastly	/biːstliː/\n\nanimal
beat	/biːt/\n\n1. bater\n2. dar pancada\n3. maçar\n4. malhar
beat off	/biːtɔf/\n\n1. debater\n2. discutir
beatification	[s]\nbeatificação
beatify	[vt]\nbeatificar
beautification	[s]\nembelezamento
beautiful	/bjuːtifəl/\n\n[adjective]\n\n1. belo\n2. bonito\n3. formoso\n4. pulcro
beautiful woman	/bjuːtifəlwumən/\n\nmulher bela
beautifully	/bjuːtifuliː/\n\n[adverb]\n\n1. belamente\n2. de forma bela
beautifulness	/bjuːtifuliː/\n\n[s]\nbeleza
beautify	[vt]\n\n1. embelezar\n2. tornar belo
beauty	/bjuːtiː/\n\n1. beleza\n2. belo\n3. mulher bela
beaver	/biːvər/\n\ncastor
became	1. tornar-se\n2. virar
because	/bikɔːz/\n\n1. a. porque\n  b. por isso que\n2. a. pois que\n  b. visto que
because of	/bikɔːzɔf/\n\n1. em troca de\n2. pro causa de
becharm	[vt]\nencantar
Bechuanaland	/betʃwænəlænd/\n\nBotsuana
become	/bikʌm/\n\n1. acontecer\n2. fazer-se\n3. tornar-se
become accustomed	/bikʌməkʌstəmd/\n\n1. acostumar-se\n2. habituar-se\n3. tomaracostume
become disillusioned	/bikʌmdisiluːʒnd/\n\ndesiludir-se
becoming	/bikʌmiŋ/\n\n1. adequado\n2. apropriado\n3. conveniente
bed	/bd/\n\n1. a. canteira\n  b. leira\n  c. quadra\n2. a. cama\n  b. leito
bed-wetting	1. enurese\n2. enuresia
bedbug	/bedbʌg/\n\npercevejo
Bedouin	/beduin/\n\nbeduíno
bedrock	[s]\n\n1. tipo de rocha\n2. a. base\n  b. fundamento
bedroom	/bedruːm/\n\n1. dormitório\n2. quartodadormir
bedtime	[s]\n\n1. hora de dormir\n2. hora de ir para a cama
bee	/biː/\n\n1. abelha\n2. colméia
bee-keeping	apicultura
beech	/biːtʃ/\n\n1. fago\n2. faia
beef	/biːf/\n\ncarnedeboi
beefsteak	/biːfsteik/\n\nbifsteque
beehive	/biːhaiv/\n\n1. colméia\n2. cortiço
beekeeper	[s]\napicultor
beer	/biər/\n\ncerveja
beet	/biːt/\n\nbeterraba
beet sugar	/biːtʃugər/\n\naçúcardebeterraba
beetle	/biːtl/\n\nescaravelho
beetroot sugar	/biːtruːtʃugər/\n\naçúcardebeterraba
befit	/bifit/\n\n1. convir\n2. serdecente\n3. serpróprio
before	/bfɔːr/\n\n1. a. antes de\n  b. antes que\n2. a. diante de\n  b. em frente de\n  c. em presença de\n  d. perante
befringe	ladear
beg	/beg/\n\n1. a. pedir esmolas\n  b. mendigar\n2. a. pedir\n  b. suplicar
beget	/biget/\n\n1. gerar\n2. procriar
beggar	/begər/\n\n1. mendigo\n2. pedinte
begin	/bigin/\n\n1. começar\n2. iniciar
beginner	1. iniciante\n2. principiante
beginning	/biginiŋ/\n\n1. início\n2. princípio
begonia	/bigouniə/\n\nbegônia
begrudge	/bigrʌdʒ/\n\nter medo de gastar
beguinage	/biginidʒ/\n\nbeguinaria
beguine	/begwain/\n\nbeguina
behalf	[s]\n\n1. benefício\n2. lucro\n3. interesse\n4. vantagem
behave	/biheiv/\n\n1. agir\n2. comportar-se\n3. proceder
behavior	/biheiviər/\n\n1. comportamento\n2. conduta\n3. procedimento
behavioral	comportamental
behaviour	comportamento
behead	[vt]\ndecapitar
behemoth	[s]\n\n1. a. Beemot (animal biblíco de força bruta e que o homem não consegue domesticar)\n  b. hipopótamo\n2. monstro
behind	/biːhaind/\n\n1. a. atrás de\n  b. detrás de\n2. atrás\n3. a. após\n  b. depois de\n  c. por trás de
behind the scenes	/biːhaindðsiːnz/\n\natrás dos bastidores
behold	/bihould/\n\nobservar
beholder	[s]\n\n1. observador\n2. espectador
being	[s]\n\n1. existência\n2. a. organismo\n  b. forma de vida
bel	/bel/\n\nbel
belch	/beltʃ/\n\narrotar
Belgian	/beldʒən/\n\nbelga
Belgium	/beldʒəm/\n\nBélgica
Belgrade	/belgreid/\n\nBelgrado
belief	/biliːf/\n\n1. convicção\n2. crença
believable	acreditável
believe	/biliːv/\n\n1. acreditar\n2. crer
Belize	/biːlaiz/\n\nBelisa
bell	/bel/\n\n1. campainha\n2. sino
belladonna	/belədɔnə/\n\nbeladona
belles-lettres	1. belas-artes\n2. literatura
bellflower	/belflauər/\n\ncampânula
Bellona	/bilounə/\n\nBelona
bellows	/belouz/\n\nfole
belly	/beliː/\n\n1. abdome\n2. barriga\n3. ventre
belong	1. pertencer\n2. fazer parte
belong to	/biːlɔŋtou/\n\n1. caber a\n2. ser de\n3. tocar a\n4. pertencer
beloved	/bilʌvd/\n\n[adjective]\n\n1. amado\n2. namorado
below	/bilou/\n\n1. a. abaixo\n  b. para baixo\n2. a. abaixo de\n  b. debaixo de\n  c. por baixo de\n  d. sob
belt	/belt/\n\n1. cinta\n2. cintura
Ben	/ben/\n\nBenedito
bench	/bentʃ/\n\n1. banco\n2. a. bastidor\n  b. cavalete\n  c. mesa
bend	/bend/\n\n1. a. curvar\n  b. dobrar\n  c. torcer\n2. arquar\n3. a. arco\n  b. curva\n  c. volta
beneath	/benəːθ/\n\n1. abaixode\n2. debaixode\n3. porbaixode\n4. sob
Benedict	/benidikt/\n\nBenedito
Benedictine	/benidiktin/\n\nbeneditino
Benedictine monk	/benidiktinmʌŋk/\n\nbeneditino
beneficent	[adjective]\nbeneficente
beneficial	benéfico
benefit	/benifit/\n\n[s]\n[vi]\n\n1. a. benefício\n  b. vantagem\n2. utilidade\n3. a. beneficiar-se\n  b. ter benefícios
benefit performance	/benifitpəfɔːməns/\n\nbenefício
Benelux	/bənelʌks/\n\nBenelux
benevolence	[s]\nbenevolência
benevolent	[adjective]\nbenevolente
Bengal	/biŋgl/\n\nBengala
benign	/binain/\n\nbenigno
Benjamin	/bendʒəmin/\n\nBenjamim
bent	/bent/\n\n1. curvo\n2. sinuoso\n3. tortuoso\n4. torto
benzene	/benziːn/\n\nbenzeno
benzoate	[s]\nbenzoato
benzodiazepine	[s]\nbenzodiazepino
Beotia	/biəʃə/\n\nBeócia
bequeath	/bikwiːð/\n\n1. legar\n2. testar
bequest	[s]\nherança
berate	[vt]\n\n1. taxar\n2. censurar\n3. condenar
Berber	/bəːbər/\n\nbérbere
beret	/berei/\n\n1. barrete\n2. borla
bergamot	/bəːgəmou/\n\nbergamota
Bering Sea	/bəːriŋsiə/\n\nMardeBering
Bering Strait	/bəːriŋstreit/\n\nEstreito de Bering
berkelium	/bəːkiːlim/\n\nberquélio
Berlin	/bəːlin/\n\nBerlim
berm	[s]\n\n1. berma\n2. acostamento
Bermudas	/bəmjuːdəz/\n\nBermudas
Berne	/bəːn/\n\nBerna
berry	/beriː/\n\nbaga
beryl	/berəl/\n\n1. água-marinha\n2. berilo
beryllium	/berəliəm/\n\nberílio
beseech	/bisiːtʃ/\n\n1. implorar\n2. suplicar
beside	/bisaid/\n\n1. a. ao pé de\n  b. junto a\n  c. junto de\n  d. perto de\n  e. próximo a\n2. ao lado de
besides	/bizaidz/\n\n1. a. aliás\n  b. além disso\n2. a. além de\n  b. com exclusão de\n  c. exceto\n  d. fora
besiege	/bisiːdʒ/\n\n1. assediar\n2. cercar\n3. sitiar
Bessarabia	/bisæreibiə/\n\nBessarábia
best	[adjective]\no melhor
best-seller	bestseller
bestial	/bestiəl/\n\nanimal
bestow	conceder
bet	/bet/\n\n1. apostar\n2. aposta
beta	/biːtə/\n\nbeta
Bethlehem	/beθliːhiːm/\n\nBelém
betony	/betəniː/\n\nbetônica
betray	/bitrei/\n\n1. atraiçoar\n2. trair
betrayal	/bitreiəl/\n\ntraição
betrayer	[s]\ntraidor
better	melhor
between	/bitwiːn/\n\n1. entre\n2. nomeio de
beverage	/bevəridʒ/\n\nbebida
bevy	/beviː/\n\n1. a. colecção\n  b. grupo\n  c. reunião\n2. a. bando\n  b. cáfila\n  c. facção\n  d. malta\n  e. quadrilha\n  f. súcia
beware	1. cuidado\n2. a. ter cuidado\n  b. precaver-se
bewitch	/biwitʃ/\n\nenfeitiçar
beyond	/beiənd/\n\n1. a. depois\n  b. em seguida\n  c. logo\n2. a. além\n  b. ao lado de\n  c. por diante de\n3. a. além de\n  b. através de\n  c. do outro lado de\n  d. para lá de
Beyrouth	/bɛərauθ/\n\nBeirute
Bhutan	/buːtɑːn/\n\n1. Butã\n2. Butão
bias	[s]\n[adjective]\n[vt]\n\n1. a. preconceito\n  b. inclinação\n2. preconceituoso\n3. ter preconceito de
biased	/baiəst/\n\n1. parcial\n2. tendencioso
bibiliography	bibliografia
bible	/baibl/\n\n[s]\nbíblia
biblical	[adjective]\nbiblico
biblically	[adjective]\nde acordo com a Bíblia
bibliographic	[adjective]\nbibliográfico
bibliographical	[adjective]\nbibliográfico
bibliography	/bibliɔgrəfiː/\n\nbibliografia
bicarbonate	[s]\nbicarbonato
bicentenary	[s]\n[adjective]\nbicentenário
biceps	[s]\nbíceps
bicipital	[adjective]\nbicipital
bicolor	[adjective]\nbicolor
biconcave	[adjective]\nbicôncavo
biconcavity	[s]\nbiconcavidade
biconditional	[adjective]\nbicondicional
biconvex	[adjective]\nbiconvexo
biconvexity	[s]\nbiconvexidade
bicuit	/biːkit/\n\ntorrada
bicultural	[adjective]\nbicultural
bicuspid	bicúspide
bicycle	/baisikl/\n\n1. a. bicicleta\n  b. biciclo\n2. ciclo
bid	/baid/\n\n1. oferecer\n2. pedir
bidirectional	bidirecional
biennial	[s]\n[adjective]\nbienal
biennially	[adverb]\n\n1. bienalmente\n2. a cada dois anos
biennium	[s]\nbiênio
bifocal	[adjective]\nbifocal
bifurcate	[adjective]\n[vi]\n\n1. bifurcado\n2. bifurcar
bifurcation	[s]\nbifurcação
big	/big/\n\n1. grande\n2. magno\n3. maiúsculo
big shot	[s]\n\n1. mandachuva\n2. chefão\n3. figurão
bigamy	[s]\nbigamia
bigeminal	[adjective]\nbigeminal
Bigfoot	[s]\nPé Grande
bigger	maior
biggest	o maior
bigshot	[s]\n\n1. figurão\n2. mandachuva
bike	/baik/\n\n1. a. bicicleta\n  b. biciclo\n2. ciclo
bikini	/bikiːniː/\n\nbiquíni
bilabial	[adjective]\nbilabial
bilateral	[adjective]\n\n1. bilateral\n2. dos dois lados
bilaterally	[adverb]\n\n1. bilateralmente\n2. dos dois lados
bile	/bail/\n\n1. bile\n2. bílis
biliary	biliar
bilingual	[adjective]\nbilíngue
bilirubin	[s]\nbilirrubina
bilk	/bilk/\n\n1. charlatanear\n2. fazer charlatanismo
bill	/bil/\n\n1. bico\n2. a. bilhete\n  b. cupom\n  c. ficha\n  d. passagem\n3. a. factura\n  b. nota\n4. a. cálculo\n  b. conta
bill of exchange	/bilɔfikstʃeindʒ/\n\nletra de câmbio
billiards	/biliədz/\n\nbilhar
billion	bilhão
billionaire	[adjective]\nbilionário
billow	/bilou/\n\nvagalhão
bimanual	[adjective]\nbimanual
bimanually	[adverb]\nbimanualmente
bimensal	[adjective]\nbimensal
bimester	[s]\nbimestre
bimetal	[adjective]\nbimetal
bimetallic	[adjective]\nbimetálico
bimodal	[adjective]\nbimodal
bimolecular	[adjective]\nbimolecular
bimonthly	[adjective]\nbimensal
binary	/bainəriː/\n\nbinário
bind	/baind/\n\n1. encadernar\n2. a. amarrar\n  b. atar\n  c. ligar
binding	/baindiŋ/\n\n1. a. coirela\n  b. faixa\n  c. fita\n  d. listrão\n2. encadernação
binocle	[s]\nbinóculo
binocular	/binɔkjulər/\n\nluneta
binoculars	/binɔkjuləz/\n\n1. binóculo\n2. luneta
binucleate	[adjective]\nbinucleado
bioactive	[adjective]\nbioativo
bioactivity	[s]\nbioatividade
bioavailability	biodisponibilidade
bioavailable	[s]\nbiodisponibilidade
biochemical	bioquímico
biochemically	[adverb]\nbioquimicamente
biochemistry	[s]\nbioquímica
biocompatibility	[s]\nbiocompatibilidade
biocompatible	[adjective]\nbiocompatível
biodegradable	[adjective]\nbiodegradável
biodegradation	[s]\nbiodegradação
biodegrade	[vt]\nbiodegradar
biodiversity	[s]\nbiodiversidade
biodynamic	[adjective]\nbiodinâmico
bioelectric	[adjective]\nbioelétrico
bioelectrical	[adjective]\nbioelétrico
bioelectricity	[s]\nbioeletricidade
bioenergetic	[adjective]\nbioenergético
bioengineer	[s]\nbioengenheiro
bioethic	bioética
bioethical	[adjective]\nbioético
biogenesis	[s]\nbiogênese
biogenetic	[adjective]\nbiogenético
biogenetically	[adverb]\nbiogeneticamente
biogenic	[adjective]\nbiogênico
biogeochemical	[adjective]\nbiogeoquímico
biogeochemistry	[s]\nbiogeoquímica
biogeographic	[adjective]\nbiogeográfico
biogeographical	[adjective]\nbiogeográfico
biogeography	[s]\nbiogeografia
biographer	/baiɔgrəfər/\n\n1. biografista\n2. biógrafo
biographic	[adjective]\nbiográfico
biographical	[adjective]\nbiográfico
biographically	[adverb]\nbiograficamente
biography	[s]\nbiografia
biologic	biológico
biological	[adjective]\nbiológico
biologically	biologicamente
biologist	/baiɔlədʒist/\n\nbiólogo
biology	biologia
biomarker	[s]\nbiomarcador
biomass	[s]\nbiomassa
biome	[s]\nbioma
biomechanical	[adjective]\nbiomecânico
biomechanically	[adverb]\nbiomecanicamente
biomedical	biomédico
biomedicine	[s]\nbiomedicina
biometric	[adjective]\nbiométrico
biometrical	[adjective]\nbiométrico
biometry	[s]\nbiometria
biomolecular	[adjective]\nbiomolecular
biomolecule	[s]\nbiomolécula
bionic	[adjective]\nbiônico
biophysical	biofísico
biopsy	biópsia
bioreactor	[s]\nbiorreator
biorhythm	[s]\nbiorrítmo
biorhythmic	[adjective]\nbiorrítmico
biosafety	[s]\nbiossegurança
biosensor	[s]\nbiossensor
biosphere	/baiɔsfiər/\n\nbiosfera
biosynthesis	[s]\nbiossíntese
biosynthetic	[adjective]\nbiossintético
biotechnology	[s]\nbiotecnologia
bioterrorism	[s]\nbioterrorismo
biotoxin	[s]\nbiotoxina
biotransformation	[s]\nbiotransformação
biotype	[s]\nbiotipo
biphasic	bifásico
biplane	[s]\nbiplano
bipolar	bipolar
bipolarity	[s]\nbipolaridade
bipolarization	[s]\nbipolarização
bipolarize	[vt]\nbipolarizar
biquadratic	[adjective]\nbiquadrático
biracial	[adjective]\nbirracial
birch	/bəːtʃ/\n\n[s]\n\n1. bétel\n2. vidoeiro
bird	/bəːd/\n\n[s]\n\n1. ave\n2. pássaro
birdcage	[s]\ngaiola
birdseed	[s]\ncomida de passarinho
birefringence	[s]\nbirrefringência
birefringent	[adjective]\nbirrefringente
birth	/bəːθ/\n\n[s]\nnascimento
birthdate	[s]\ndata de nascimento
birthday	/bəːθdei/\n\n[s]\naniversário
birthplace	[s]\nterra natal
birthrate	[s]\ntaxa de natalidade
Biscay	/baiskiː/\n\nBiscaia
biscuit	/biskit/\n\n[s]\nbiscoito
bisexual	[adjective]\nbissexual
bisexuality	[s]\nbissexualidade
bisexually	[adverb]\n\n1. bissexualmente\n2. de forma bissexual
bishop	/biʃəp/\n\nbispo
bismuth	/bizməθ/\n\nbismuto
bison	/baisn/\n\n1. bisão\n2. bisonte
Bissau	/bais/\n\nBissau
bisulfate	[s]\nbissulfato
bisulfite	[s]\nbissulfito
bit	/bit/\n\n1. abita\n2. a. bocado\n  b. pedaço\n  c. naco
bit-player	1. comparsa\n2. figurante
bitch	[s]\n[vt]\n\n1. a. cadela\n  b. puta\n2. dizer coisas xulas
bitchy	/bitʃiː/\n\n1. cruel\n2. megera\n3. perversa
bite	/bait/\n\n1. mordida\n2. a. morder\n  b. dar dentadas\n  c. rilhar
bitrate	[s]\ntaxa de bits
bitter	/bitər/\n\n1. amargo\n2. amargoso\n3. amaro
bitterness	/bitənəs/\n\n1. amargor\n2. amargura
bittersweet	/bitəswiːt/\n\nagridoce
bivalent	[adjective]\nbivalente
biweekly	[adverb]\nbissemanalmente
biyearly	[adverb]\nbianualmente
bizarre	/bizɑːr/\n\n1. barroco\n2. bizarro\n3. excêntrico\n4. esquisito
black	/blæk/\n\n1. negro\n2. preto
black box	[s]\ncaixa-preta
Black Sea	/blæksiə/\n\nMarNegro
blackberry	[s]\namora
blackbird	/blækbəːd/\n\n1. melro\n2. toutinegra
blacklist	[s]\n[vt]\n\n1. lista negra\n2. colocar na lista negra
blackmail	[s]\n[vt]\n\n1. chantagem\n2. chantagear
blackmailer	[s]\nchantagista
blackness	[s]\nescuridão
blacksmith	[s]\nferreiro
bladder	/blædər/\n\nbexiga
blade	/bleid/\n\npá
blame	/bleim/\n\n1. a. culpa\n  b. delito\n  c. falta\n2. a. acusar\n  b. culpar\n  c. censurar\n  d. incriminar\n  e. repreender
blameless	[adjective]\n\n1. sem culpa\n2. inocente
blameworthy	/bleimwəːðiː/\n\nreprovável
blanch	/blɑːntʃ/\n\n1. alvejar\n2. branquear\n3. corar\n4. embranquecer
bland	1. suave\n2. brando
blank	/blæŋk/\n\n1. branco\n2. formulário
blank cheque	/blæŋktʃek/\n\n1. assinaturaembranco\n2. cartabranca
blanket	/blæŋkit/\n\n1. coberta\n2. cobertor\n3. colcha
blaspheme	/blæsfiːm/\n\n1. blasfemar\n2. maldizer\n3. praguejar
blasphemer	/blæsfiːmər/\n\nblasfemo
blasphemy	/blæsfəmiː/\n\nblasfêmia
blaze	fogueira
bleak	/bleik/\n\n1. a. desagradável\n  b. enjoado\n2. a. sombrio\n  b. triste\n3. frio\n4. melancólico\n5. escalvado
bleed	/bliːd/\n\nsangrar
bleeding	sangramento
blend	/blend/\n\n1. baralhar\n2. mesclar\n3. mexer\n4. misturar
bless	/bles/\n\n1. abençoar\n2. bendizer\n3. benzer
blessing	/blesiŋ/\n\nbenção
blind	/blaind/\n\ncego
blindly	1. cegamente\n2. às cegas
blindness	/blaindnəs/\n\ncegueira
blindworm	/blaindm/\n\n1. ânguis\n2. cobra-de-vidro
blink	/bliŋk/\n\n1. pestanejar\n2. piscar
bliss	[s]\nfelicidade
blissfully	[adjective]\n[adverb]\n\n1. que causa felicidade\n2. de maneira feliz
blister	/blistər/\n\n1. bolha\n2. vesícula
bloat	[s]\n[vt]\n\n1. inchaço\n2. inchar\n3. edemaciar
bloated	[adjective]\ninchado
block	/blɔk/\n\n[s]\n[vt]\n\n1. a. bloco\n  b. massa\n  c. peça\n2. a. cepo\n  b. talho\n3. quadra\n4. a. bloquear\n  b. cercar com blocos\n5. a. arrolhar\n  b. tampar\n  c. tapar
blockade	/blɔkeid/\n\n[s]\n[vt]\n\n1. bloqueio\n2. a. bloquear\n  b. cercar com blocos
blockader	[s]\nbloqueador
blockage	[s]\nbloqueio
blocker	[s]\nbloqueador
blond	/blɔnd/\n\n[s]\n\n1. flavo\n2. loiro\n3. louro
blood	/blʌd/\n\n[s]\nsangue
blood-brain barrier	[s]\nbarreira hemato-encefálica
blood-relationship	parentesco
bloodstream	[s]\ncorrente sangüinea
bloody	/blʌdiː/\n\n[adjective]\nsangüíneo
bloom	/bluːm/\n\n[s]\nflor
blot	/blɔt/\n\n[s]\n\n1. mácula\n2. mancha\n3. nódoa
blotch	[s]\n[vt]\n\n1. mancha\n2. manchar
blotter	/blɔtər/\n\n1. mata-borrão\n2. papelmata-borrão
blotting paper	/blɔtiŋpeipər/\n\n1. mata-borrão\n2. papelmata-borrão
blouse	/bləs/\n\nblusa
blow	/blou/\n\n1. a. golpe\n  b. pancada\n2. excitarsoprando\n3. soprar
blow up	/blouʌp/\n\ncausarexplosão
blowjob	[s]\n\n1. felação\n2. sexo oral
bludgeon	cacete
blue	/bluː/\n\n[s]\n[adjective]\n[vt]\n\n1. azul\n2. a. azulado\n  b. da cor azul\n3. a. melancólico\n  b. triste\n4. a. azular\n  b. tornar azul
Blue Nile	/bluːnail/\n\nNiloAzul
Bluebeard	/bluːiːbəːd/\n\nBarbaAzul
blunt	/blʌnt/\n\n1. a. cego\n  b. embotado\n  c. obtuso\n2. contuso\n3. a. adoçar\n  b. aliviar\n  c. amortecer\n  d. embotar\n  e. mitigar\n4. desafiado
blur	[s]\n[vt]\n\n1. borrado\n2. borrar\n3. desfocar
blurred	borrado
blurry	borrado
blush	/blʌʃ/\n\ncorar
blushing	/blʌʃiŋ/\n\n1. rubro\n2. vermelho
boa	/bouə/\n\n1. a. boa\n  b. jibóia\n2. boá
board	/bɔːd/\n\n1. placa\n2. prancha\n3. tábua
board of directors	/bɔːdɔfdirektəz/\n\ndiretoria
boarding house	/bɔːdiŋhaus/\n\npensão
boarding school	/bɔːdiŋsʃuːl/\n\npensão
boast	/boust/\n\n[s]\n[vt]\n[vi]\n\n1. ostentamento\n2. ostentar\n3. a. contar vantagem\n  b. gabar-se\n4. fanfarrear
boat	/bout/\n\n1. barco\n2. batel\n3. bote\n4. canoa\n5. escaler
bobbin	/bɔbin/\n\n1. bobina\n2. carretel\n3. carrinho
body	/boudiː/\n\ncorpo
Boer	/bouər/\n\nbôer
bogus	1. falso\n2. fingido\n3. farsante
Bohemia	/bouhiːmiə/\n\nBoêmia
Bohemian	/bouhiːmiən/\n\nboêmio
boil	/bɔil/\n\n1. a. estaremembulição\n  b. ferver\n2. aferventar\n3. fazerdecocçãode
boiler	/bɔilər/\n\n1. caldeira\n2. caldeirão
bold	/bould/\n\n1. a. audaz\n  b. arriscado\n  c. ousado\n2. a. encorpado\n  b. espesso\n  c. grosso\n  d. volumoso
boldness	/bouldnəs/\n\n1. atrevimento\n2. audácia
Bolivia	/bəliviə/\n\nBolívia
Bolshevik	/bɔlʃəvik/\n\nbolchevista
bolt	/boult/\n\n1. aferrolhar\n2. a. ferrolho\n  b. tranca
bomb	/bɔm/\n\nbomba
bombard	/bɔmbɑːd/\n\nbombardear
bombastic	[adjective]\nbombástico
Bombay	/bɔmbei/\n\nBombaim
bon-bon	bombom
bonbon	/bɔnbɔn/\n\nbombom
bond	/bɔnd/\n\n1. a. laço\n  b. liga\n  c. ligamento\n  d. vínculo\n2. a. algemas\n  b. cativeiro\n3. a. bônus\n  b. contrato\n  c. carta de fiança\n4. a. hipotecar\n  b. obter fiança
bondage	1. escravidão\n2. a. dependência\n  b. sujeição\n3. cativeiro
bondsman	fiador
bone	/boun/\n\nosso
bone marrow	[s]\nmedula óssea
bonfire	fogueira
bonnet	/bɔnit/\n\n1. capô\n2. capote
bonus	/bounəs/\n\nbonificação
bony	ósseo
book	/buk/\n\n1. livro\n2. a. encomendar\n  b. pedir\n  c. reservar
book collection	/bukkəlekʃən/\n\nconjuto de livros
book-keeper	guarda-livros
book-keeping	escrituração
bookcase	/bukkeis/\n\nestante de livros
bookish	[adjective]\n\n1. estudioso\n2. que gosta de ler\n3. que gosta de estudar
bookkeeper	[s]\ncontador
booklet	/buklit/\n\nopúsculo
bookmark	marcador de livro
bookmarklet	[s]\n\n1. pequeno programa escrito em JavaScript armazenado nos Favoritos ou Marcadores dos navegadores para executar pequenas tarefas\n2. como pesquisar uma palavra selecionada em um mecanismo de busca
bookseller	/bukselər/\n\nlivreiro
bookshop	/bukʃɔp/\n\nlivraria
bookstore	/bukstɔːr/\n\nlivraria
boon	/buːn/\n\nbenção
boor	/beər/\n\nindivíduo impertinente
boost	[s]\n[vt]\n\n1. estímulo\n2. estimular
booster	[s]\n\n1. amplificador\n2. estimulador\n3. reforço
boot	/buːt/\n\nbota
booth	[s]\n\n1. quiosque\n2. estande\n3. cabine
booty	/buːtiː/\n\n1. pilhagem\n2. presa\n3. rapina
booze	/buːz/\n\nbebida alcoólica
boozer	/buːzər/\n\nbêbado
borax	/bɔːræks/\n\nbórax
Bordeaux	/bɔːdouz/\n\nBordéus
border	/bɔːdər/\n\n1. a. fronteira\n  b. limite\n2. borda
borderline	[s]\n[adjective]\n\n1. a. limite\n  b. borda\n  c. margem\n2. marginal
bore	/bɔːr/\n\n1. a. abrir buraco\n  b. brocar\n  c. furar\n  d. perfurar\n2. broca\n3. causar aborrecimento\n4. a. aborrecer\n  b. enfadar\n  c. entediar
boredom	tédio
boring	/bɔːriŋ/\n\n1. a. aborrecido\n  b. enfadonho\n2. a. aborrecedor\n  b. fastidioso
born	nascido
Borneo	/bɔːnə/\n\nBornéu
boron	/bɔːrɔn/\n\nboro
borrow	/bɔrou/\n\n1. emprestar\n2. tomar por empréstimo
borscht	/bɔːskt/\n\nsoparussadebeterraba
borstch	/bɔːstʃ/\n\nsoparussadebeterraba
Bosnia-Hercegovina	Bósnia-Erzegóvina
bosom	/buzəm/\n\n1. colo\n2. peito\n3. seio\n4. tórax
Bosporus	/bɔspɔːrəs/\n\nBósforo
boss	/bɔs/\n\n1. a. chefe\n  b. diretor\n2. a. amo\n  b. dono\n  c. patrão\n  d. senhor\n3. principal
bossa nova	/bɔsənouvə/\n\nbossanova
Boston	Bóston
botanic	[adjective]\nbotânico
botanical	[adjective]\nbotânico
botanically	[adverb]\nbotanicamente
botanist	[s]\nbotânico
botany	/bɔtəniː/\n\nbotânica
botch	/bɔtʃ/\n\n1. borrar\n2. fazeràspressas\n3. trabalharmal
both	/bɔθ/\n\n1. ambos\n2. as duas\n3. os dois\n4. um e outro\n5. uma e outra
both ... and	/bɔθænd/\n\ntanto...como
bother	/bɔðər/\n\n[s]\n[vt]\n\n1. a. importuno\n  b. incômodo\n  c. moléstia\n  d. aborrecimento\n2. a. importunar\n  b. incomodar\n  c. molestar\n  d. aborrecer
Botswana	/bɔtswɑːnə/\n\nBotsuana
bottle	/bɔtl/\n\n1. a. botelha\n  b. garrafa\n2. engarrafar
bottleneck	[s]\n[vt]\n[vi]\n\n1. a. estreito\n  b. constricção\n  c. obstrução\n2. obstruir\n3. se tornar estreito
bottom	/bɔtəm/\n\n[s]\n[adjective]\n\n1. sopé\n2. fundo\n3. a. traseiro\n  b. bunda\n4. a. inferior\n  b. mais baixo\n5. último
botulinal	[adjective]\nbotulínico
botulism	[s]\nbotulismo
bough	/bau/\n\n1. galho\n2. ramo
bouillon	/buːjɔn/\n\n1. caldo\n2. olha
boulder	/bouldər/\n\n1. rocha\n2. rochedo
boulevard	/buːləvɑːd/\n\nbulevar
bounce	1. salto\n2. fazer saltar\n3. a. saltar\n  b. quicar
bound	ligado
boundary	/baundriː/\n\n1. confins\n2. fronteira\n3. limite\n4. raia
bountiful	[adjective]\n\n1. generoso\n2. abundante
bountifully	[adverb]\n\n1. generosamente\n2. abundantemente
bounty	[s]\n\n1. generosidade\n2. abundância\n3. recompensa
bouquet	/bukei/\n\n1. ramalhete\n2. ramo
Bourdeaux	/bɔːdouz/\n\nBordéus
bourgeois	/beəʒwɑː/\n\nburguês
boutique	/buːtiːk/\n\n1. armazém\n2. loja
bovine	/bouvain/\n\n1. animalbovino\n2. boi
bovine animal	/bouvainæniməl/\n\n1. animalbovino\n2. boi
bow	/bou/\n\n1. arco\n2. proa\n3. reverenciar\n4. a. mesura\n  b. reverência
bowel	[s]\nintestino
bowl	/boul/\n\n1. alguidar\n2. bacia\n3. tijela
box	/bɔks/\n\n1. a. bater-seasocos\n  b. jogarboxe\n  c. boxear\n2. a. arca\n  b. baú\n  c. caixa\n  d. mala\n3. a. continente\n  b. jarro\n  c. vasilha\n  d. vaso
box-tree	buxo
boxer	/bɔksər/\n\n1. boxeador\n2. pugilista
boxing	/bɔksiŋ/\n\nboxe
boy	/bɔi/\n\n1. a. menino\n  b. rapaz\n2. a. criado\n  b. servente\n  c. servidor
boy scout	/bɔiskaut/\n\nescoteiro
boyfriend	namorado
boyscout	/bɔiiskaut/\n\nescoteiro
bra	/brə/\n\n1. porta-seios\n2. sutiã
Brabant	/bræbənt/\n\nBrabante
brace	/breis/\n\n1. a. armação\n  b. armadura\n2. a. grampo\n  b. parêntese
bracelet	/breislit/\n\n1. a. bracelete\n  b. pulseira\n2. abraço
braces	/breisiz/\n\n1. alças\n2. suspensórios
brachial	braquial
bracket	/brækit/\n\n1. grampo\n2. parêntese
bradycardia	[s]\nbradicardia
bradykinin	bradicinina
brag	/bræg/\n\nfanfarrear
braid	/breid/\n\n1. trançar\n2. entrançar
braille	/breil/\n\n[s]\nsistema Braille
brain	/brein/\n\n[s]\n[vt]\n\n1. cérebro\n2. gênio\n3. inteligência\n4. imaginação\n5. a. entender\n  b. compreender\n6. atirar na cabeça\n7. a. destruir\n  b. acabar
brain stem	[s]\ntronco cerebral
brain-fever	[s]\n\n1. inflamação do cérebro\n2. meningite
brainless	insensato
brainy	esperto
brake	/breik/\n\n[s]\n[vt]\n\n1. a. freio\n  b. travão\n2. a. frear\n  b. travar
brakedown	/breikidaun/\n\npane
Bramaputra	/bræməpjuːtrə/\n\nBramaputra
branch	/brɑːntʃ/\n\n1. a. galho\n  b. ramo\n2. desgalhar\n3. a. compartimento\n  b. especialidade\n  c. secção\n4. a. filial\n  b. sucursal
brandish	/brændiʃ/\n\n1. agitar\n2. bater\n3. mexer\n4. vibrar
brandy	/brændiː/\n\n1. a. aguardente\n  b. cachaça\n  c. parati\n  d. pinga\n2. conhaque
brass	/brɑːs/\n\n1. latão\n2. quím
brat	/bræt/\n\n1. gaiato\n2. galopim
brave	/breiv/\n\n1. a. animoso\n  b. bravo\n  c. corajoso\n  d. honesto\n  e. leal\n  f. valente\n  g. valoroso\n2. a. afoito\n  b. arrojado
braver	[adjective]\n\n1. bravo\n2. corajoso\n3. valente
bray	/brei/\n\nzurrar
Brazil	/brəzil/\n\nBrasil
Brazilian	/brəziliən/\n\nbrasileiro
breach	/briːtʃ/\n\n1. fazermossas\n2. romper\n3. a. brecha\n  b. fenda
bread	/bred/\n\npão
breadth	[s]\nlargura
break	/breik/\n\n1. quebra\n2. a. pausa\n  b. suspensão\n3. a. partir\n  b. quebrar\n  c. rasgar\n  d. romper\n4. partir-se
break down	/breikdaun/\n\n1. alterar-se\n2. danificar-se\n3. deteriorar-se\n4. estragar-se
break down upon	/breikdaunəpɔn/\n\n1. dirigir-sea\n2. encaminhar-se para
break up	/breikʌp/\n\n1. apartar-se\n2. separar-se
break-down	enguiçar
breakable	/breikəbl/\n\n1. frágil\n2. quebradiço
breakage	[s]\nquebra
breakfast	/brekfəst/\n\n1. café-da-manhã\n2. pequeno almoço\n3. primeiro almoço
bream	/briːm/\n\n1. brema\n2. brema-do-mar\n3. goraz\n4. sargo
breast	/brest/\n\n1. a. colo\n  b. peito\n  c. seio\n  d. tórax\n2. a. mama\n  b. teta
breastfeed	[vt]\n\n1. amamentar\n2. alimentar um bebê com o leite produzido pelas próprias glândulas mamárias
breastfeeding	[s]\namamentação
breath	/breθ/\n\n1. sopro\n2. suspiro
breathe	/briːð/\n\n1. espirar\n2. respirar
breathless	[adjective]\n\n1. sem fôlego\n2. de tirar o fôlego
breech	[s]\n[adjective]\n\n1. nádegas\n2. pélvico
breed	/briːd/\n\n1. a. criar\n  b. cultivar\n  c. melhorar\n2. educar\n3. a. casta\n  b. estirpe\n  c. raça
breeze	/briːz/\n\n1. aragem\n2. brisa\n3. vento brando
Bretagne	/britæn/\n\nBretanha
Breton	/briːtən/\n\nbretão
brevity	[s]\nbreviedade
brew	1. fermentar\n2. a. armar\n  b. tramar
brewer	cervejeiro
brewery	cervejaria
bribe	/braib/\n\n1. corromper\n2. subornar
brick	/brik/\n\n1. tejolo\n2. tijolo
bridal	[adjective]\n\n1. nupcial\n2. do casamento
bride	/braid/\n\n1. noiva\n2. recém-casada
bridegroom	/braidgrum/\n\nrecém-casado
bridge	/bridʒ/\n\nponte
bridle	/braidl/\n\n1. a. entravar\n  b. frear\n  c. moderar\n  d. pôrfreioem\n  e. serenar\n2. a. entrave\n  b. freio
brief	/briːf/\n\n[s]\n[adjective]\n\n1. resumo\n2. a. breve\n  b. curto
brief case	/briːfkeis/\n\ndossiê
briefcase	/briːfkeis/\n\n1. pastaparapapéis\n2. teca
briefly	1. brevemente\n2. resumidamente
brigade	/brigeid/\n\nbrigada
bright	/brait/\n\n[adjective]\n\n1. a. brilhante\n  b. luzente\n2. a. claro\n  b. luminoso
bright blue	/braitbluː/\n\n[s]\nazul claro
brighter	[adjective]\nmais brilhante
brightest	[adjective]\no mais brilhante
brightness	[s]\n\n1. brilho\n2. claridade
brilliance	[s]\nbrilho
brilliant	/briliənt/\n\n1. brilhante\n2. luzente
brim	/brim/\n\nborda
brimstone	/brimstoun/\n\nenxôfre
bring	/briŋ/\n\ntrazer
bring about	/briŋəbaut/\n\n1. resultarem\n2. ter como resultado
bring along	/briŋælɔŋ/\n\nlevarconsigo
bring into agreement	/briŋintəəgriːmənt/\n\n1. concordar\n2. pôr de acordo
bring up	/briŋʌp/\n\n1. criar\n2. educar
brinjal	/briəndʒl/\n\nberinjela
brink	/briŋk/\n\nborda
Brisbane	Brisbânia
brisk	/brisk/\n\n1. ágil\n2. alerta\n3. animado\n4. bem disposto\n5. vivo\n6. vigoroso
brisket	carne de vaca
briskly	1. vigorosamente\n2. ativamente
bristly	/brisliː/\n\n1. eriçado\n2. hirto
Bristol	/bristl/\n\nBrístol
Britain	/britn/\n\nGrã-Bretanha
British	/britiʃ/\n\nbritânico
Briton	/britn/\n\nbritânico
Brittany	/britɑːniː/\n\nBretanha
brittle	/britl/\n\n1. frágil\n2. quebradiço
broad	/brɔːd/\n\n1. amplo\n2. largo
broadband	[s]\nbanda larga
broadcast	1. transmissão\n2. transmitir
broadcasting	1. transmissão\n2. radiodifusão
broader	[adjective]\n\n1. mais amplo\n2. mais largo
broccoli	/brɔkəliː/\n\nbrócolo
broker	/broukər/\n\ncorretor
brokerage	/broukəridʒ/\n\ncomissão do corretor
bronchial	bronquial
bronchiectasis	[s]\nbronquiectasia
bronchiole	[s]\nbronquíolo
bronchitis	[s]\nbronquite
bronchodilator	[s]\nbroncodilatador
bronchogram	broncograma
bronchopneumonia	[s]\nbroncopneumonia
bronchoscope	[s]\nbroncoscópio
bronchoscopic	[adjective]\nbroncoscópico
bronchoscopy	[s]\nbroncoscopia
bronchospasm	[s]\nbroncospasmo
bronchus	[s]\nbrônquio
bronze	/brɔnz/\n\n1. bronze\n2. a. de bronze\n  b. bronzeado
bronzy	[adjective]\n\n1. bronzeado\n2. da cor do bronze
brooch	/broutʃ/\n\n1. alfinete de fralda\n2. broche\n3. colchete
brook	[s]\n[vt]\n\n1. riacho\n2. a. tolerar\n  b. suportar\n  c. aguentar\n  d. sofrer
broom	/bruːm/\n\nvassoura
broth	[s]\ncaldo
brothel	/brɔθl/\n\n1. alcoice\n2. bordel\n3. casa de prostituição\n4. lupanar
brother	/brʌðər/\n\nirmão
brotherhood	[s]\nirmandade
brow	/brau/\n\n1. sobrancelha\n2. sobrolho\n3. supercílio
brown	/braun/\n\n1. a. marron\n  b. castanho\n2. a. moreno\n  b. pardo
browneyed	/braunid/\n\ndeolhoscastanhos
brownse	1. dar uma olhada\n2. folear um livro
browse	[s]\n[vt]\n\n1. pasto\n2. a. folear\n  b. dar uma olhada\n3. pastar
browser	navegador
brucellosis	[s]\nbrucelose
Bruges	/bruːdʒiz/\n\nBruges
bruise	/bruːz/\n\n1. contundir\n2. machudar
bruit	[s]\n[vt]\n\n1. a. rumor\n  b. fama\n2. ruído\n3. a. espalhar rumores\n  b. difundir idéias
brunette	/bruːnet/\n\n[adjective]\nde cabelo castanho
Brunswick	/brʌnzwik/\n\nBrunsvique
brush	/brʌʃ/\n\n[s]\n[vt]\n\n1. escova\n2. escovar
Brussels	/brʌslz/\n\nBruxelas
Brussels-sprouts	1. couve-de-bruxelas\n2. couve-de-grelo
brutal	/bruːtl/\n\n1. arisco\n2. brusco\n3. rabugento
brutality	[s]\nbrutalidade
brutally	[adverb]\n\n1. brutalmente\n2. de forma brutal
brute	/bruːt/\n\n1. a. animalselvagem\n  b. fera\n2. a. brutal\n  b. pecuário
bubble	/bʌbl/\n\n1. bexiga\n2. a. borbulhar\n  b. formar bolhas\n3. bolhadear
Bucharest	/butʃɛərist/\n\nBucareste
bucket	/bʌkit/\n\n1. balde\n2. caçamba
buckle	/bʌkl/\n\n1. fivela\n2. afivelar
bucolic	[adjective]\nbucólico
bucolically	[adverb]\n\n1. bucolicamente\n2. de forma bucólica
bud	/bʌd/\n\n1. a. gomar\n  b. rebentar\n  c. renovar\n  d. soltarbotões\n2. a. botão\n  b. broto\n  c. gomo\n  d. olho\n  e. rebento\n  f. renovo
Budapest	/bjuːdəpest/\n\nBudapeste
Buddha	/budə/\n\nBuda
Buddhism	/budizəm/\n\nbudismo
Buddhist	/budist/\n\nbudista
buddy	/bʌdiː/\n\n1. camarada\n2. companheiro
budget	/bʌdʒət/\n\n[s]\n[vt]\n\n1. orçamento\n2. fazer orçamento
buffalo	/bʌfəlou/\n\n1. a. bisão\n  b. bisonte\n2. búfalo
buffer	/bʌfər/\n\npára-choque
buffet	/bʌfi/\n\n1. aparador\n2. bufete
buffoon	/bəfuːn/\n\narlequim
bug	/bʌg/\n\n[s]\n[vi]\n\n1. inseto\n2. defeito\n3. erro de programação\n4. incomodar
bugfix	[s]\n[vt]\n\n1. correção de erros de programação\n2. corrigir erros de programação
bugger	/bʌgər/\n\npraticarsodomia
build	/bild/\n\n1. a. construção\n  b. edificação\n2. a. construir\n  b. edificar\n  c. erigir
build from wood	/bildfrɔmwud/\n\n1. carpintejar\n2. construirdemadeira\n3. desbastar
builder	/bildər/\n\n[s]\nconstrutor
building	/bildiŋ/\n\n[s]\n\n1. construção\n2. edifício
bulb	/bʌlb/\n\n[s]\n\n1. a. ampola\n  b. lampâda eléctrica\n2. a. bolbo\n  b. bulbo\n  c. cebola
Bulgar	/bʌlgər/\n\nbúlgaro
Bulgaria	/bʌlgɛəriə/\n\n[s]\nBulgária
Bulgarian	/bʌlgɛəriən/\n\nbúlgaro
bulge	[s]\nsaliência
bulimia	[s]\nbulimia
bulk	/bʌlk/\n\n1. amplitude\n2. amplidão\n3. dimensão\n4. extensão\n5. grandeza
bulky	/bʌlkiː/\n\n[adjective]\n\n1. amplo\n2. extenso\n3. volumoso
bull	/bul/\n\n[s]\ntouro
bulla	[s]\n\n1. bolha\n2. bula papal
bulldoze	arrasar
bulldozer	/buldouzər/\n\nbuldôzer
bullet	/bulit/\n\n[s]\n\n1. bala\n2. projétil
bulletin	/bulətin/\n\n[s]\nboletim
bumblebee	/bʌmblbiː/\n\nmamangaba
bump	/bʌmp/\n\n1. acidente\n2. a. corcova\n  b. corcunda\n  c. giba
bumper	/bʌmpər/\n\n[s]\npára-choque
bumpy	/bʌmpiː/\n\n1. acidentado\n2. anguloso
bunch	/bʌntʃ/\n\n[s]\n\n1. feixe\n2. molho\n3. penca
bundle	/bʌndl/\n\n[s]\n\n1. feixe\n2. molho\n3. penca
bungalow	/bʌŋgəlou/\n\nbangalô
bungle	/bʌŋgl/\n\n1. borrar\n2. fazer às pressas\n3. trabalhar mal
bunker	/bʌŋkər/\n\nabrigo
buoy	/bɔi/\n\nbóia
burden	/bəːdn/\n\n1. a. carregar\n  b. estivar\n  c. pôr carga em\n2. a. carga\n  b. carregamento
burdensome	/bəːdnsəm/\n\n1. oneroso\n2. pesado
bureau	/bjeərou/\n\n1. escritório\n2. repartição
bureaucracy	/bjeərɔkrəsiː/\n\nburocracia
Burgundian	/bəːgəndiən/\n\nborgonhês
Burgundy	/bəːgəndiː/\n\nBorgonha
Burma	/bəːmə/\n\nBirmânia
burn	/bəːn/\n\n1. a. arder\n  b. queimar\n  c. queimar-se\n2. a. incendiar\n  b. incinerar\n3. começaraqueimar
burp	/bəːp/\n\narrotar
burrow	cova
burst	/bəːst/\n\n1. arrebentar\n2. estourar\n3. fender-se\n4. pipocar\n5. rachar-se
Burundi	/burundiː/\n\nBurundi
bury	/beriː/\n\n1. enterrar\n2. sepultar
bus	/bəs/\n\n1. ônibus\n2. auto-ônibus
bus stop	/bəsstɔp/\n\n1. paradadeônibus\n2. pontodeônibus
bush	/buʃ/\n\n1. arvoreta\n2. arbusto
Bushman	/bʌʃmən/\n\n1. bosquímano\n2. boximane
business	/biznəs/\n\n1. a. assunto\n  b. caso\n  c. causa\n  d. coisa\n  e. negócio\n  f. questão\n2. comércio
business deal	/biznəsdiːl/\n\n1. assunto\n2. caso\n3. causa\n4. coisa\n5. negócio\n6. questão
businessman	/biznəsmæn/\n\n1. homemdenegócios\n2. a. comerciante\n  b. negociante
busk	/bʌsk/\n\nbarbatana
busstop	/bʌsstp/\n\npontodeônibus
bust	[s]\n[adjective]\n[vt]\n\n1. busto\n2. a. fracasso\n  b. falha completa\n3. falência\n4. a. quebrado\n  b. estragado\n5. a. quebrar\n  b. arruinar
busy	/biziː/\n\nocupado
but	/bʌt/\n\n1. excepcionalmente\n2. a. mas\n  b. porém\n3. a. contudo\n  b. embora\n  c. entretanto\n  d. todavia
butane	[s]\nbutano
butcher	/butʃər/\n\n1. a. abater\n  b. jugar\n  c. massacrar\n  d. matar\n  e. trucidar\n2. a. açougueiro\n  b. carniceiro\n  c. magarefe
butcher's shop	/butʃəzʃɔp/\n\n1. açougue\n2. matadouro
butter	/bʌtər/\n\nmanteiga
butterfly	/bʌtəflai/\n\n1. borboleta\n2. mariposa
buttock	nádega
button	/bʌtn/\n\n[s]\n[vt]\n\n1. botão\n2. abotoar
buy	/bəiː/\n\n[s]\n[vt]\n\n1. compra\n2. comprar
buyer	/baiər/\n\n1. comprador\n2. freguês
buzz	/bʌz/\n\n1. zumbir\n2. zunir
by	/biː/\n\n1. por\n2. a. através de\n  b. por intermédio de\n  c. por meio de
by accident	/biːæksidənt/\n\n1. à toa\n2. ao acaso\n3. por acaso
by chance	/biːtʃɑːns/\n\n1. à toa\n2. ao acaso\n3. por acaso
by fours	/biːfɔːz/\n\n1. aos quatro\n2. em grupos de quatro
by heart	/biːhɑːt/\n\n1. de cor\n2. de memória
by means of	/biːmiːnzɔf/\n\n1. através de\n2. por\n3. por intermédio  de\n4. por meio de
by no means	/biːnoumiːnz/\n\n1. de forma nenhuma\n2. de modo nenhum\n3. de nenhuma maneira
by now	/biːnau/\n\njá
by sight	/biːsait/\n\nde vista
by tens	/biːtenz/\n\nem grupo de dez
by the	pelo
by the way	/biːðwei/\n\na propósito
by twos	/biːtuːz/\n\naos pares
by-laws	1. estatuo\n2. regimento\n3. regulamento
bye	/biː/\n\n1. a. adeus\n  b. até logo\n2. a. até a vista\n  b. até mais ver
byname	[s]\n[vt]\n\n1. apelido\n2. apelidar
bypass	[s]\n[vt]\n\n1. a. desvio\n  b. contorno\n2. a. desviar\n  b. contornar
byproduct	[s]\nsubproduto
byre	/bair/\n\ncurral
byte	/bait/\n\nbyte
Byzantine	/bizəntain/\n\nbizantino
Byzantine Empire	/bizəntainempaiər/\n\nImpérioBizantino
Byzantium	/bizænʃaim/\n\nBisâncio
Cabala	[s]\nCabala
cabalistic	[adjective]\ncabalístico
cabalistical	[adjective]\ncabalístico
cabaret	/kæbəreit/\n\nboate
cabbage	/kæbidʒ/\n\ncouve
cabby	[s]\ntaxista
cabdriver	[s]\ntaxista
cabin	/kæbin/\n\n1. a. cabana\n  b. choça\n  c. choupana\n2. camarote
cabinet	/kæbinət/\n\n1. estante\n2. a. gabinete\n  b. escritório\n  c. ministério\n3. armário
cable	/keibl/\n\ncabo
cablegram	/keiblgræm/\n\ncabograma
cache	[s]\n[vt]\n\n1. esconderijo\n2. esconder
cacographical	[adjective]\ncacográfico
cacography	[s]\ncacografia
cacophony	[s]\ncacofonia
cactus	/kæktəs/\n\ncacto
cadaster	[s]\ncadastro
cadastral	[adjective]\ncadastral
cadastre	[s]\ncadastro
cadaver	/kədɑːvər/\n\n1. cadáver\n2. defunto\n3. morto
cadaverous	[adjective]\ncadavérico
cadency	[s]\ncadência
cadger	/kædʒər/\n\nparasita
cadmium	[s]\ncádmio
cadre	/kɑːdər/\n\n1. caixilho\n2. moldura\n3. quadro
caducity	[s]\n\n1. caducidade\n2. senilidade\n3. velhice
caducous	[adjective]\ncaduco
Caesar	/siːzər/\n\nCésar
caesium	/siːziəm/\n\ncésio
cafe	café
caffein	[s]\ncafeína
caffeine	cafeína
caftan	/kæftæn/\n\ncafetã
cage	[s]\n[vt]\n\n1. gaiola\n2. prender em uma gaiola
cake	/keik/\n\nbolo
calabash	/kæləbæʃ/\n\n1. abóbora\n2. cabaça
calamity	/kəlæmitiː/\n\n1. calamidade\n2. flagelo\n3. praga
calamus	/kəlɑːməs/\n\nácoro
calcaneum	[s]\ncalcâneo
calcification	calcificação
calcify	[vi]\ncalcificar
calcitonin	[s]\ncalcitonina
calcium	cálcio
calculable	[adjective]\ncalculável
calculate	/kælkjuleit/\n\n1. calcular\n2. computar\n3. orçar
calculation	/kælkjuleiʃən/\n\n1. cálculo\n2. conta
calculator	calculador
calculus	cálculo
calefaction	calefação
calendar	/kælindər/\n\ncalendário
calf	/kɑːf/\n\n1. a. bezerro\n  b. novilho\n  c. vitelo\n2. a. panturrilha\n  b. batata da perna\n  c. barriga da perna
caliber	[s]\ncalibre
calibrate	[vt]\ncalibrar
calibrator	[s]\ncalibrador
calibre	[s]\ncalibre
california	[s]\nestado localizado ao sudoeste dos Estados Unidos
caligraphy	[s]\ncaligrafia
call	/kɔːl/\n\n1. chamar\n2. denominar\n3. nomear
call box	/kɔːlbɔks/\n\n1. cabinetelefônica\n2. orelhão
call on	/kɔːlwʌn/\n\n1. irver\n2. visitar\n3. fazer visita
calligrapher	[s]\ncalígrafo
calligraphic	[adjective]\ncaligráfico
calligraphically	[adverb]\ncaligraficamente
calligraphy	[s]\ncaligrafia
callosity	[s]\ncalosidade
calm	/kɑːm/\n\n1. a. calmo\n  b. quieto\n  c. sossegado\n2. a. calma\n  b. quietude\n  c. sossego\n3. a. sereno\n  b. tranquilo\n  c. tranqüilo
calmly	[adverb]\ncalmamente
calmness	[s]\ncalma
caloric	[adjective]\ncalórico
calorically	[adverb]\ncaloricamente
calorie	[s]\ncaloria
calorimeter	[s]\ncalorímetro
calorimetric	[adjective]\ncalorimétrico
calorimetry	[s]\ncalorimetria
calumniate	[vt]\ncaluniar
calumniator	[s]\ncaluniador
calumnious	[adjective]\ncalunioso
calumny	[s]\ncalúnia
calvary	/kælvəriː/\n\n1. calvário\n2. gólgota
cambric	/keimbrik/\n\n1. batista\n2. cambraia
camel	/kæməl/\n\ncamelo
camera	[s]\n\n1. câmera\n2. máquina fotográfica
camisole	[s]\ncamisola
camomile	[s]\ncamomila
camouflage	disfarçar
camp	/kæmp/\n\n1. acampar\n2. morarporalgumtempoemumatenda
camp of tents	/kæmpɔftents/\n\nacampamento
camp out	/kæmpaut/\n\nacampar
campaign	[s]\ncampanha
campfire	[s]\nfogueira
campus	[s]\n\n1. campus\n2. terreno onde ficam os prédios de uma universidade
can	/kein/\n\n1. a. lata\n  b. caixa de lata\n2. poder\n3. enlatar
Canada	/kænədə/\n\n[s]\nCanadá
Canadian	/kəneidiən/\n\n[adjective]\ncanadense
canal	/kənæl/\n\ncanal
canaliculus	[s]\ncanalículo
canalization	[s]\ncanalização
canalize	[vt]\ncanalizar
canary	[s]\ncanário
cancel	/kænsəl/\n\n1. anular\n2. declararsemefeito\n3. revogar
cancellation	1. cancelamento\n2. anulação
cancer	/kænsər/\n\ncâncer
cancerous	[adjective]\ncanceroso
candelabrum	[s]\ncandelábrio
candidate	/kændideit/\n\ncandidato
candidature	[s]\ncandidatura
candidiasis	[s]\ncandidíase
candle	/kændl/\n\nvela
candlelight	[s]\nluz de vela
candlestick	/kændlstik/\n\ncastiçal
candy	/kændiː/\n\n1. doce\n2. coisa doce
cane	/kein/\n\n1. a. bastão\n  b. bengala\n  c. bordão\n  d. cacete\n  e. pau\n2. a. cana\n  b. caniço
canine	/keinain/\n\ncanino
canker	/kæŋkər/\n\ncâncer
cannibal	/kænibəl/\n\ncanibal
cannibalism	[s]\ncanibalismo
cannibally	[adverb]\n\n1. canibalmente\n2. de forma canibal
cannon	/kænən/\n\ncanhão
cannula	[s]\ncânula
canny	[adjective]\n\n1. astuto\n2. esperto\n3. sagaz
canoe	/kənuː/\n\ncanoa
canon	canhão
canonical	[adjective]\ncanônico
canonization	[s]\ncanonização
canonize	[vt]\ncanonizar
canopy	/kænəpiː/\n\n1. baldaquim\n2. dossel\n3. pálio
Canterbury bell	/kæntəbriːbel/\n\ncampânula
cantrip	magia
cap	/keip/\n\n1. barrete\n2. a. boina\n  b. boné\n  c. gorro
capability	[s]\ncapacidade
capable	/keipəbl/\n\n[adjective]\n\n1. capaz\n2. apto\n3. hábil
capacitance	[s]\ncapacitância
capacity	[s]\ncapacidade
Cape of Good Hope	/keipɔfgudhoup/\n\nCabodaBoaEsperança
Cape Town	/keiptaun/\n\nCidadedoCabo
caper	/keipər/\n\ndarcabriolas
capillary	[s]\ncapilar
capital	/kæpitəl/\n\n1. capital\n2. fundos
capital city	/kæpitəlsitiː/\n\ncapital
capital letter	/kæpitəlletər/\n\nmaiúscula
capitalism	[s]\ncapitalismo
capitalist	/kæpitəlist/\n\ncapitalista
capitalization	[s]\ncapitalização
capitalize	[vt]\ncapitalizar
Capitol	/kæpitl/\n\nCapitólio
capitulate	/kəpitʃuleit/\n\n1. capitulação\n2. rendição
capnomancy	[s]\ncapnomancia
caponiere	capoeira
caprice	/kəpriːs/\n\n1. capricho\n2. caprichoso\n3. fantasia\n4. impertinência
capricious	[adjective]\ncaprichoso
capriciously	[adverb]\n\n1. caprichosamente\n2. com capricho\n3. de forma caprichosa
capricorn	[s]\ncapricórnio
caprification	[s]\ncaprificação
capsular	[adjective]\ncapsular
capsule	/kæpsjuːl/\n\ncápsula
captain	/kæptin/\n\n1. capitão\n2. capitãodenavio
captaincy	[s]\ncapitania
captainship	[s]\ncapitania
caption	[s]\n[vt]\n\n1. título\n2. colocar um título
capture	/kæptʃər/\n\n1. apanhar\n2. aprisionar\n3. capturar
car	/kɑːr/\n\n1. auto\n2. automóvel\n3. carro
car dump	/kɑːrdʌmp/\n\nsucata
carafe	/kəræf/\n\n1. garrafa\n2. jarra
carapace	/kærəpeis/\n\ncarapaça
caravan	/kærəvæn/\n\ncaravana
caravansary	[s]\nhospedaria
carbamate	[s]\ncarbamato
carbohydrate	[s]\ncarboidrato
carbon	carbono
carbon paper	/kɑːbənpeipər/\n\npapel-carbono
carbonate	[s]\ncarbonato
carbonization	[s]\ncarbonização
carbonize	[vt]\ncarbonizar
carboxyl	[s]\ncarboxil
carboxylase	[s]\ncarboxilase
carboxylate	[s]\n[vt]\n\n1. carboxilato\n2. carboxilar
carboxymethylcellulose	[s]\ncarboximetilcelulose
carboxypeptidase	[s]\ncarboxipeptidase
carcinogen	[s]\ncarcinógeno
carcinogenesis	[s]\ncarcinogênese
carcinogenic	[adjective]\ncarcinogênico
carcinogenicity	[s]\ncarcinogenicidade
carcinoma	[s]\ncarcinoma
carcinomatosis	[s]\ncarcinomatose
carcinomatous	[adjective]\ncarcinomatoso
carcinosarcoma	[s]\ncarcinossarcoma
card	/kɑːd/\n\ncartão
cardboard	/kɑːdbɔːd/\n\n1. cartão\n2. papelão
cardiac	/kɑːdiæk/\n\n1. cordial\n2. do coração\n3. cardíaco
cardiogenic	cardiogênico
cardiogram	[s]\ncardiograma
cardiographic	[adjective]\ncardiográfico
cardiography	[s]\ncardiografia
cardiologist	[s]\ncardiologista
cardiology	[s]\ncardiologia
cardiomegaly	cardiomegalia
cardiomyopathy	[s]\ncardiomiopatia
cardiopathy	[s]\ncardiopatia
cardiopulmonary	[adjective]\ncardiopulmonar
cardiorespiratory	[adjective]\ncardiorrespiratório
cardiothoracic	[adjective]\ncardiotorácico
cardiotonic	[adjective]\ncardiotônico
cardiotoxicity	[s]\ncardiotoxicidade
cardiovascular	[adjective]\ncardiovascular
carditis	cardite
care	/kɛər/\n\n1. a. cuidar\n  b. preocupar-se\n  c. tutelar\n  d. zelar\n2. a. cuidado\n  b. preocupação\n  c. zelo
care for	/kɛərfər/\n\n1. curar\n2. medicar
career	/kəriər/\n\n1. carreira\n2. profissão
careful	/kɛəfəl/\n\n1. cauto\n2. a. cuidadoso\n  b. prudente
carefully	cuidadosamente
careless	/kɛələs/\n\ndistraído
carelessness	[s]\n\n1. falta de cuidado\n2. descuido
caress	/kəres/\n\n1. acariciar\n2. afagar\n3. mimosear
caricature	[s]\n[vt]\n\n1. caricatura\n2. a. caricaturar\n  b. fazer caricaturas
carnal	/kɑːnl/\n\ncarnal
carnation	/kɑːneiʃən/\n\ncravo
carnival	/kɑːnivəl/\n\ncarnaval
carnivore	[s]\ncarnívoro
carnivorous	[adjective]\ncarnívoro
carotene	[s]\ncaroteno
carotid	carótida
carousel	/kərausel/\n\ncarrossel
carp at	/kɑːpeit/\n\n1. aperrear\n2. atazanar\n3. chicanear\n4. falarchicanas\n5. fuxicar
carpal	[adjective]\ncarpal
carpenter	/kɑːpintər/\n\ncarpinteiro
carpenter's square	/kɑːpintəzskwɛər/\n\nesquadro
carpet	/kɑːpit/\n\ntapete
carriage	/kæridʒ/\n\n1. carreta\n2. a. carruagem\n  b. vagão\n3. carrinho
carrier	transportador
carrion	podridão
carrot	/kærət/\n\ncenoura
carrousel	/kærausel/\n\ncarrossel
carry	/kæriː/\n\n1. carregar\n2. levar
carry out	/kæriːaut/\n\n1. aguentar\n2. agüentar\n3. suportar\n4. tolerar
cart	/kɑːt/\n\n1. caminhão\n2. carro\n3. carroça
carte blanche	/kɑːteiblɑːnʃ/\n\n1. assinatura em branco\n2. carta branca
cartel	[s]\ncartel
cartelization	[s]\ncartelização
cartilage	cartilagem
cartilaginous	[adjective]\ncartilaginoso
cartographer	[s]\ncartógrafo
cartographic	[adjective]\ncartográfico
cartographical	[adjective]\ncartográfico
cartographically	[adverb]\n\n1. cartograficamente\n2. pela cartografia
cartography	[s]\ncartografia
cartridge	/kɑːtridʒ/\n\ncartucho
caruncle	[s]\ncarúncula
carve	/kɑːv/\n\n1. cinzelar\n2. entalhar\n3. lavrar
cascade	1. cascata\n2. cair em cascata
case	/keis/\n\n[s]\ncaso
casebook	[s]\nlivro de casos
caseous	[adjective]\ncaseoso
caseous necrosis	[s]\nnecrose caseosa
cash	/kæʃ/\n\ndinheiro
cashbook	[s]\nlivro-caixa
cashier	/kæʃiər/\n\n1. caixa\n2. tesoureiro
cashier's stand	/kæʃiəzstænd/\n\n1. caixa\n2. cofre
casino	/kəsiːnou/\n\n1. casino\n2. cassino
casserole	/kæsəroul/\n\ncaçarola
cassette	/kəset/\n\ncassete
cast	/kɑːst/\n\n1. a. forma\n  b. molde\n2. elenco\n3. moldar\n4. a. lançar\n  b. atirar\n5. mudar de pele
cast a shadow	/kɑːstəʃædou/\n\nsombrear
castigate	[vt]\ncastigar
castigation	[s]\ncastigo
castigator	[s]\ncastigador
castle	/kɑːsl/\n\n1. a. fazerroque\n  b. rocar\n2. castelo\n3. a. roque\n  b. torre
castrate	/kæstreit/\n\ncastrar
castration	[s]\ncastração
castrator	[s]\ncastrador
casual	[adjective]\ncasual
casually	[adverb]\n\n1. casualmente\n2. de forma casual
casualty	[s]\ncasualidade
cat	/kæt/\n\ngato
catabolic	[adjective]\ncatabólico
catabolically	[adverb]\n\n1. catabolicamente\n2. de forma catabólica
catabolism	[s]\ncatabolismo
catabolite	[s]\ncatabólito
catabolize	[vt]\ncatabolizar
catalase	catalase
catalepsy	[s]\ncatalepsia
catalog	/kætəlɔg/\n\n[s]\n[vt]\n\n1. catálogo\n2. catalogar
cataloger	[s]\ncatalogador
cataloguer	[s]\ncatalogador
catamenia	[s]\n\n1. catamênio\n2. mênstruo\n3. menstruação
catamenial	[adjective]\n\n1. catamenial\n2. menstrual
catapult	[s]\ncatapulta
cataract	[s]\ncatarata
catastrophe	/kətæstrəfiː/\n\n[s]\ncatástrofe
catastrophic	/kətæstrɔfik/\n\n[adjective]\ncatastrófico
catch	/kætʃ/\n\n1. começar a queimar\n2. a. apanhar\n  b. aprisionar\n  c. capturar\n3. a. acertar\n  b. atingir\n  c. dar no alvo
catcher	[s]\n\n1. a. apanhador\n  b. agarrador\n2. armadilha
catechism	[s]\ncatequismo
catechize	[vt]\ncatequizar
catecholamine	[s]\ncatecolamina
categorical	[adjective]\ncategórico
categorically	[adverb]\ncategoricamente
categorized	[adjective]\ncategorizado
category	/kætigəriː/\n\n[s]\ncategoria
caterpillar	/kætəpilər/\n\n[s]\nlagarta
cathedral	/kəθiːdrəl/\n\n[s]\ncatedral
catheter	[s]\ncateter
catheterization	[s]\ncateterismo
catholic	/kæθlik/\n\n[adjective]\ncatólico
Catholisism	/kæθoulisizəm/\n\n[s]\ncatolicismo
cation	[s]\ncátion
cattle	[s]\ngado
cauldron	/kɔːldrən/\n\n[s]\ncaldeirão
cauliflower	/kɔliflauər/\n\ncouve-flor
causality	[s]\ncausalidade
cause	/kɔːz/\n\n[s]\n[vt]\n\n1. causa\n2. a. causar\n  b. produzir\n  c. ser causa de\n  d. ocasionar\n  e. provocar
cause to take place	/kɔːztouteikpleis/\n\n1. causar\n2. ocasionar\n3. provocar
causeless	[adjective]\nsem causa
causer	[s]\ncausador
caustic	[adjective]\ncáustico
cauterization	[s]\ncauterização
cauterize	[vt]\ncauterizar
cautery	[s]\ncautério
caution	/kɔːʃən/\n\n1. advertir\n2. avisar\n3. lembrar\n4. prevenir
cautious	/kɔːʃəs/\n\n1. cauto\n2. prudente
cautiously	[adverb]\n\n1. com cautela\n2. com cuidado\n3. de forma cautelosa
cavalier	/kəvæliər/\n\ncavaleiro
cavalierism	[s]\ncavalherismo
cavalry	/kævəlriː/\n\ncavalaria
cavalryman	[s]\ncavaleiro
cave	/keiv/\n\n1. a. caverna\n  b. furna\n  c. gruta\n2. a. cava\n  b. cavidade
caveman	1. troglodita\n2. homem das cavernas
cavern	/kævən/\n\n1. caverna\n2. furna
cavernous	[adjective]\ncavernoso
cavitary	cavitário
cavitation	cavitação
cavity	/kævitiː/\n\n1. cava\n2. cavidade
caw	/kɔː/\n\n1. crocitar\n2. grasnar
CD-ROM	CD-ROM
cease	/siːs/\n\n1. cessar\n2. pararde
ceaseless	[adjective]\n\n1. incessante\n2. contínuo\n3. sem paradas
ceaselessly	/siːsləsliː/\n\n1. continuamente\n2. semcessar
cedar	/siːdər/\n\ncedro
cede	/siːd/\n\n1. abdicar\n2. alhear\n3. ceder\n4. submeter-se\n5. transigir
ceftriaxone	[s]\nceftriaxona
ceiling	/siːliŋ/\n\n1. tecto\n2. teto
Celebes	/silebz/\n\nCélebes
celebrate	/selibreit/\n\n1. a. celebrar\n  b. comemorar\n  c. festejar\n2. solenizar
celebration	/selibreiʃən/\n\n[s]\n\n1. celebração\n2. comemoração\n3. festa
celebrator	[s]\ncelebrador
celebrity	[s]\ncelebridade
celerity	[s]\nceleridade
celery	/seləriː/\n\n[s]\n\n1. a. ápio\n  b. aipo silvestre\n2. a. aipo\n  b. aipo hortense\n  c. celeri
celestial	/silestiəl/\n\n[adjective]\n\n1. celeste\n2. celestial
celestially	[adverb]\n\n1. celestialmente\n2. de forma celestial
celiac	[adjective]\ncelíaco
celibacy	[s]\ncelibato
cell	/sel/\n\n[s]\n\n1. célula\n2. a. cela\n  b. calabouço\n  c. cárcere\n  d. enxovia\n3. cabina
cellar	/selər/\n\n[s]\n\n1. adega\n2. despensa
cello	/tʃelou/\n\nvioloncelo
cellphone	[s]\ntelefone celular
cellular	celular
cellular phone	/seljulərfoun/\n\n[s]\ntelefone celular
cellularity	[s]\ncelularidade
cellulite	/seljulit/\n\n[s]\ncelulite
cellulitis	[s]\ncelulite
celt	celta
celtic	celta
cement	/semənt/\n\n[s]\ncimento
cementation	[s]\ncimentação
cementum	[s]\ncimento
cemetery	/semətriː/\n\n[s]\ncemitério
censor	/sensər/\n\n[s]\n[vt]\n\n1. censurador\n2. censurar
censorious	/sensɔːriəs/\n\n1. chicaneiro\n2. trapaceiro
censorship	[s]\ncensura
censurable	/senʃərəbl/\n\n[adjective]\n\n1. censurável\n2. reprovável
censure	/senʃər/\n\n[s]\n[vt]\n\n1. a. censura\n  b. reprovação\n2. a. apreciar\n  b. criticar
cent	/sent/\n\n1. ceitil\n2. centavo
centaur	/sentɔːr/\n\ncentauro
centavo	/sinteivou/\n\ncentavo
centenary	[s]\ncentenário
centennial	/senteniəl/\n\nséculo
center	centro
centerline	[s]\nlinha central
centesimal	[adjective]\ncentesimal
centigrade	[adjective]\ncentígrado
centigram	[s]\ncentigrama
centiliter	[s]\ncentilitro
centimeter	[s]\ncentímetro
centimetre	/sentimiːtər/\n\ncentímetro
central	/sentrəl/\n\ncentral
Central America	/sentrələmerikə/\n\nAmérica Central
Central Asia	/sentrələʃiə/\n\nÁsia Central
centralism	[s]\ncentralismo
centrality	[s]\ncentralidade
centralization	[s]\ncentralização
centralize	[vt]\ncentralizar
centrally	centralmente
centre	/sentər/\n\n1. centro\n2. meio\n3. sede
centrifugal	[adjective]\ncentrífugo
centrifugally	[adverb]\n\n1. centrifugamente\n2. de forma centrífuga
centrifugation	centrifugação
centrifuge	[vt]\ncentrifugar
centriole	[s]\ncentríolo
centripetal	[adjective]\ncentrípeto
centripetally	[adverb]\nde forma centrípeta
centurion	[s]\ncenturião
century	/sentʃəriː/\n\nséculo
CEO	[s]\ndiretor executivo
cephalexin	[s]\ncefalexina
cephalic	[adjective]\ncefálico
cephalically	[adverb]\n\n1. cefalicamente\n2. de forma cefálica
cephalometric	[adjective]\ncefalométrico
cephalometry	[s]\ncefalometria
cephalosporin	[s]\ncefalosporina
cephalothin	[s]\ncefalotina
cephalothorax	[s]\ncefalotórax
ceramic	[adjective]\ncerâmico
cerastes	/səræsts/\n\n1. cerasta\n2. ceraste\n3. víboracornuda
cerebellar	[adjective]\ncerebelar
cerebellum	[s]\ncerebelo
cerebral	[adjective]\ncerebral
cerebrospinal	[adjective]\ncérebro-espinhal
cerebrum	[s]\ncérebro
ceremonial	[s]\ncerimonial
ceremonious	/serimouniəs/\n\nsolene
ceremony	/seriməniː/\n\ncerimônia
Ceres	/səriz/\n\nCeres
cerium	/sərim/\n\ncério
certain	/sətein/\n\n1. certo\n2. indubitável\n3. seguro
certainly	/səteinliː/\n\n1. a. certamente\n  b. na verdade\n2. a. com efeito\n  b. de fato\n  c. sem dúvida
certainty	/səːtntiː/\n\ncerteza
certifiable	[adjective]\ncertificável
certificate	/sətifikeit/\n\n1. a. acto\n  b. auto\n  c. escritura\n  d. instrumento\n2. a. atestado\n  b. certificado\n  c. depoimento\n  d. testemunho
certificated	/sətifikeitid/\n\ndiplomado
certification	[s]\ncertificação
certifier	[s]\ncertificador
certify	[vt]\ncertificar
cervical	[adjective]\ncervical
cesium	[s]\ncésio
cessation	[s]\ncessação
cession	[s]\ncessão
Ceylon	/silɔn/\n\nCeilão
chain	/tʃein/\n\n1. cadeia\n2. corrente
chain reaction	[s]\nreação em cadeia
chair	/tʃɛər/\n\n1. assento\n2. cadeira
chairman	/tʃɛəmən/\n\npresidente
chalice	/tʃælis/\n\n1. cálice\n2. taça
chalk	/tʃɔːk/\n\n1. greda\n2. griz
challenge	/tʃæləndʒ/\n\n1. a. arrostar\n  b. desafiar\n  c. provocar\n2. a. desafio\n  b. provocação
challenger	[s]\ndesafiante
chamber	/tʃeimbər/\n\n1. aposento\n2. câmara\n3. quarto\n4. sala
chamber pot	/tʃeimbərpɔt/\n\n1. baciadecama\n2. penico
chameleon	[s]\ncamaleão
chamois	/ʃæmwɑː/\n\ncamurça
chamois leather	/ʃæmwɑːleðər/\n\ncamurça
champagne	/tʃæmpein/\n\nchampanha
champaign	[s]\ncampanha
champion	/tʃæmpiən/\n\ncampeão
championship	[s]\ncampeonato
chance	/tʃɑːns/\n\n1. a. acidental\n  b. fortuito\n2. a. acaso\n  b. azar\n  c. casualidade\n3. a. acontecimento\n  b. ocorrência\n4. a. chance\n  b. ensejo
chancellery	[s]\nchancelaria
chancellor	[s]\nchanceler
chancellorship	[s]\nchancelaria
chancre	[s]\ncancro
chandelier	/ʃændliər/\n\nlustre
change	/tʃeindʒ/\n\n1. a. mudança\n  b. alteração\n  c. modificação\n2. a. alterar\n  b. modificar\n  c. mudar
changeability	[s]\nmutabilidade
changeable	1. mutável\n2. variável\n3. instável
changed	1. alterado\n2. mudado
changeful	[adjective]\n\n1. mutável\n2. inconstante\n3. incerto
changefulness	[adjective]\n\n1. mutabilidade\n2. inconstância
changeless	[adjective]\nimutável
channel	/tʃænl/\n\n[s]\n\n1. canal\n2. Canal da Mancha
channelization	[s]\ncanalização
channelize	[vt]\ncanalizar
chanson	/tʃɑːnsən/\n\n1. canção\n2. modinha
chaos	/keiɔs/\n\ncaos
chaotic	/keiɔtik/\n\ncaótico
chaotically	[adverb]\n\n1. caoticamente\n2. de forma caótica
chapeau	[s]\nchapéu
chapel	/tʃæpl/\n\n1. capela\n2. ermida
chaplain	[s]\ncapelão
chaplet	terço
chapter	/tʃæptər/\n\ncapítulo
character	/kærəktər/\n\n1. a. carácter\n  b. índole\n  c. temperamento\n2. natureza\n3. actor\n4. a. marca\n  b. ponto\n  c. sinal
characteristic	/kærəktəristik/\n\n[s]\n[adjective]\n\n1. a. característica\n  b. qualidade\n2. característico
characteristically	[adverb]\ncaracteristicamente
characterization	[s]\ncaracterização
characterize	/kærəktəraiz/\n\n[vt]\ncaracterizar
charade	[s]\ncharada
charge	/tʃɑːdʒ/\n\n[s]\n[vt]\n\n1. a. carga\n  b. carregamento\n2. acusação\n3. gastos\n4. carregar
chariot	/tʃæriət/\n\n[s]\n\n1. caminhão\n2. carro\n3. carroça
charitable	/tʃæritəbl/\n\n[adjective]\ncaridoso
charity	/tʃæritiː/\n\n[s]\ncaridade
charlatan	/ʃɑːlətən/\n\n[s]\n\n1. capadócio\n2. charlatão\n3. curandeiro\n4. impostor
charlatanism	[s]\ncharlatanismo
charm	/tʃɑːm/\n\n[s]\n\n1. a. amuleto\n  b. figa\n  c. talismã\n  d. patuá\n2. a. atrair\n  b. deliciar\n  c. encantar\n  d. fascinar\n3. a. atrativo\n  b. delícia\n  c. encanto\n  d. fascinação\n  e. graça
charming	/tʃɑːmiŋ/\n\n1. atraente\n2. cativante\n3. delicioso\n4. encantador\n5. fascinante
charmingly	[adverb]\n\n1. charmosamente\n2. com charme\n3. de forma charmosa
charmless	[adjective]\nsem charme
charter	/tʃɑːtər/\n\ncarta
chase	/tʃeis/\n\n[s]\n[vt]\n\n1. a. caça\n  b. caçada\n2. caçar\n3. a. perseguir\n  b. ir à caça
chase away	/tʃeisɔːwei/\n\n1. afugentar\n2. rechaçar
chasm	/kæzəm/\n\n1. abismo\n2. boqueirão\n3. fundão\n4. pélago\n5. precipício\n6. sorvedouro
chaste	/tʃeist/\n\n1. casto\n2. continente\n3. pudico\n4. puro
chaste behaviour	/tʃeistbiheiviər/\n\npudor
chastity	/tʃæstitiː/\n\n1. castidade\n2. pudicícia\n3. pureza
chat	/tʃæt/\n\n1. a. conversa\n  b. bate-papo\n  c. parolagem\n  d. parolice\n  e. tagarelice\n2. a. conversar\n  b. bater papo\n  c. grulhar\n  d. palrar\n  e. parolar\n  f. tagarelar
chateau	[s]\ncastelo
chatter	/tʃætər/\n\n1. grulhar\n2. palrar\n3. parolar\n4. tagarelar
chatterbox	/tʃætəbɔks/\n\n1. paroleiro\n2. palrador\n3. tagarela
chauffeur	/ʃoufər/\n\nchofer
chauvinism	/ʃouvinizəm/\n\nchauvinismo
chauvinist	/ʃouvinist/\n\nchauvinista
cheap	/tʃiːp/\n\nbarato
cheapen	[vt]\n\n1. a. baratear\n  b. barganhar\n  c. pechinchar\n2. desvalorizar
cheaper	mais barato
cheaply	[adverb]\n\n1. barato\n2. de forma barata
cheat	/tʃiːt/\n\n1. agircomopatife\n2. a. bilontra\n  b. gaio\n  c. maroto\n  d. patife\n3. a. enganar\n  b. iludir\n  c. lograr\n  d. burlar\n  e. trapacear\n4. a. charlatanear\n  b. fazer charlatanismo
cheater	[s]\ntrapaceiro
check	/tʃek/\n\n1. a. entravar\n  b. frear\n  c. moderar\n  d. pôr freio em\n  e. serenar\n2. a. entrave\n  b. freio\n3. a. conferir\n  b. fiscalizar\n  c. inspecionar\n  d. supervisionar\n4. cheque\n5. jogar xadrez
check up on	/tʃekʌpwʌn/\n\n1. conferir\n2. fiscalizar\n3. inspecionar\n4. supervisionar
checker	/tʃekər/\n\nrevisor
checkers	/tʃekəz/\n\njogo de damas
checklist	[s]\nlista de verificação
checkmate	[s]\nxeque-mate
checkpoint	[s]\n\n1. ponto de checagem\n2. ponto de controle
cheddar	[s]\nqueijo cheddar
cheek	/tʃiːk/\n\n1. bochecha\n2. face
cheerful	/tʃiəfəl/\n\n1. alegre\n2. festivo\n3. jovial
cheerlead	[vt]\n\n1. ser o líder da torcida\n2. liderar a torcida
cheerleader	[s]\nlíder de torcida
cheers	/tʃiəz/\n\nà sua saúde
cheese	/tʃiːz/\n\nqueijo
cheesecake	[s]\nbolo de queijo
chef	/ʃef/\n\nchefe
chelation	[s]\nquelação
chemic	[adjective]\nquímico
chemical	[adjective]\nquímico
chemically	[adverb]\nquimicamente
chemist	/kemist/\n\n1. a. boticário\n  b. farmacêutico\n2. químico
chemist's shop	/kemistzʃɔp/\n\n1. botica\n2. farmácia
chemistry	/kemistriː/\n\nquímica
chemoprophylactic	[adjective]\nquimioprofilático
chemoprophylaxis	[s]\nquimioprofilaxia
chemoreceptor	[s]\nquimiorreceptor
chemosynthesis	[s]\nquimiossíntese
chemosynthetic	[adjective]\nquimiossintético
chemotactic	[adjective]\nquimiotático
chemotaxis	quimiotaxia
chemotherapeutic	quimioterapêutico
chemotherapy	quimioterapia
chemotropism	[s]\nquimiotropismo
cheque	/tʃek/\n\ncheque
cherish	[vt]\n\n1. apreciar\n2. a. cuidar\n  b. acalentar
cherry	/tʃeriː/\n\ncereja
cherry-tree	cerejeira
cherubim	[s]\nquerubim
chess	/tʃes/\n\nxadrez
chess-board	tabuleiro de xadrez
chessboard	/tʃesbɔːd/\n\ntabuleiro de xadrez
chest	/tʃest/\n\n1. a. colo\n  b. peito\n  c. seio\n  d. tórax\n2. a. arca\n  b. baú\n  c. caixa\n  d. mala\n3. cômoda
chestnut	/tʃesnʌt/\n\ncastanha
chestnut-tree	castanheiro
Cheviot Hills	MontesCheviot
chew	/tʃuː/\n\n[s]\n[vt]\n\n1. mastigação\n2. a. mascar\n  b. mastigar
chewable	[adjective]\nmastigável
chewing-gum	[s]\ngoma de mascar
chiasm	[s]\nquiasma
chiasma	[s]\nquiasma
chic	/ʃiːk/\n\n[adjective]\nchique
Chicagan	/tʃikəgən/\n\ncidadão de Chicago
Chicagoan	/ʃikɑːgouən/\n\ncidadão de Chicago
chicken	/tʃikən/\n\n1. frango\n2. galinha
chickenpox	[s]\nvaricela
chicory	/tʃikəriː/\n\nchicória
chief	/tʃif/\n\n1. a. chefe\n  b. diretor\n2. superior\n3. a. básico\n  b. capital\n  c. principal
chief of police	/tʃifɔfpəliːs/\n\nchefe de polícia
chiefly	/tʃaiflai/\n\n1. em especial\n2. principalmente\n3. sobretudo
child	/tʃaild/\n\ncriança
childbirth	[s]\nparto
childhood	infância
childish	/tʃaildiʃ/\n\n1. infantil\n2. pueril
childless	[adjective]\nsem filhos
childlike	[adjective]\n\n1. infantil\n2. pueril\n3. ingênuo
Chile	/kiəl/\n\nChile
Chilean	/tʃiliən/\n\nchileno
chill	1. a. frio\n  b. arrepio\n  c. calafrio\n2. a. gélido\n  b. indiferente\n3. a. esfriar-se\n  b. resfriar-se\n  c. sentir frio
chilly	/tʃiliː/\n\nfrio
chimaera	[s]\nquimera
chimera	/kaimiərə/\n\nquimera
chimerical	/kaimerikl/\n\nquimérico
chimney	/tʃimniː/\n\n1. chaminé\n2. cano da chaminé
chimpanzee	/tʃimpænziː/\n\n1. chimpanzé\n2. jocó\n3. pongo
chin	/tʃin/\n\n[s]\n\n1. mento\n2. queixo
China	/tʃainə/\n\n[s]\nChina
Chinaman	/tʃainəmən/\n\n[s]\nchinês
chinese	/tʃainiːz/\n\n[adjective]\nchinês
chirographic	[adjective]\nquirográfico
chirographical	[adjective]\nquirográfico
chirography	[s]\nquirografia
chiromancy	[s]\nquiromancia
chirp	/tʃəːp/\n\n1. gorjear\n2. piar\n3. pipilar
chisel	/tʃəzel/\n\n1. a. cinzelar\n  b. entalhar\n  c. lavrar\n2. a. cinzel\n  b. entalhador
chitchat	fofoca
chive	/tʃaiv/\n\ncebolinho
chloramphenicol	[s]\ncloranfenicol
chlorate	[s]\nclorato
chlordiazepoxide	[s]\nclordiazepóxido
chloride	[s]\ncloreto
chlorite	[s]\nclorito
chlorobenzene	[s]\nclorobenzeno
chlorofluorocarbon	[s]\nclorofluorcarbono
chlorofluoromethane	[s]\nclorofluormetano
chloroform	[s]\nclorofórmio
chloroplast	[s]\ncloroplasto
chloroquine	[s]\ncloroquina
chlorpromazine	[s]\nclorpromazina
chlorpropamide	[s]\nclorpropamida
chocolate	/tʃoukəleit/\n\nchocolate
choice	/tʃɔis/\n\n1. designação\n2. eleição\n3. escolha
choke	/tʃouk/\n\n1. estrangular\n2. a. abafar\n  b. sufocar
cholecystectomy	[s]\ncolecistectomia
cholecystitis	[s]\ncolecistite
choledocholithiasis	[s]\ncoledocolitíase
cholelithiasis	[s]\ncolelitíase
cholera	/kɔlərə/\n\ncólera
choleric	[adjective]\ncolérico
cholestasis	[s]\ncolestase
cholestatic	[adjective]\ncolestático
cholesterol	colesterol
choline	[s]\ncolina
cholinergic	[adjective]\ncolinérgico
cholinergically	[adverb]\ncolinergicamente
choose	/tʃuːz/\n\n1. designar\n2. eleger\n3. escolher\n4. nomear\n5. optar
choosy	exigente
chop	/tʃɔp/\n\n1. cortar em pedaços pequenos\n2. a. cortar com machado\n  b. picar\n  c. rachar
choppy	agitado
chord	/tʃɔːd/\n\nacorde
choreograph	[vt]\ncoreografar
choreographer	[s]\ncoreógrafo
choreographic	[adjective]\ncoreográfico
choreographically	[adverb]\n\n1. coreograficamente\n2. de forma coreográfica
choreography	[s]\ncoreografia
chorion	[s]\ncórion
chorionic	[adjective]\ncoriônico
chorus	/kɔːrəs/\n\n1. coral\n2. coro
chrestomathy	/krəstɔməθiː/\n\n1. coletânea\n2. crestomatia
Christ	/kraist/\n\nCristo
christen	/krisn/\n\nbatizar
christening	/krisniŋ/\n\nbatismo
Christian	/kristʃən/\n\ncristão
Christian name	/kristʃənneim/\n\n1. nomedebaptismo\n2. nomedebatisto
Christianity	/kristiænitiː/\n\ncristianismo
Christmas	/krisməs/\n\nNatal
chromatic	[adjective]\ncromático
chromatin	[s]\ncromatina
chromatogram	[s]\ncromatograma
chromatographic	[adjective]\ncromatográfico
chromatographically	[adverb]\n\n1. cromatograficamente\n2. de forma cromatográfica
chromatography	[s]\ncromatografia
chrome	[s]\n[adjective]\n[vt]\n\n1. cromado\n2. cromar
chromium	[s]\ncromo
chromosomal	cromossomal
chromosome	cromossomo
chromosphere	[s]\ncromosfera
chronic	crônico
chronically	[adverb]\ncronicamente
chronicle	/krɔnikl/\n\ncrónica
chronicler	/krɔniklər/\n\ncronista
chronobiologic	[adjective]\ncronobiológico
chronobiology	[s]\ncronobiologia
chronological	[adjective]\ncronológico
chronologically	[adverb]\ncronologicamente
chronology	[s]\ncronologia
chronometer	[s]\ncronômetro
chronometric	[adjective]\ncronométrico
chronometrical	[adjective]\ncronométrico
chronometrically	[adverb]\n\n1. cronometricamente\n2. de forma cronométrica
chronometry	[s]\ncronometria
chrysanthemum	[s]\ncrisântemo
chuck	/tʃʌk/\n\n1. acariciar\n2. afagar\n3. mimosear
chunk	/tʃʌŋk/\n\n1. bola\n2. torrão
chunk of wood	/tʃʌŋkɔfwud/\n\n1. cepo\n2. talho
church	/tʃəːtʃ/\n\n1. igreja\n2. templo\n3. casa de oração
church-building	1. igreja\n2. templo\n3. casa de oração
churn	/tʃəːn/\n\nbater a nata
chyle	[s]\nquilo
chylothorax	[s]\nquilotórax
cicatrice	[s]\ncicatriz
cicatricial	[adjective]\ncicatricial
cicatrix	[s]\ncicatriz
cicatrization	[s]\ncicatrização
cicatrize	[vt]\ncicatrizar
Cicero	/tʃisɛərou/\n\nCícero
cider	/saidər/\n\ncidra
cigar	/sigɑːr/\n\ncharuto
cigarette	/sigəret/\n\ncigarro
cigarillo	/sigəriljou/\n\ncharutofino
ciliary	[adjective]\nciliar
cinder	/sindər/\n\ncinza
Cinderella	/sindərelə/\n\nGataBorralheira
cinema	/sinəmə/\n\ncinema
cinnamon	/sinəmən/\n\ncanela
CIO	[s]\ndiretor de tecnologia da informação
cipher	/saifər/\n\n1. algarismo\n2. cifra\n3. número
circadian	[adjective]\ncircadiano
Circassia	/səːkæʃə/\n\nCircássia
Circe	/sis/\n\nCirce
circle	/səːkl/\n\n1. círculo\n2. a. circunferência\n  b. roda
circuit	/səːkit/\n\ncircuito
circular	/səːkjulər/\n\ncircular
circulate	/səːkjuleit/\n\ncircular
circulation	/səːkjuleiʃən/\n\ncirculação
circulatory	[adjective]\ncirculatório
circumcenter	[s]\ncircuncentro
circumcise	/səːkəmsaiz/\n\ncircuncidar
circumcision	[s]\ncircuncisão
circumference	/səːkʌmfərəns/\n\n1. círculo\n2. perímetro
circumferential	[adjective]\ncircunferencial
circumflex	/səːkəmfleks/\n\nacentocircunflexo
circumlocution	[s]\ncircunlóquio
circumstance	/səːkəmstəns/\n\ncircunstância
circumstances	/səːkəmstənsiz/\n\n1. circunstância\n2. condição\n3. posição\n4. situação
circumstantial	[adjective]\ncircunstancial
circumstantially	[adverb]\n\n1. circunstancialmente\n2. de forma circunstancial
circumvent	/səːkəmvent/\n\n1. circular\n2. rodear
circumvolution	[s]\ncircunvolução
circus	/səːkəs/\n\ncirco
cirrhosis	cirrose
cirrhotic	[adjective]\ncirrótico
cisplatin	[s]\ncisplatina
cistern	/sistən/\n\n1. cisterna\n2. tanque
citadel	/sitədəl/\n\ncidadela
citation	/saiteiʃən/\n\ncitação
cite	/sait/\n\n1. citar\n2. mencionar
citizen	/sitizən/\n\ncidadão
citrate	[s]\ncitrato
city	/sitiː/\n\n1. metrópole\n2. a. cidade\n  b. município
city hall	/sitiːhɔːl/\n\nprefeitura
city state	/sitiːsteit/\n\n1. cidade\n2. cidadelivre
civic	/sivik/\n\ncivil
civil	/sivəl/\n\ncivil
civilian	/siviliən/\n\ncivil
civility	[s]\ncivilidade
civilization	/sivilaizeiʃən/\n\ncivilização
civilize	/sivilaiz/\n\n1. civilizar\n2. darcivilização\n3. domesticar\n4. policiar
claim	/kleim/\n\n1. a. alegar\n  b. pretender\n2. pretensão
clammy	[adjective]\n\n1. viscoso\n2. pegajoso
clamor	[s]\nclamor
clamorous	[adjective]\nclamoroso
clamp	/klæmp/\n\n1. grampo\n2. parêntese
clan	/klæn/\n\n1. gênero\n2. raça\n3. tribo
clandestine	[adjective]\nclandestino
clandestinely	[adverb]\nclandestinamente
clandestinity	[s]\nclandestinidade
clap	/klæp/\n\n1. a. aplaudir\n  b. aprovar\n  c. baterpalmas\n  d. louvar\n2. blenorréia
clarification	[s]\n\n1. clarificação\n2. esclarecimento
clarify	/klærifai/\n\nexplicar
clarinet	[s]\nclarineta
clarion	[s]\nclarim
clarity	[s]\nclaridade
clash	1. a. estridor\n  b. choque\n2. a. chocar-se\n  b. entrar em conflito\n  c. ter uma desavença
clasp	/klɑːsp/\n\n1. a. abotoarcomcolchetes\n  b. abrochar\n  c. acolchetar\n2. a. cochete\n  b. colchetemacho
class	/klɑːs/\n\n1. curso\n2. cotação\n3. percurso
classic	clássico
classical	[adjective]\nclássico
classically	classicamente
classifiable	[adjective]\nclassificável
classification	classificação
classificatory	[adjective]\nclassificatório
classified	classificado
classifier	[s]\nclassificador
classify	[vt]\n\n1. classificar\n2. catalogar
classmate	[s]\ncolega de classe
classroom	[s]\nsala de aula
clatter	/klætər/\n\nbaterrepetidamente
claudication	[s]\nclaudicação
claustrophobia	[s]\nclaustrofobia
claustrophobic	[adjective]\nclaustrofóbico
claustrophobically	[adverb]\n\n1. claustrofobicamente\n2. de forma claustrofóbica
clavicle	[s]\nclavícula
clavicular	[adjective]\nclavicular
claw	/klɔː/\n\n[s]\n[vt]\n\n1. garra\n2. arranhar
clay	/klei/\n\n1. argiloso\n2. a. argila\n  b. barro\n  c. greda
clean	/kliːn/\n\n1. a. limpo\n  b. puro\n2. a. assear\n  b. limpar\n  c. purificar
clean up	[vt]\n\n1. limpar\n2. por em ordem
cleanable	[adjective]\nlimpável
cleaner	[s]\n[adjective]\n\n1. limpador\n2. clareador\n3. mais limpo\n4. mais claro
cleanliness	/klenlinəs/\n\n1. asseio\n2. limpeza\n3. pureza
cleanly	[adverb]\n\n1. claramente\n2. a. sem falhas\n  b. perfeitamente
cleanly cut	/klenliːkʌt/\n\n1. bemacabado\n2. distinto\n3. limpo\n4. líquido\n5. polido
cleanness	[s]\nlimpeza
cleanse	/kliːnz/\n\n1. assear\n2. limpar\n3. purificar
cleanup	[s]\nlimpeza
clear	/kliər/\n\n1. a. claro\n  b. luminoso\n  c. luzente\n2. distinto
clear the throat	pigarrear
clearance	depuração
clearest	1. o mais claro\n2. o mais limpo
clearheadedness	[s]\nlucidez
clearly	1. claramente\n2. de forma clara\n3. de forma limpa
cleft	[s]\n\n1. rachadura\n2. fissura\n3. partido
cleft lip	[s]\n\n1. fissura labial\n2. lábio leporino
cleft palate	[s]\n\n1. fissura palatina\n2. lábio leporino
clemency	clemência
clement	[adjective]\nclemente
clergy	[s]\n\n1. clero\n2. sacerdócio
clergyman	/kləːdʒimən/\n\n1. a. clérigo\n  b. padre\n2. sacerdote
clerk	/klɑːk/\n\n1. balconista\n2. caixeiro
clever	/klevər/\n\n1. a. ágil\n  b. hábil\n  c. jeitoso\n2. a. ardiloso\n  b. astuto\n  c. ladino
click	1. a. clique\n  b. estalo\n2. a. clicar\n  b. estalar
client	/kliːənt/\n\n1. cliente\n2. a. comprador\n  b. freguês
climacteric	[s]\nclimatério
climate	/klaimət/\n\nclima
climatic	[adjective]\nclimático
climatology	[s]\nclimatologia
climb	/klaim/\n\n[s]\n[vt]\n\n1. ascenção\n2. escalada\n3. a. subir\n  b. ascender\n4. escalar
climber	/klaimbər/\n\nalpinista
cling to	/kliŋtou/\n\n1. aferrar\n2. enganchar\n3. fixar
clinical	clínico
clinically	clinicamente
clinician	clínico
clip	/klip/\n\n1. cortar\n2. podar\n3. tosar\n4. tosquiar
clipboard	[s]\nárea de transferência
clitoric	[adjective]\nclitórico
clitoris	[s]\nclítoris
cloak	/klouk/\n\ncapa
cloakroom	/kloukruːm/\n\nguarda-roupa
clock	/klɔk/\n\nrelógio
clod	/klɔd/\n\n1. bola\n2. torrão
clog	/klɔg/\n\n1. arrolhar\n2. tampar\n3. tapar
clonal	[adjective]\nclonal
clone	[s]\n[vt]\n\n1. clone\n2. clonar
clonic	[adjective]\nclônico
clonicity	[s]\nclonicidade
clonidine	[s]\nclonidina
close	/klouz/\n\n1. a. fechar\n  b. cerrar\n2. fechar-se\n3. a. familiar\n  b. íntimo\n  c. particular\n  d. privado\n4. a. acanhado\n  b. apertado\n  c. estreito\n5. a. junto\n  b. próximo
closed	/klouzd/\n\nfechado
closely	1. fielmente\n2. rigorosamente\n3. de perto
closeness	[s]\nproximidade
closer	[s]\n[adjective]\n[adverb]\n\n1. aquele que termina\n2. a. mais apertado\n  b. mais justo\n3. mais perto
closest	[adjective]\n\n1. o mais perto\n2. a. o mais apertado\n  b. o mais justo
closet	/klɔzit/\n\n1. armário\n2. estante
cloth	/klɔθ/\n\n1. a. fazenda\n  b. pano\n  c. tecidodelã\n2. a. estofo\n  b. tecido
clothe	/klouð/\n\n1. cobrir\n2. vestir\n3. revestir
clothes	/klouðz/\n\nroupas
clothing	/klouðiŋ/\n\nroupas
cloud	/klaud/\n\nnuvem
cloudy	/klaudiː/\n\nnublado
clover	/klouvər/\n\ntrevo
clown	[s]\npalhaço
club member	/klʌbmembər/\n\nsócio de clube
clubs	/klʌbz/\n\n1. paus\n2. trevo
clue	[s]\n\n1. pista\n2. dica\n3. indício
clueless	[adjective]\n\n1. sem pistas\n2. perdido
clump	grupo
clumsy	1. desajeitado\n2. deselegante\n3. mal-feito
cluster	/kluːstər/\n\n1. feixe\n2. molho\n3. penca
clutch	[s]\n[vt]\n\n1. aprisionamento\n2. ninho\n3. embreagem\n4. agarrar com força\n5. prender
clutter	1. a. desordem\n  b. bagunça\n  c. algazarra\n2. a. abarrotar\n  b. encher desordenadamente\n3. fazer barulho ou algazarra
co-operate	colaborar
co-ordinate	coordenar
coach	/koutʃ/\n\n1. a. educar\n  b. instruir\n2. a. adestrar\n  b. exercitar\n  c. treinar\n3. a. carruagem\n  b. vagão
coachman	[s]\ncocheiro
coaction	[s]\ncoação
coactive	[adjective]\ncoativo
coadaptation	[s]\ncoadaptação
coadministration	[s]\ncoadministração
coagulability	[s]\ncoagulabilidade
coagulable	[adjective]\ncoagulável
coagulant	[s]\ncoagulante
coagulase	[s]\ncoagulase
coagulate	[vt]\ncoagular
coagulation	coagulação
coagulopathy	coagulopatia
coagulum	[s]\ncoágulo
coal	/koul/\n\ncarvão
coalesce	[vi]\ncoalescer
coalescence	[s]\ncoalescência
coalescent	[adjective]\ncoalescente
coalition	[s]\ncoalizão
coarctation	coarctação
coarse	/kɔːs/\n\n1. a. agreste\n  b. grosseiro\n  c. ríspido\n  d. rude\n  e. tosco\n2. a. deselegante\n  b. falta de elegância\n  c. indecoroso
coast	/koust/\n\n1. a. costeiro\n  b. litorâneo\n2. a. costa\n  b. litoral
coast-	1. costeiro\n2. litorâneo
coastal	/koustl/\n\n1. costeiro\n2. litorâneo
coastguard	[s]\nguarda costeira
coat	/kout/\n\n1. casacão\n2. paletó\n3. sobretudo
coauthor	[s]\n[vt]\n\n1. coautor\n2. ser coautor
cobalamin	[s]\ncobalamina
cobalt	[s]\ncobalto
cobweb	[s]\nteia de aranha
cocain	[s]\ncocaína
cocaine	[s]\ncocaína
coccus	[s]\n\n1. coco\n2. bacteria de forma arredondada
coccyx	[s]\ncóccix
cock	/kɔk/\n\n[s]\n\n1. pênis\n2. galo
cockfight	/kɔkfait/\n\nbrigadegalo
cockroach	/kɔkroutʃ/\n\n1. barata\n2. blata
cocktail	[s]\ncoquetel
cocomposer	[s]\ncocompositor
cocreator	[s]\ncocriador
cod	/koud/\n\nbacalhau
coddle	/kɔdl/\n\n1. acariciar\n2. afagar\n3. amimar\n4. favorecer\n5. mimosear
code	/koud/\n\n1. código\n2. a. cifra\n  b. código secreto\n  c. escrita secreta
coder	[s]\nprogramador
codfish	/kɔdfiʃ/\n\nbacalhau
codfish-oil	óleodebacalhau
codification	[s]\ncodificação
codifier	[s]\ncodificador
codify	[vt]\ncodificar
codirect	[vt]\ncodirigir
codirector	[s]\ncodiretor
coenzymatic	[adjective]\ncoenzimático
coenzymatically	[adverb]\ncoenzimaticamente
coenzyme	[s]\ncoenzima
coercion	[s]\ncoerção
coexist	[vt]\ncoexistir
coexistence	[s]\ncoexistência
coexistent	[adjective]\ncoexistente
cofactor	cofator
coffee	/kɔfiː/\n\ncafé
coffee-house	café
coffee-pot	cafeteira
coffer	burra
coffin	/kɔfin/\n\n1. ataúde\n2. caixão\n3. esquife\n4. féretro
cofunction	[s]\ncofunção
cogitable	[adjective]\ncogitável
cogitate	[vt]\ncogitar
cogitation	[s]\ncogitação
cognac	/kɔnjæk/\n\n1. aguardente\n2. conhaque
cognition	[s]\ncognição
cognitive	cognitivo
cohabit	[vt]\ncoabitar
cohabitant	[s]\ncoabitante
cohabitation	[s]\ncoabitação
coherence	[s]\ncoerência
coherent	coerente
cohesion	[s]\ncoesão
cohesive	[adjective]\ncoesivo
cohesively	[adverb]\n\n1. coesivamente\n2. de forma coesiva
cohort	[s]\ncoorte
coil	/kɔil/\n\n1. bobina\n2. carretel\n3. carrinho
coin	/kɔin/\n\nmoeda
coincide	1. coincidir\n2. combinar
coincidence	[adjective]\ncoincidente
coincident	[adjective]\ncoincidente
coir	/kɔiər/\n\n1. coral\n2. coro
coir loft	/kɔiərlɔft/\n\ncoro
colchicine	[s]\ncolchicina
cold	/kould/\n\n1. frio\n2. a. constipação\n  b. resfriado
coldest	o mais frio
coldly	[adverb]\nfriamente
coldness	[s]\nfrieza
colic	cólica
coliform	[s]\ncoliforme
collaborate	[vi]\n\n1. colaborar\n2. trabalhar junto
collaboration	colaboração
collaborator	[s]\ncolaborador
collagen	colágeno
collagenase	[s]\ncolagenase
collapse	/kəlæps/\n\n1. colapso\n2. colapsar
collar	/kɔlər/\n\ncolarinho
collateral	[adjective]\ncolateral
collaterally	[adverb]\n\n1. colateralmente\n2. de forma colateral
colleague	[s]\ncolega
collect	/kəlekt/\n\ncolher
collection	/kəlekʃən/\n\n1. coleção\n2. grupo\n3. reunião
collective	coletivo
collectively	coletivamente
collectivity	[s]\ncoletividade
collector	[s]\n\n1. coletor\n2. colecionador
college	1. faculdade\n2. instituto\n3. universidade
collegiate	[s]\ncolegiado
collide	colidir
collision	colisão
colloid	colóide
colloquial	1. coloquial\n2. familiar
colloquially	[adverb]\n\n1. coloquialmente\n2. informalmente
colombia	[s]\nColômbia
colon	[s]\n\n1. cólon\n2. dois pontos
colonialism	[s]\ncolonialismo
colonic	colônico
colonization	colonização
colonize	[vt]\ncolonizar
colonized	colonizado
colonizer	[s]\ncolonizador
color	cor
colored	colorido
colorful	[adjective]\ncolorido
colorimeter	[s]\ncolorímetro
colorimetric	[adjective]\ncolorimétrico
colorimetry	[s]\ncolorimetria
colorless	[adjective]\n\n1. incolor\n2. sem cor
colossal	[adjective]\ncolossal
colossus	[s]\ncolosso
colotomy	[s]\ncolotomia
colour	/kʌlər/\n\ncor
coltsfoot	/koultsfut/\n\n1. tussilagem\n2. unha-de-cavalo
columbine	/kɔləmbain/\n\naquilégia
column	/kɔləm/\n\ncoluna
coma	[s]\ncoma
comb	/koum/\n\npente
combat	/kɔmbæt/\n\n[s]\n[vt]\n\n1. a. combate\n  b. luta\n2. a. combater\n  b. lutar contra\n  c. opor
combatant	[s]\ncombatente
combinate	[adjective]\ncombinado
combination	[s]\ncombinação
combinatory	[adjective]\ncombinatório
combine	/kɔmbain/\n\n[vt]\ncombinar
combined	combinado
combustible	[adjective]\n\n1. combustível\n2. inflamável
combustion	[s]\ncombustão
come	/kʌm/\n\n[vt]\n[vi]\n\n1. a. derivar\n  b. provir\n  c. vir de\n2. a. chegar\n  b. vir
come about	/kʌməbaut/\n\n1. a. acontecer\n  b. fazer-se\n  c. tornar-se\n2. a. suceder\n  b. ter lugar
come across	/kʌməkrɔs/\n\n1. achar\n2. encontrar
come back	/kʌmbæk/\n\n1. regressar\n2. voltar
come close	/kʌmklouz/\n\n1. acercar-se\n2. aproximar-se
come closer	/kʌmklouzər/\n\n1. acercar-se\n2. aproximar-se
come into bloom	/kʌmintəbluːm/\n\ncomeçar a florir
come on	/kʌmwʌn/\n\n1. a. aproximar-se\n  b. dirigir-se\n2. acercar-se\n3. começar
come to a halt	/kʌmtouəhɔːlt/\n\n1. demorar-se\n2. deter-se\n3. parar
come to an agreement	/kʌmtouænəgriːmənt/\n\nentrar em acordo
come to an end	/kʌmtouænənd/\n\n1. acabar\n2. terminar
come together	/kʌmtəgeðər/\n\n1. unir-se\n2. reunir-se\n3. associar-se
come true	/kʌmtruː/\n\nrealizar-se
comedian	[s]\ncomediante
comedy	/kɔmədiː/\n\ncomédia
comet	[s]\ncometa
comfort	/kʌmfət/\n\n1. conforto\n2. a. confortar\n  b. aliviar\n  c. consolar
comfortable	/kʌmftəbl/\n\n1. confortável\n2. agradável\n3. cômodo
comfortably	/kʌmftəbliː/\n\n1. confortavelmente\n2. agradavelmente\n3. de maneira agradável
comfortless	[adjective]\n\n1. desconfortável\n2. sem conforto
comic	/kɔmik/\n\ncômico
comical	/kɔmikl/\n\n1. cómico\n2. cômico
comma	vírgula
command	/kəmɑːnd/\n\n1. a. mando\n  b. comando\n  c. ordem\n2. prescrição\n3. a. dar ordem\n  b. mandar\n  c. ordenar\n4. prescrever
commandable	[adjective]\ncomandável
commandant	[s]\ncomandante
commander	[s]\ncomandante
commandline	[s]\nlinha de comando
commas	[s]\nvírgula
commemorate	[vt]\ncomemorar
commemoration	[s]\ncomemoração
commemorative	[adjective]\ncomemorativo
commence	/kəmens/\n\n1. começar\n2. iniciar
commencement	/kəmensmənt/\n\nprincípio
commend	/kəmend/\n\n1. a. glorificar\n  b. santificar\n2. a. elogiar\n  b. gabar\n  c. louvar\n3. recomendar
commensal	[s]\ncomensal
commensalism	[s]\ncomensalismo
comment	1. cometário\n2. a. comentar\n  b. fazer comentários
commentary	[s]\ncomentário
commerce	/kɔməːs/\n\ncomércio
commercial	comercial
commercial-at sign	1. àzinho\n2. arroba
commercialization	[s]\ncomercialização
commercially	[adverb]\ncomercialmente
commissar	/kɔmisɑːr/\n\ncomissário
commission	/kəmiʃən/\n\n1. comissão\n2. comissãodocorretor
commissioner	/kəmiʃənər/\n\nmandatário
commissure	[s]\ncomissura
commit	1. cometer\n2. entregar
commit adultery	/kəmitədʌltəriː/\n\n1. adulterar\n2. cometeradultério
commit aggression	/kəmitəgreʃən/\n\nagredir
commitment	1. compromisso\n2. engajamento
committee	/kəmitiː/\n\n1. comissão\n2. comitê\n3. junta
commmand	1. a. comando\n  b. ordem\n  c. mandado\n2. a. comandar\n  b. mandar\n  c. ordenar
commodities	[s]\nproduto de consumo
commodity	/kəmɔditiː/\n\n1. a. artigo\n  b. objecto posto à venda\n  c. mercadoria\n2. fazenda
commodore	/kɔmədɔːr/\n\ncomodoro
common	/kɔmən/\n\n1. comum\n2. ordinário\n3. usual\n4. vulgar
commonly	1. comumente\n2. normalmente
commonplace	/kɔmənpleis/\n\n1. banal\n2. comun\n3. trivial\n4. vulgar
commotion	/kəmouʃən/\n\n1. a. agitação\n  b. alvoroço\n2. excitação doentia\n3. escândalo
commune	comungar
communicable	[adjective]\n\n1. comunicável\n2. transmissível
communicate	/kəmjuːnikeit/\n\n1. comunicar\n2. participar
communication	/kəmjuːnikeiʃən/\n\ncomunicação
communicative	[adjective]\ncomunicativo
communion	/kəmjuːniən/\n\ncomunhão
communist	/kɔmjunist/\n\ncomunista
community	/kəmjuːnitiː/\n\n1. comunidade\n2. município
commutative	[adjective]\ncomutativo
comorbidity	[s]\ncomorbidade
compact	/kəmpækt/\n\n1. compacto\n2. denso\n3. cerrado
compactible	[adjective]\ncompactável
compaction	[s]\ncompactação
companian	/kəmpæniən/\n\n1. acompanhante\n2. acólito\n3. companheiro
companion	/kəmpæniən/\n\n1. a. camarada\n  b. companheiro\n2. associado
companionship	[s]\ncompanherismo
company	/kʌmpəniː/\n\n1. a. firma\n  b. loja\n2. companhia
comparable	[adverb]\ncomparável
comparably	[adverb]\n\n1. comparavelmente\n2. de forma comparável
comparative	[s]\ncomparativo
comparatively	/kəmpærətivliː/\n\ncomparativamente
compare	/kəmpɛər/\n\ncomparar
compared	comparado
comparison	/kəmpærisn/\n\ncomparação
compartment	/kəmpɑːtmənt/\n\n1. a. compartimento\n  b. especialidade\n  c. secção\n2. compartimento de vagão
compass	/kʌmpəs/\n\n1. bússola\n2. compasso
compassion	/kəmpæʃən/\n\n1. compaixão\n2. piedade
compatibility	compatibilidade
compatible	/kəmpætəbl/\n\n1. congruente\n2. proporcionado
compatriot	/kəmpætriət/\n\n1. compatriota\n2. conterrâneo
compel	/kəmpel/\n\n1. constranger\n2. forçar\n3. obrigar
compelling	constrangedor
compendium	[s]\ncompêndio
compensate	/kɔmpənseit/\n\n1. premiar\n2. recompensar\n3. remunerar
compensation	/kəmpenseiʃən/\n\n1. recompensa\n2. remuneração
compensatory	compensatório
compete	/kəmpiːt/\n\n1. competir\n2. concorrer\n3. rivalizar
competence	competência
competency	[s]\ncompetência
competent	/kɔmpitənt/\n\n1. autorizado\n2. competente\n3. habilitado
competently	[adverb]\n\n1. competentemente\n2. de forma competente
competition	/kɔmpətiʃən/\n\ncompetição
competitive	competitivo
competitor	[s]\n\n1. competidor\n2. rival\n3. desafiador
compilation	/kɔmpileiʃən/\n\ncompilação
compile	/kəmpail/\n\ncompilar
compiler	compilador
complain	/kəmplein/\n\n1. lamentar-se\n2. lastimar-se\n3. queixar-se
complaint	/kəmpleint/\n\n1. acusação\n2. a. lamento\n  b. queixa
complement	complemento
complementary	[adjective]\ncomplementar
complete	/kəmpliːt/\n\n1. a. completo\n  b. cheio\n  c. pleno\n2. completar
completed	completado
completely	/kəmpliːtəliː/\n\ncompletamente
completeness	1. perfeição\n2. integralidade\n3. inteireza
completion	[s]\nconclusão
complex	/kəmpleks/\n\n1. complexo\n2. complicado
complexion	/kəmplekʃən/\n\ntez
complexity	complexidade
compliance	1. submissão\n2. conformidade
compliant	1. complacente\n2. submisso
complicate	/kəmplikeit/\n\ncomplicar
complicated	/kəmplikeitid/\n\n1. complicado\n2. complexo
complication	complicação
compliment	/kəmplimənt/\n\n1. cumprimentar\n2. a. cumprimento\n  b. vénia\n  c. vênia
component	componente
compose	/kəmpouz/\n\n1. compor\n2. escrever
composer	/kəmpouzər/\n\ncompositor
composition	/kɔmpəziʃən/\n\ncomposição
comprehensibility	[s]\ncompreensibilidade
comprehensible	[adjective]\ncompreensível
comprehension	[s]\ncompreensão
comprehensive	/kɔmprihensiv/\n\n[adjective]\n\n1. compreensivo\n2. a. extenso\n  b. amplo
comprehensively	[adverb]\nde forma compreensível
compress	[vt]\n\n1. comprimir\n2. compactar
compressed	[adjective]\ncomprimido
compressible	[adjective]\ncompressível
compression	[s]\ncompressão
compressive	[adjective]\ncompressivo
compressor	[s]\ncompressor
comprise	/kɔmpraiz/\n\n[vt]\n\n1. a. abranger\n  b. estender-se\n2. a. conter\n  b. incluir
compromise	1. meio-termo\n2. comprometer\n3. chegar a um meio-termo
compulsion	[s]\ncompulsão
compulsive	[adjective]\ncompulsivo
compulsively	[adverb]\n\n1. compulsivamente\n2. de forma compulsiva
compulsivity	[s]\ncompulsividade
compulsory	/kəmpʌlsəriː/\n\n1. compulsório\n2. forçoso\n3. obrigatório
computable	[adjective]\ncomputável
computation	[s]\ncomputação
compute	/kəmpjuːt/\n\ncomputar
computer	/kəmpjuːtər/\n\ncomputador
comrade	/kɔmreid/\n\n1. camarada\n2. companheiro
concatenate	[vt]\nconcatenar
concatenation	[s]\nconcatenação
concave	/kənkeiv/\n\n1. côncavo\n2. oco\n3. vazio
concavity	[s]\nconcavidade
conceal	/kənsiːl/\n\n1. acobertar\n2. esconder\n3. ocultar
conceited	/kənsiːtid/\n\n1. frívolo\n2. fútil\n3. vaidoso
conceive	/kənsiːv/\n\n[vt]\n\n1. a. entender\n  b. compreender\n2. a. conceber\n  b. gerar
concentrate	[s]\n[vt]\n\n1. concentrado\n2. concentrar\n3. concentrar-se
concentrated	/kɔnsəntreitid/\n\n1. basto\n2. cerrado\n3. compacto\n4. denso\n5. espesso
concentration	concentração
concentric	[adjective]\nconcêntrico
concentrically	[adverb]\n\n1. concentricamente\n2. de forma concêntrica
concept	/kɔnsept/\n\n1. conceito\n2. idéia
conception	concepção
concern	/kənsəːn/\n\n1. a. competir\n  b. concernir\n  c. dizer respeito a\n2. a. referir-se\n  b. ter relação com\n3. a. cuidado\n  b. preocupação\n  c. zelo
concerned	/kənsəːnd/\n\n1. concernente\n2. respectivo
concerning	/kənsəːniŋ/\n\n1. acerca de\n2. a. a respeito de\n  b. quanto a
concert	/kənsəːt/\n\nconcerto
concession	[s]\nconcessão
conciliate	[vt]\nconciliar
conciliatory	[adjective]\nconciliatório
concise	/kənsaiz/\n\n1. conciso\n2. lacónico\n3. lacônico\n4. sucinto
conclude	[vt]\nconcluir
conclusion	/kənkluːʒn/\n\n1. conclusão\n2. resultado
conclusive	[adjective]\nconclusivo
conclusively	[adverb]\n\n1. conclusivamente\n2. de forma conclusiva
concomitance	[s]\nconcomitância
concomitant	concomitante
concomitantly	[adverb]\n\n1. concomitantemente\n2. de forma concomitante
concord	/kɔŋkɔːd/\n\n1. acorde\n2. acordo\n3. ajuste\n4. concordância\n5. conformidade\n6. convenção
concordant	concordante
concrete	/kɔŋkriːt/\n\n1. concreto\n2. betão\n3. formigão
concubine	/kɔŋkjubain/\n\nconcubina
concurrence	/kənkʌrəns/\n\n1. acordo\n2. ajuste\n3. concordância\n4. conformidade\n5. convenção
concurrent	[s]\n[adjective]\nconcorrente
concurrently	[adverb]\n\n1. concorrentemente\n2. simultaneamente\n3. ao mesmo tempo
condemn	/kəndem/\n\n1. amaldiçoar\n2. a. desaprovar\n  b. reprovar
condemnable	/kəndemnəbl/\n\nreprovável
condemnation	/kɔndemneiʃən/\n\nreprovação
condemner	[s]\ncondenador
condensable	[adjective]\ncondensável
condensate	[s]\n[adjective]\n[vt]\n\n1. condensado\n2. condensar
condensation	[s]\ncondensação
condenser	[s]\ncondensador
condescend	[vt]\n\n1. tratar com condescendência\n2. permitir\n3. consentir
condescending	[s]\ncondescendência
condition	/kəndiʃən/\n\n1. a. cláusula\n  b. condição\n2. a. circunstância\n  b. posição\n  c. situação\n3. estado
conditional	[adjective]\ncondicional
conditionally	[adverb]\ncondicionalmente
condolences	/kəndoulənsiz/\n\n1. condolências\n2. pêsames
conduct	/kɔndʌkt/\n\n1. a. conduzir\n  b. dirigir\n  c. guiar\n  d. levar\n2. a. comportamento\n  b. conduta\n  c. procedimento
conduct oneself	/kɔndʌktwʌnself/\n\n1. agir\n2. comportar-se\n3. proceder
conduction	condução
conductor	/kəndʌktər/\n\n1. condutor\n2. motorista
conduit	[s]\n\n1. conduto\n2. cano
confabulation	[s]\nconfabulação
confection	[s]\nconfecção
confederacy	[s]\nconfederação
confederate	[s]\n[adjective]\n[vt]\n\n1. confederado\n2. a. confederar\n  b. unir em confederação
confederation	[s]\nconfederação
confederative	[adjective]\nconfederativo
confer	[vt]\nconferir
conference	/kɔnfərəns/\n\nconferência
confess	/kənfes/\n\n1. confessar\n2. professar\n3. reconhecer
confession	/kənfeʃən/\n\nconfissão
confidant	[s]\nconfidente
confide	/kənfaid/\n\n1. confiar\n2. contar com\n3. crer\n4. ter confiançaem
confidence	/kɔnfidəns/\n\n1. fé\n2. confidência\n3. confiança
confident	/kɔnfidənt/\n\nauto-confiante
confidential	/kɔnfidenʃl/\n\nconfidencial
confidentially	[adverb]\n\n1. confidencialmente\n2. de forma confidencial
config	configurar
configurable	[adjective]\nconfigurável
configuration	configuração
configure	[vt]\nconfigurar
confine	/kənfain/\n\n1. demarcar\n2. limitar\n3. restringir
confirm	/kənfəːm/\n\n1. confirmar\n2. homologar\n3. ratificar
confirmable	[adjective]\nconfirmável
confirmation	/kɔnfəmeiʃən/\n\nconfirmação
confiscable	[adjective]\nconfiscável
confiscate	/kɔnfiskeit/\n\nconfiscar
confiscation	[s]\nconfisco
confiscator	[s]\nconfiscador
conflagration	/kənfləgreiʃən/\n\nincêndio
conflict	/kənflikt/\n\nconflito
confluence	[s]\nconfluência
confluent	[adjective]\nconfluente
conform	/kənfɔːm/\n\n[vt]\n\n1. estar conforme a\n2. a. amoldar-se\n  b. adaptar-se\n  c. conformar-se
conforming	/kənfɔːmiŋ/\n\n[adjective]\n\n1. conforme\n2. adequado\n3. apropriado
conformism	[s]\nconformismo
conformity	[s]\nconformidade
confraternity	[s]\nconfraternidade
confront	/kənfrʌnt/\n\n1. a. atacar de frente\n  b. enfrentar\n2. a. afrontar\n  b. arrostar\n3. resistir
confuse	/kənfjuːz/\n\n1. atrapalhar\n2. confundir\n3. perturbar
confusion	/kənfjuːʒn/\n\n1. a. confusão\n  b. perturbação\n2. desordem
congenital	congênito
congestion	[s]\ncongestão
congestive	congestivo
conglomerate	[s]\n[adjective]\n[vt]\n\n1. conglomerado\n2. conglomerar
conglomeration	[s]\n\n1. conglomeração\n2. agregação
congratulate	/kəngrætʃuleit/\n\n1. darparabéns\n2. felicitar
congratulation	/kəngrætʃuleiʃən/\n\n1. congratulação\n2. parabéns
congregate	/kɔŋgrigeit/\n\nreunir-se
congress	/kɔŋgres/\n\ncongresso
congressman	[s]\n\n1. congressista\n2. parlamentar
congresswoman	[s]\n\n1. congressista\n2. parlamentar
congruent	/kɔŋgreənt/\n\n1. congruente\n2. proporcionado
conical	[adjective]\ncônico
conjecture	/kəndʒektʃər/\n\n1. conjetura\n2. a. conjeturar\n  b. supor
conjugated	conjugado
conjugation	[s]\nconjugação
conjunction	[s]\nconjunção
conjunctivae	[s]\nconjuntiva
conjunctivitis	[s]\nconjuntivite
connect	/kənekt/\n\n[vt]\n\n1. conectar\n2. ligar\n3. amarrar\n4. atar
connect up	/kənektʌp/\n\n[vt]\nligar
connectable	[adjective]\nconectável
connecter	[s]\nconector
connection	/kənekʃən/\n\n[s]\n\n1. conexão\n2. ligação\n3. aliança\n4. liga
connective	[s]\n[adjective]\n\n1. conexão\n2. conjunção\n3. conector\n4. conectivo\n5. conjuntivo
connectivity	[s]\nconectividade
connector	[s]\nconector
conquer	/kɔŋkər/\n\n[vt]\nconquistar
conqueror	[s]\nconquistador
conquest	[s]\nconquista
conquistador	[s]\nconquistador
consanguine	[adjective]\ncossangüineo
consanguinity	[s]\nconsangüinidade
conscience	/kɔnʃains/\n\n[s]\n\n1. consciência\n2. foro íntimo
conscienceless	[adjective]\nsem consciência
conscientious	/kɔnʃienʃəs/\n\nconsciensiosamente
conscious	[adjective]\nconsciente
consciousness	/kɔnʃəsnəs/\n\n[s]\n\n1. conhecimento\n2. consciência\n3. sentimento de si
consecrate	consagrar
consecutively	/kənsekjutivliː/\n\n[adverb]\n\n1. consecutivamente\n2. sucessivamente
consent	/kənsent/\n\n[s]\n[vt]\n\n1. a. consenso\n  b. consentimento\n2. a. consentir\n  b. anuir\n  c. concordar\n  d. estar de acordo
consequence	/kɔnsikwəns/\n\n[s]\nconseqüência
consequent	[adjective]\nconseqüente
consequently	/kɔnsikwentliː/\n\n1. conseqüentemente\n2. logo\n3. por conseguinte\n4. sendo assim
conservation	[s]\nconservação
conservative	/kənsəːvətiv/\n\n1. conservador\n2. preservativo
conserve	/kənsəːv/\n\n1. conservar\n2. guardar
consider	/kənsidər/\n\n1. a. considerar\n  b. refletir\n2. a. observar\n  b. mirar\n  c. olhar
considerable	/kənsidərəbl/\n\n1. considerável\n2. apreciável
considerably	consideravelmente
consideration	[s]\nconsideração
consignee	/kɔnsainiː/\n\ndestinatário
consist	/kənsist/\n\nconsistir
consistant	[adjective]\nconsistente
consistence	[s]\nconsistência
consistency	/kənsistənsiː/\n\nconsistência
consistent	/kənsistənt/\n\nconsistente
consistently	[adverb]\nconsistentemente
consolate	[vt]\nconsolar
consolation	/kɔnsəleiʃən/\n\n1. alívio\n2. consolação\n3. consolo
console	/kɔnsoul/\n\n1. aliviar\n2. consolar
consolidate	[adjective]\n[vt]\n[vi]\n\n1. consolidado\n2. consolidar\n3. consolidar-se
consonant	[s]\nconsoante
consortium	[s]\nconsórcio
conspiracy	/kənspirəsiː/\n\n1. a. complô\n  b. conjuração\n  c. trama\n2. conspiração
conspirator	[s]\nconspirador
conspire	/kənspaiər/\n\n1. conjurar\n2. conspirar
constancy	[s]\nconstância
constant	/kənstənt/\n\n1. a. constante\n  b. contínuo\n  c. permanente\n2. ininterrupto
constantly	/kənstəntliː/\n\n[adverb]\n\n1. constantemente\n2. de forma constante\n3. continuamente\n4. de forma contínua
constellation	[s]\nconstelação
consternation	/kənstənæʃən/\n\n1. consternação\n2. estupefação
constipate	/kənstipeit/\n\nconstipar
constipated	/kənstipeitid/\n\nconstipado
constipation	/kənstipeiʃən/\n\n1. constipação\n2. prisão de ventre
constitute	/kənstitjuːt/\n\n1. compor\n2. constituir\n3. estabelecer
constitution	/kənstitjuːʃən/\n\nconstituição
constitutional	/kənstitjuːʃənl/\n\nconstitucional
constitutionalism	[s]\nconstitucionalismo
constitutionalist	[s]\nconstitucionalista
constitutionalization	[s]\nconstitucionalização
constitutionalize	[vt]\nconstitucionalizar
constringent	/kənstrindʒənt/\n\nadstringente
construct	/kənstrʌkt/\n\n1. construir\n2. edificar\n3. erigir
construction	[s]\nconstrução
constructivism	[s]\nconstrutivismo
constructivist	[s]\nconstrutivista
constructor	[s]\n\n1. construtor\n2. aquele que constrói
consul	/kənsl/\n\n[s]\ncônsul
consulate	/kɔnsjulət/\n\n[s]\nconsulado
consult	/kənsʌlt/\n\nconsultar
consultant	[s]\nconsultor
consultation	/kənslteiʃən/\n\nconsulta
consume	/kənsjuːm/\n\n1. consumir\n2. esgotar\n3. gastar
consumer	/kənsjuːmər/\n\nconsumidor
consummate	[vt]\nconsumar
consummation	[s]\nconsumação
consumption	[s]\nconsumo
contact	/kɔntækt/\n\n[s]\n[vt]\n\n1. contato\n2. a. estar em contato com\n  b. manter contato com\n  c. ter contato com
contagious	[adjective]\ncontagioso
contain	/kəntein/\n\n[vt]\n\n1. conter\n2. incluir
container	/kənteinər/\n\n[s]\n\n1. caixa\n2. continente\n3. jarro\n4. vasilha\n5. vaso
contaminant	[s]\ncontaminante
contaminate	[vt]\ncontaminar
contamination	[s]\ncontaminação
contemplate	[vt]\ncontemplar
contemplation	[s]\ncontemplação
contemporaneous	[adjective]\ncontemporâneo
contemporary	[adjective]\n\n1. contemporâneo\n2. moderno\n3. atual
contempt	/kəntempt/\n\ndesprezo
contend with	/kəntendwið/\n\n1. lutar contra\n2. opor
content	1. conteúdo\n2. a. contente\n  b. satisfeito\n3. a. contentar\n  b. satisfazer
contented	/kəntentid/\n\n1. contente\n2. satisfeito
contentedness	contentamento
contention	/kəntenʃən/\n\n1. afirmacão\n2. asserção\n3. garantia
contentless	[adjective]\ndescontente
contentment	contentamento
contents	/kɔntents/\n\nconteúdo
contest	/kɔntist/\n\n[s]\n[vt]\n\n1. a. certame\n  b. concurso\n2. competição\n3. a. disputar\n  b. candidatar\n  c. competir
contestable	[adjective]\n\n1. contestável\n2. que se pode contestar
contestant	[s]\nconcorrente
contestation	[s]\ncontestação
contester	[s]\ncontestador
context	contexto
contextual	[adjective]\ncontextual
contextually	[adverb]\n\n1. contextualmente\n2. de forma contextual
continent	/kɔntinənt/\n\ncontinente
continental	[adjective]\ncontinental
contingency	/kəntindʒənsiː/\n\neventualidade
contingent	/kəntindʒənt/\n\n1. contingente\n2. eventual
continual	/kəntinjeəl/\n\n1. constante\n2. contínuo\n3. permanente
continually	/kəntinjuɔːliː/\n\ncontinuamente
continuation	/kəntinjueiʃən/\n\n1. continuação\n2. prosseguimento
continue	/kəntinjuː/\n\n1. a. continuar\n  b. durar\n  c. permanecer\n  d. prolongar-se\n2. a. avançar\n  b. prosseguir
continuity	[s]\ncontinuidade
continuous	[adjective]\ncontínuo
continuously	/kəntinjeəauzliː/\n\ncontinuamente
contort	/kəntɔːt/\n\n1. torcer\n2. retorcer
contour	/kɔntur/\n\ncontorno
contraband	/kɔntrəbænd/\n\ncontrabando
contraception	contracepção
contraceptive	contraceptivo
contract	/kɔntrækt/\n\n1. acordo\n2. contrato\n3. pacto
contractibility	[s]\ncontratilidade
contractile	[adjective]\ncontrátil
contraction	[s]\ncontração
contractual	[adjective]\ncontratual
contracture	[s]\ncontratura
contradict	/kɔntrədikt/\n\n1. contestar\n2. contradizer
contradiction	[s]\ncontradição
contradictory	[adjective]\ncontraditório
contradistinction	/kɔntrədistiŋkʃən/\n\nantagonismo
contraindicate	contraindicar
contraindicated	contraindicado
contraindication	[s]\ncontraindicação
contralateral	[adjective]\ncontralateral
contralto	/kɔntræltou/\n\n1. a. coltralto\n  b. violeta\n2. contralto
contralto voice	/kɔntræltouvɔis/\n\n1. coltralto\n2. violeta
contraposition	[s]\ncontraposição
contrariety	[s]\ncontrariedade
contrary	[s]\ncontrário
contrast	/kɔntrɑːst/\n\n1. antagonismo\n2. contrastar\n3. contraste
contravention	[s]\ncontravenção
contribute	/kɔntribjuːt/\n\n1. colaborar\n2. contribuir
contributer	1. contribuidor\n2. colaborador
contribution	/kɔntribjuːʃən/\n\ncontribuição
contributor	[s]\ncontribuidor
contrived	/kɔntraivd/\n\nartificial
control	/kɔntroul/\n\n1. controle\n2. a. controlar\n  b. dominar\n  c. governar\n  d. reger
controlable	[adjective]\ncontrolável
controllable	[adjective]\ncontrolável
controlled	controlado
controller	/kɔntroulər/\n\n1. controlador\n2. revisor
controversy	/kɔntrəvəːsiː/\n\n1. controvérsia\n2. polêmica
controvertible	[adjective]\ncontestável
contusion	[s]\ncontusão
convalesce	[vi]\nconvalescer
convalescence	[s]\nconvalescência
convalescent	[s]\n[adjective]\n\n1. convalescente\n2. a. de convalescência\n  b. de melhora
convenience	[s]\nconveniência
conveniency	[s]\nconveniência
convenient	/kənviːniənt/\n\n[adjective]\n\n1. a. conveniente\n  b. adequado\n2. a. cômodo\n  b. propício
conveniently	[adverb]\nconvenientemente
convention	/kənvenʃən/\n\nconvenção
conventional	[adjective]\nconvencional
converge	[vt]\nconvergir
convergence	[s]\nconvergência
convergency	[s]\nconvergência
convergent	[adjective]\nconvergente
conversation	/kɔnvəseiʃən/\n\nconversação
converse	/kənvəːs/\n\nconversar
conversion	/kənvəːʃən/\n\n1. conversão\n2. mudança
convert	converter
converter	[s]\nconversor
convey	/kənviː/\n\n1. alienar\n2. transmitir
conviction	/kənvikʃən/\n\nconvicção
convince	/kənvins/\n\n1. convencer\n2. persuadir
convocation	[s]\nconvocação
convoke	/kənvouk/\n\nconvocar
convulsion	convulsão
convulsive	convulsivo
cook	/kuk/\n\n1. cozinhar\n2. cozinheira
cookbook	[s]\nlivro de receitas
cooked	/kukt/\n\ncozinhado
cookie	/kukiː/\n\nbiscoito
cool	/kuːl/\n\n[adjective]\n\n1. a. frio\n  b. fresco\n2. legal
cooler	[s]\n\n1. resfriador\n2. refrigerador
cooperate	/kouɔpəreit/\n\ncolaborar
cooperation	[s]\ncooperação
cooperative	[s]\n[adjective]\n\n1. cooperativa\n2. cooperativo
coordinate	/kouɔːdineit/\n\n[s]\n[vt]\n\n1. coordenada\n2. coordenar
coordination	[s]\ncoordenação
coordinator	[s]\ncoordenador
copier	[s]\ncopiador
copious	/koupiəs/\n\n1. abundante\n2. basto\n3. copioso\n4. farto\n5. lauto
copiously	[adverb]\n\n1. copiosamente\n2. de forma copiosa
copper	/kɔpər/\n\n1. cobre\n2. a. cúprico\n  b. de cobre
coprocessor	[s]\ncoprocessador
coproduce	[vt]\ncoproduzir
coproducer	[s]\ncoprodutor
coproduct	[s]\ncoproduto
coproduction	[s]\ncoprodução
coprophagy	[s]\ncoprofagia
coproprietor	[s]\ncoproprietário
copulate	[vt]\ncopular
copulation	[s]\ncópula
copy	/kɔpiː/\n\n1. a. cópia\n  b. exemplar\n2. a. copiar\n  b. transcrever
copyright	/kɔpirait/\n\n1. direito autoral\n2. direito de cópia
cord	/kɔːd/\n\ncorda
cordial	/kɔːdiəl/\n\n1. cordial\n2. docoração\n3. cardíaco
cordiality	[s]\ncordialidade
cordially	[adverb]\n\n1. cordialmente\n2. de forma cordial
cordless	[adjective]\nsem fio
core	/kɔːr/\n\n1. âmago\n2. caroço\n3. cerne\n4. núcleo
corequisite	[s]\ncorrequisito
coresearcher	[s]\ncopesquisador
corespondent	[s]\ncorrespondente
cork	/kɔːk/\n\ncortiça
corkscrew	/kɔːkskruː/\n\nsaca-rolhas
corn	/kɔːn/\n\n1. calo\n2. milho
corner	/kɔːnər/\n\n1. a. abarcar\n  b. açambarcar\n  c. fazer truste\n2. esquina
cornerstone	[s]\npedra fundamental
cornflower	/kɔːnflauər/\n\naciano
cornification	[s]\ncornificação
coronal	[adjective]\ncoronal
coronary	[s]\n\n1. coronária\n2. artéria que irriga o coração
coronation	/kɔrəneiʃən/\n\ncoroação
corporal	/kɔːpərəl/\n\n1. cabo\n2. caporal
corporate	[adjective]\ncorporativo
corporation	/kɔːpəreiʃən/\n\ncorporação
corpse	/kɔːps/\n\n1. cadáver\n2. defunto\n3. morto
corpulent	/kɔːpjulənt/\n\n1. encorpado\n2. espesso\n3. grosso\n4. volumoso
corpus	[s]\ncorpo
corpuscle	/kɔːpʌsl/\n\ncorpúsculo
corral	/kərɑːl/\n\ncavalariça
correct	/kərekt/\n\n[adjective]\n\n1. correto\n2. a. corrigir\n  b. retificar\n3. a. afinado\n  b. correcto\n  c. exacto\n  d. exato\n  e. preciso
correctable	[adjective]\ncorrigível
correction	[s]\ncorreção
correctly	[adverb]\n\n1. corretamente\n2. de forma correta
corrector	[s]\n\n1. corretor\n2. quem corrige
correlation	[s]\ncorrelação
correspond	/kɔrispɔnd/\n\ncorresponder-se
correspondence	[s]\ncorrespondência
correspondent	[adjective]\ncorrespondente
corridor	/kɔridɔːr/\n\n1. corredor\n2. galeria\n3. passagem
corrigible	[adjective]\ncorrigível
corroborate	/kərɔbəreit/\n\n1. confirmar\n2. homologar\n3. ratificar
corrosion	[s]\ncorrosão
corrosive	[adjective]\ncorrosivo
corrosive sublimate	/kərousivsʌblimət/\n\nsublimado
corrosively	[adverb]\n\n1. corrosivamente\n2. de forma corrosiva
corrupt	[s]\n[vt]\n\n1. corrupto\n2. corromper
corruptible	[adjective]\ncorruptível
corruption	[s]\ncorrupção
cortex	[s]\ncortex
corticoid	[s]\ncorticóide
corticosteroid	[s]\ncorticosteroíde
corticotrophin	[s]\ncorticotrofina
corticotropin	[s]\ncorticotropina
cortisol	[s]\ncortisol
cortisone	[s]\ncortisona
corvette	[s]\ncorveta
cosigner	[s]\ncossignatário
cosmetic	[adjective]\ncosmético
cosmetic powder	/kɔzmetikpaudər/\n\n[s]\n\n1. pó\n2. pó-de-arroz
cosmic	[adjective]\ncósmico
cosmical	[adjective]\ncósmico
cosmically	[adverb]\ncosmicamente
cosmography	[s]\ncosmografia
cosmology	[s]\ncosmologia
cosmonaut	[s]\ncosmonauta
cosmos	/kɔzmɔs/\n\n[s]\n\n1. cosmo\n2. universo
cosponsor	[vt]\ncopatrocinar
cosponsorship	[s]\ncopatrocínio
cost	/kɔst/\n\n1. custar\n2. a. custo\n  b. preço\n3. gastos
costly	/kɔstliː/\n\ncaro
costume	/kɔstjuːm/\n\n[s]\n\n1. costume\n2. traje\n3. veste
cottage	/kɔtidʒ/\n\n[s]\n\n1. casinha\n2. casinhola
cotton	/kɔtn/\n\n[s]\nalgodão
cotton-wool	[s]\nalgodão carvado e comprido em camadas moles
couch	/kautʃ/\n\n[s]\n\n1. divã\n2. a. canapé\n  b. sofá
couch-grass	[s]\ngrama
cougar	[s]\npuma
cough	/kɔf/\n\n1. tossir\n2. tosse
council	[s]\nconselho (administrativo)
councilor	[s]\n\n1. conselheiro\n2. membro do conselho
counsel	/kaunsl/\n\n1. advogado\n2. a. anunciar\n  b. avisar\n  c. comunicar\n3. a. aconselhar\n  b. persuadir\n4. conselho
counsellor	/kaunsələr/\n\n[s]\nconselheiro
count	/kaunt/\n\n1. conde\n2. a. contar\n  b. calcular\n  c. computar\n  d. orçar\n3. numerar
count in	/kauntin/\n\n1. adicionar\n2. somar
counter	1. contra-\n2. contador
counterargument	[s]\n[vt]\n\n1. contra-argumento\n2. contra-argumentar
counterattack	[s]\n[vt]\n\n1. contra-ataque\n2. contra-atacar
counterbalance	[s]\n[vt]\n\n1. contrapeso\n2. contrabalançar
counterculture	[s]\ncontra-cultura
counterfeit	/kauntəfit/\n\n1. coisa falsificada\n2. falsidade\n3. falsificação
counterpart	[s]\n\n1. contrapartida\n2. sósia
counterpoint	[s]\n[vt]\n\n1. contraponto\n2. a. contrapor\n  b. contrastar
counterrevolution	[s]\ncontra-revolução
counterterrorism	[s]\ncontra-terrorismo
counting-frame	ábaco
countless	[adjective]\nincontável
country	/kʌntriː/\n\n1. a. campanha\n  b. campo\n  c. roça\n2. a. país\n  b. terra
countryman	/kʌntrimən/\n\ncamponês
countryside	/kʌntrisaid/\n\n1. campanha\n2. campo\n3. roça
coupe	1. compartimento\n2. compartimento de vagão
couple	/kʌpl/\n\n1. a. casal\n  b. esposo e esposa\n2. acoplar
coupon	/kuːpɔn/\n\n1. bilhete\n2. bónus\n3. bônus\n4. cupom
courage	/kʌridʒ/\n\n1. ânimo\n2. coragem\n3. denodo
courageous	/kəreidʒəs/\n\n1. afoito\n2. arrojado\n3. corajoso
courageously	[adjective]\ncorajosamente
course	/kɔːs/\n\n1. a. curso\n  b. cotação\n  c. percurso\n2. a. prato\n  b. travessa\n3. trivial
court	/kɔːt/\n\n1. a. galantear\n  b. namorar\n2. instância\n3. tribunal\n4. a. pátio\n  b. quintal\n  c. terreiro\n5. corte
courteous	/kəːtiəs/\n\n1. cavalheiro\n2. cortês\n3. gentil\n4. polido
courtesan	[s]\ncortesã
courtesy	cortesia
courtroom	/kɔːtruːm/\n\ntribunal
courtship	[s]\ncortejamento
courtyard	/kɔːtjɑːd/\n\n1. pátio\n2. quintal\n3. terreiro
cousin	/kʌzn/\n\n1. prima\n2. primo
cover	/kʌvər/\n\n[s]\n[vt]\n\n1. capa\n2. a. cobertura\n  b. tampa\n3. encadernação\n4. a. cobrir\n  b. abranger\n5. a. acobertar\n  b. encapar
coverage	[s]\ncobertura
covered	/kʌvəd/\n\ncoberto
covet	/kʌvit/\n\nserávidopor
covetousness	/kʌvitəsnəs/\n\n1. avidez\n2. cobiça
cow	/kau/\n\nvaca
coward	[adjective]\ncovarde
cowardice	/kauədis/\n\ncobardia
cowardly	[adverb]\ncovardemente
cowboy	/kaubɔi/\n\n1. boiadeiro\n2. vaqueiro
cower	/kauər/\n\n1. estaragachado\n2. estardecócoras
cowhouse	/kauhaus/\n\ncurral
cowl	/kaul/\n\n1. capuz\n2. pano de chaminé
cowshed	/kauʃet/\n\ncurral
coyote	coiote
cozy	aconchegante
crack	/kræk/\n\n1. a. fenda\n  b. greta\n  c. racha\n2. estalar\n3. a. estalido\n  b. estrondo
crackle	/krækl/\n\ncrepitar
cradle	/kreidl/\n\n[s]\n[vt]\n\n1. berço\n2. embalar
craft	[s]\n[verb]\n\n1. arte\n2. ofício\n3. astúcia\n4. barco\n5. fazer com astúcia
cramp	cólica
cramp-iron	1. armação\n2. armadura
cramped	/kræmpt/\n\n1. acanhado\n2. apertado\n3. estreito
crane	/krein/\n\n1. guindaste\n2. grou\n3. grua
cranial	[adjective]\ncranial
craniofacial	[adjective]\ncraniofacial
craniology	[s]\ncraniologia
craniometry	[s]\ncraniometria
craniosacral	[s]\ncraniossacral
craniotomy	[s]\ncraniotomia
cranium	[s]\ncrânio
crash	[s]\n[vt]\n\n1. colisão\n2. acidente\n3. quebra\n4. travamento de programa de computador\n5. bater\n6. explodir
crater	cratera
crawl	/krɔːl/\n\n[s]\n[vi]\n\n1. rastejamento\n2. engatinhamento\n3. andar em camera lenta\n4. rastejar-se\n5. engatinhar\n6. mover-se em camera lenta
crayfish	/kreifiʃ/\n\ncaranguejo
craze	/kreiz/\n\n1. furor\n2. moda\n3. voga
craziness	[s]\n\n1. loucura\n2. insanidade
crazy	/kreiziː/\n\n[adjective]\n\n1. insano\n2. louco\n3. alucinado\n4. doido\n5. maluco
creak	/kriːk/\n\nranger
cream	/kriːm/\n\n[s]\ncreme
crease	/kriːs/\n\n1. amarfanhar\n2. amarrotar\n3. amassar
create	/kriːeit/\n\n[vt]\n\n1. a. criar\n  b. fazer\n  c. instituir\n2. a. compor\n  b. escrever
creatine	[s]\ncreatina
creatinine	[s]\ncreatinina
creation	[s]\ncriação
creative	[adjective]\ncriativo
creativity	[s]\ncriatividade
creator	[s]\ncriador
creature	/kriːtʃər/\n\n[s]\n\n1. criatura\n2. ser\n3. ente\n4. entidade
credential	[s]\ncredencial
credit	/kredit/\n\n[s]\ncrédito
creditor	[s]\ncredor
credulity	[s]\ncredulidade
credulous	/kredjuləs/\n\n[adjective]\ncrédulo
creek	[s]\n\n1. riacho\n2. pequena ilha ou baía
creep	/kriːp/\n\n1. arrojar-se\n2. rastejar\n3. serpear
cremate	/krimeit/\n\ncremar
cremation	/krimeiʃən/\n\n[s]\ncremação
crematorium	[s]\ncrematório
crepitation	[s]\ncreptação
crepitus	[s]\ncrepto
crescent	[adjective]\ncrescente
crest	1. a. crista\n  b. poupa\n  c. topo\n  d. cume\n2. a. coroar\n  b. superar
crevice	/krevis/\n\n[s]\n\n1. fenda\n2. greta\n3. racha
crew	/kruː/\n\n[s]\n\n1. tripulação\n2. equipe
cricket	/krikit/\n\n[s]\ngrilo
crime	/kraim/\n\n[s]\ncrime
crimeless	[adjective]\nsem crime
criminal	/kriminl/\n\n[adjective]\n\n1. criminal\n2. criminoso
criminality	[s]\ncriminalidade
criminalize	[vt]\ncriminalizar
criminally	[adverb]\n\n1. criminalmente\n2. de forma criminal
criminology	[s]\ncriminologia
criminous	[adjective]\ncriminoso
crimson	/krimzn/\n\n[s]\ncarmesim
cripple	[s]\n[vt]\n\n1. a. coxo\n  b. aleijado\n2. aleijar\n3. inutilizar
crippled	/kripld/\n\n1. aleijado\n2. estropiado
crisis	/kraisis/\n\n[s]\ncrise
crista	[s]\ncrista
criterion	[s]\ncritério
criterium	[s]\ncritério
critic	[s]\ncrítico
critical	/kritikl/\n\ncrítico
critically	[adverb]\n\n1. criticamente\n2. de forma crítica
criticism	/kritisizəm/\n\n[s]\n\n1. crítica\n2. discernimento
criticize	/kritisaiz/\n\n1. apreciar\n2. criticar
croak	/krouk/\n\n1. crocitar\n2. grasnar
Croatian	[s]\nCroata
crockery	/krɔkəriː/\n\n1. objecto feito de argila\n2. a. faiança\n  b. faiença
crocodile	/krɔkədail/\n\ncrocodilo
crook	/kruk/\n\n1. bilontra\n2. gaio\n3. maroto\n4. patife
crooked	torto
croon	cantarolar
crop	1. colheita\n2. rendimento
cross	/krɔs/\n\n1. a. atravessar\n  b. cruzar\n2. cruz\n3. a. transpor\n  b. ultrapassar
cross out	/krɔsaut/\n\nanular
crossbow	[s]\n\n1. besta\n2. arco tipo besta
crossly	zangado
crossways	/krɔsweiz/\n\ntransversalmente
crosswise	/krɔswaiz/\n\ntransversalmente
crossword puzzle	/krɔswəːdpʌzl/\n\npalavrascruzadas
crouch	/krautʃ/\n\n1. estaragachado\n2. estardecócoras
crow	/krau/\n\n1. gralha\n2. corvo
crowbar	/kroubɑːr/\n\nalavanca
crowd	/kraud/\n\n1. acervo\n2. acúmulo\n3. chusma\n4. cúmulo\n5. montão\n6. multidão\n7. pilha\n8. ruma
crown	/kraun/\n\n1. arrematar\n2. coroar
crucifix	/kruːsifiks/\n\ncrucifixo
crucifixion	[s]\ncrucificação
crucify	/kruːsifai/\n\ncrucificar
crude	/kruːd/\n\n1. a. agreste\n  b. bronco\n  c. cru\n  d. rude\n2. a. grosseiro\n  b. ríspido\n  c. tosco\n3. a. deselegante\n  b. faltodeelegância\n  c. indecoroso
crude oil	/kruːdɔil/\n\n1. petróleobruto\n2. nafta
cruel	/kreəl/\n\n1. brutal\n2. cruel\n3. desalmado
cruelly	[adverb]\ncruelmente
cruelty	[s]\ncrueldade
cruise	/kruːz/\n\ncruzar
crumb	/krʌm/\n\n1. migalha\n2. migalhadepão
crumble	/krʌmbl/\n\n1. amarfanhar\n2. amarrotar\n3. amassar
crush	/krʌʃ/\n\n1. a. britar\n  b. esmagar\n  c. quebrar\n2. a. calcar\n  b. pisar\n  c. socar
crutch	/krʌtʃ/\n\nmuleta
cruzeiro	/kruːzɛərou/\n\ncruzeiro
cry	/krai/\n\n1. grito\n2. chorar
cry out	/kraiaut/\n\n1. berrar\n2. bradar\n3. gritar
cryobiology	[s]\ncriobiologia
cryogenic	[adjective]\ncriogênico
cryopreservation	[s]\ncriopreservação
cryotherapy	[s]\ncrioterapia
cryptographic	[adjective]\ncriptográfico
cryptography	[s]\ncriptografia
crystal	/kristl/\n\n1. a. cristalino\n  b. decristal\n2. cristal
crystalize	[vi]\ncristalizar
crystalline	[adjective]\ncristalino
crystallizable	[adjective]\ncristalizável
crystallization	[s]\ncristalização
crystallize	[vi]\ncristalizar
crystallography	[s]\ncristalografia
crystalloid	[adjective]\ncristalóide
Cuba	/kjuːbə/\n\nCuba
cube	/kjuːb/\n\ncubo
cubic	[adjective]\ncúbico
cubical	[adjective]\ncúbico
cubically	[adverb]\n\n1. cubicamente\n2. de forma cúbica
cubism	[s]\ncubismo
cubit	[s]\ncúbito
cubital	[adjective]\ncubital
cuboid	[adjective]\ncubóide
cuckoo	/kukuː/\n\ncuco
cucumber	/kjuːkʌmbər/\n\npepino
cudgel	cacete
cuff	esbofetear
culinary	[adjective]\nculinária
culpable	[adjective]\nculpável
culprit	/kʌlprit/\n\n1. culpado\n2. réu
cultivable	[adjective]\ncultivável
cultivate	/kʌltiveit/\n\n1. amanhar\n2. cultivar
cultivation	[s]\ncultivo
cultivator	[s]\ncultivador
cultural	cultural
culture	/kʌltʃər/\n\ncultura
cunning	/kʌniŋ/\n\n1. ardiloso\n2. astuto\n3. ladino
cunt	/kʌnt/\n\n1. vulva\n2. buceta\n3. xoxota
cup	/kʌp/\n\n[s]\n\n1. taça\n2. a. chávena\n  b. xícara\n3. copa
cupboard	/kʌbəd/\n\n1. armário\n2. estante
Cupid	/kjuːpit/\n\n1. Amor\n2. Cupido
cupola	/kjuːpələ/\n\n1. cúpula\n2. zimbório
cupric	[adjective]\ncúprico
curable	curável
curate	coadjutor
curative	[s]\n[adjective]\ncurativo
curator	1. diretor\n2. curador
curb	1. freio\n2. refrear
curdle	coalhar
curds	coalho
cure	/kjeər/\n\n1. a. curar\n  b. medicar\n2. sarar
cureless	[adjective]\n\n1. sem cura\n2. incurável
curettage	[s]\ncuretagem
curiosity	curiosidade
curious	/kjeəriəs/\n\n1. a. curisoso\n  b. notável\n  c. singular\n2. curioso
curiousity	[s]\ncuriosidade
curiously	curiosamente
curl	/kəːl/\n\n1. a. anelar\n  b. ondular\n2. a. anel\n  b. caracol\n3. frisar\n4. a. bater\n  b. fazermolinete\n  c. mexer
currency	/kʌrənsiː/\n\n[s]\nmoeda
current	/kʌrənt/\n\n[adjective]\n\n1. a. atual\n  b. vigente\n  c. contemporâneo\n  d. presente\n2. a. corrente\n  b. fluxo\n3. hodierno
currently	/kʌrentliː/\n\n[adverb]\n\n1. atualmente\n2. presentemente
curricular	[adjective]\ncurricular
curriculum	[s]\ncurrículo
curse	/kəːs/\n\n1. maldição\n2. a. blasfemar\n  b. maldizer\n  c. praguejar\n3. amaldiçoar\n4. a. desbocar-se\n  b. xingar
curtain	/kəːtn/\n\n1. cortina\n2. reposteiro
curtsy	/kəːtsiː/\n\n1. reverenciar\n2. a. mesura\n  b. reverência
curve	/kəːv/\n\n1. arco\n2. curva\n3. volta
curved	/kəːvd/\n\n1. curvo\n2. sinuoso\n3. tortuoso
cushion	/kuʃən/\n\n1. almofada\n2. coxim
cuss	/kʌs/\n\n1. a. blasfemar\n  b. maldizer\n  c. praguejar\n2. a. desbocar-se\n  b. xingar
custody	[s]\ncustódia
custom	/kʌstəm/\n\n1. a. costume\n  b. hábito\n  c. uso\n2. clientela\n3. a. personalizado\n  b. do jeito do cliente
custom-house	alfândega
customarily	[adverb]\n\n1. costumeiramente\n2. habitualmente
customary	/kʌstəməriː/\n\nusual
customer	/kʌstəmər/\n\n1. cliente\n2. freguês
customizable	personalizável
customization	[s]\npersonalização
customize	personalizar
customs	/kʌstəmz/\n\n1. alfândega\n2. aduana
cut	/kʌt/\n\n1. a. cortar\n  b. partir\n  c. talhar\n2. a. ceifar\n  b. foiçar\n  c. roçar\n  d. segar\n3. picar\n4. a. podar\n  b. tosar\n  c. tosquiar
cutaneous	[adjective]\ncutâneo
cute	fofo
cutlery	[s]\ntalher
cutlet	/kʌtlit/\n\ncosteleta
cyanocobalamin	[s]\ncianocobalamina
cyanosis	[s]\ncianose
cyanotic	cianótico
Cybele	/saibeliː/\n\nCibele
cybernetic	[adjective]\ncibernético
cybernetics	/saibənetiks/\n\ncibernética
Cyclades	/siklædz/\n\nCiclades
cyclamen	/sikləmən/\n\nciclame
cycle	/saikl/\n\n1. ciclo\n2. a. bicicleta\n  b. biciclo
cyclic	[adjective]\nciclíco
cyclical	[adjective]\ncíclico
cyclone	/saikloun/\n\nciclone
cylinder	/silindər/\n\ncilindro
cylinder phonograph	/silindərfounəgrɑːf/\n\n1. fonógrafo\n2. gramofone
cylindric	[adjective]\ncilíndrico
cylindrical	[adjective]\ncilíndrico
cylindrically	[adverb]\n\n1. cilindricamente\n2. de forma cilíndrica
cymbal	/simbl/\n\ncímbalo
cynical	/sinikl/\n\ncínico
cynicism	[s]\ncinismo
cypres	/saiprəz/\n\ncipreste
Cyprus	/saiprəs/\n\nChipre
cyst	cisto
cystic	cístico
cystitis	cistite
cytokine	citocina
cytology	citologia
cytomegalovirus	[s]\ncitomegalovírus
cytoplasm	[s]\ncitoplasma
cytotoxic	citóxico
cytotoxicity	citoxicidade
czar	/zɑːr/\n\ntsar
czarina	/zɑːriːnə/\n\ntsarina
Czech	/tʃek/\n\n1. checo\n2. tcheco
Czech Republic	/tʃekripʌblik/\n\nRepúblicaTcheca
Czechoslovak	/tʃekouslouvæk/\n\n1. checoslovaco\n2. tchecoslovaco
Czechoslovakia	/tʃekousləvækiə/\n\n1. Checoslovaquia\n2. Tcheco-Eslováquia
Czechoslovakian	/tʃekousləvækiən/\n\n1. checoslovaco\n2. tchecoslovaco
dad	/dæd/\n\npapai
dadaism	[s]\ndadaísmo
daddy	/dædiː/\n\npapai
daemon	[s]\n\n1. demônio\n2. programa residente
daft	1. doido\n2. maluco
dagger	/dægər/\n\npunhal
Daghestan	/dəgestən/\n\nDaguestão
dahlia	/deiliə/\n\ndália
Dahomey	/dɑːhəmiː/\n\nDaomé
daily	/deiliː/\n\n1. a. cotidiano\n  b. diário\n  c. quotidiano\n2. diáriamente
daily paper	/deiliːpeipər/\n\njornal
dainty	/deintiː/\n\n1. brando\n2. delicado\n3. fino\n4. grácil\n5. meigo\n6. mimoso\n7. sutil
dairy	/dɛəriː/\n\n1. leitaria\n2. leiteria
daisy	/deiziː/\n\n1. mal-me-quer\n2. margaridinha
Dalmatia	/dælmeiʃə/\n\nDalmácia
Dalmatian	/dælmeiʃən/\n\ndálmata
dam	/deim/\n\nbarragem
dam up	/deimʌp/\n\n1. deter\n2. represar
damage	/dæmidʒ/\n\n1. avaria\n2. danificar\n3. dano\n4. a. arruinar\n  b. avariar\n  c. deteriorar\n  d. estragar\n5. estrago
Damascus	/dəmæskəs/\n\nDamasco
dame	/deim/\n\n1. dama\n2. mulher\n3. senhora
damn	/deim/\n\n1. condenar ao inferno\n2. danar\n3. tornar maldito
damnation	[s]\n\n1. danação\n2. maldição\n3. condenação
Damocles	/dæməkliːz/\n\nDâmocles
damp	/dæmp/\n\n1. úmido\n2. húmido
dan	/dein/\n\ndan
dance	/dɑːns/\n\n1. baile\n2. a. bailar\n  b. dançar\n3. dança
dancer	/dɑːnsər/\n\n1. dançarina\n2. dançarino
dandelion	/dændilaiən/\n\ndente-de-leão
dandle	embalar
dandy	/dændiː/\n\n1. almofadinha\n2. janota\n3. dândi
Dane	/dein/\n\ndinamarquês
danger	/deindʒər/\n\n1. perigo\n2. risco
dangerous	/deindʒərəs/\n\n1. arriscado\n2. perigoso
dangerously	[adverb]\nperigosamente
Danish	/deiniʃ/\n\ndinamarquês
Danube	/dənʌb/\n\nDanúbio
Daphne	/dæfniː/\n\nDafne
dare	/dɛər/\n\n[vt]\n\n1. a. ousar\n  b. ter coragem de\n2. a. atrever-se\n  b. aventurar-sea
daring	/dəriŋ/\n\n[s]\n[adjective]\n\n1. audácia\n2. a. audaz\n  b. arriscado\n  c. ousado
dark	/dɑːk/\n\n[adjective]\n\n1. escuro\n2. negro
dark blue	/dɑːkbluː/\n\nazul-ferrete
dark-room	1. câmeraescura\n2. quartosemjanela
darkness	/dɑːknəs/\n\nescuridão
darling	/dɑːliŋ/\n\namado
darn	/dɑːn/\n\ncom os diabos
dash	[s]\n[vt]\n[vi]\n\n1. a. hífen\n  b. travessão\n2. correria\n3. arremessar\n4. frustrar\n5. a. precipitar-se\n  b. ir depressa
dash off	[vt]\n[vi]\n\n1. sair apressado\n2. sair a toda
dash-board	painel
database	[s]\nbanco de dados
date	/deit/\n\n[s]\n[vt]\n\n1. data\n2. encontro\n3. entrevista\n4. tâmara\n5. tamareira\n6. datar\n7. a. namorar\n  b. sair com
date palm	/deitpɑːm/\n\ntamareira
date-palm	tamareira
datum	/deitə/\n\n[s]\n\n1. dado\n2. informação
daughter	/dɔːtər/\n\nfilha
daughter-in-law	nora
daunt	1. desencorajar\n2. desalentar
daunting	1. desencorajador\n2. desalentador
dauntless	1. intrépido\n2. destemido
David	/deivid/\n\n1. Davi\n2. David
dawn	/dɔːn/\n\n[s]\n\n1. amanhecer\n2. aurora\n3. romper do dia
day	/dei/\n\ndia
daybreak	/deibreik/\n\n1. madrugada\n2. romper do dia
daydream	/deidriːm/\n\n1. a. devaneio\n  b. sonho\n2. a. devanear\n  b. fantasiar\n  c. sonhar
daylight	/deilait/\n\nluz do sol durante o dia
daystar	[s]\nestrela do dia
daytime	[s]\n\n1. dia\n2. horas em que há luz do sol
dazzle	/dæzl/\n\ncegar
de luxe	/dlʌks/\n\n1. luxuoso\n2. luxuriante
deacon	/diːkən/\n\ndiácono
deactivate	[vt]\ndesativar
deactivation	[s]\ndesativação
deactivator	[s]\ndesativador
dead	/ded/\n\n1. a. mortal\n  b. semvida\n2. morto
deaden	/dedn/\n\n1. amortecer\n2. amortizar
deadline	[s]\n\n1. prazo final\n2. data final
deadliness	[s]\nletalidade
deaf	/def/\n\nsurdo
deafness	surdez
deal	/diːl/\n\ndistribuir
deal in secondhand goods	/diːlinsekəndhændgudz/\n\nalborcar
deal with	/diːlwið/\n\n1. agenciar\n2. tratar
dealer	[s]\n\n1. negociante\n2. comerciante
deambulate	[vt]\ndeambular
dean	/diːn/\n\n1. deão\n2. decano
dear	/diər/\n\n1. caro\n2. prezado\n3. querido
death	/deθ/\n\n1. morte\n2. óbito
death throes	/deθθrouz/\n\n1. agonia\n2. ânsia\n3. passamento
deathful	[adjective]\nmortal
deathless	[adjective]\nimortal
debatable	[adjective]\n\n1. discutível\n2. que pode ser discutido\n3. que pode ser debatido
debate	/dibeit/\n\n1. debate\n2. discussão
debatement	[s]\ndebate
debauch	/dibɔːtʃ/\n\n1. viveremfarra\n2. vivernodeboche
debauchery	/dibɔːtʃəriː/\n\n1. farra\n2. deboche\n3. dissipação
debilitate	[vt]\ndebilitar
debility	[s]\n\n1. debilidade\n2. fraqueza
debit	/debit/\n\n1. débito\n2. deve
debridement	[s]\ndesbridamento
debris	/diːbriː/\n\n1. escombros\n2. destroços\n3. ruínas
debt	/det/\n\n1. dever\n2. dívida
debut	[s]\n[vi]\n\n1. a. primeira aparição\n  b. apresentação\n2. debutar
debutant	[s]\ndebutante
decade	/dekeid/\n\ndécada
decadence	[s]\ndecadência
decadency	[s]\ndecadência
decadent	[adjective]\ndecadente
decadently	[adverb]\nde forma decadente
decalcification	[s]\ndescalcificação
decalcify	[vt]\ndescalcificação
decaliter	[s]\ndecalitro
decalog	[s]\ndecálogo
decameter	[s]\ndecâmetro
decametre	/dikæmitər/\n\ndecâmetro
decant	/dikænt/\n\ndecantar
decantation	[s]\ndecantação
decanter	/dikæntər/\n\n1. garrafa\n2. jarra
decapitate	[vt]\ndecapitar
decapitation	[s]\ndecapitação
decapitator	[s]\ndecapitador
decasyllabic	[adjective]\ndecassilábico
decasyllable	[s]\ndecassílabo
decay	[s]\n[vi]\n\n1. decadência\n2. decair
decayed	/dikeid/\n\n1. caduco\n2. decrépito\n3. frágil
Deccan	/dekən/\n\nDecão
deceive	/disiːv/\n\n1. enganar\n2. iludir\n3. lograr
decelerate	[vi]\ndesacelerar
deceleration	[s]\ndesaceleração
decelerator	[s]\ndesacelerador
December	/disembər/\n\nDezembro
decency	[s]\ndecência
decent	/diːsnt/\n\n1. conveniente\n2. decoroso\n3. próprio
decently	/diːsentliː/\n\n1. comoéjusto\n2. comosedeve\n3. decentemente
decentralization	[s]\ndescentralização
decentralize	[vt]\ndescentralizar
deception	[s]\ndecepção
deceptive	/diseptiv/\n\nenganoso
decibel	[s]\ndecibel
decide	/disaid/\n\n1. decidir\n2. deliberar\n3. dirimir\n4. haver por bem\n5. julgar\n6. resolver
decigram	[s]\ndecigrama
deciliter	[s]\ndecilitro
decimal	[s]\n[adjective]\ndecimal
decimetre	/desimiːtər/\n\ndecímetro
decipher	/disaifər/\n\ndecifrar
decision	/disiʒn/\n\ndecisão
decisive	/disaisiv/\n\n1. a. decidido\n  b. resoluto\n2. decisivo
deck	/dek/\n\n1. coberta\n2. convés
declaim	/dikleim/\n\n1. declamar\n2. recitar
declarable	[adjective]\ndeclarável
declaration	/dekləreiʃən/\n\n[s]\n\n1. declaracão\n2. depoimento
declaration of policy	/dekləreiʃənɔfpɔləsiː/\n\n[s]\nprograma
declare	/diklɛər/\n\n1. declarar\n2. declinar\n3. depor
declinable	[adjective]\ndeclinável
decline	[s]\ndeclínio
decoction	/diːkɔkʃən/\n\ndecocção
decode	[vt]\n\n1. descodificar\n2. decifrar\n3. traduzir
decoder	[s]\ndecodificador
decolonization	[s]\ndescolonização
decolonize	[vt]\ndescolonizar
decompensation	[s]\ndescompensação
decomposition	[s]\ndecomposição
decompress	[vt]\ndescomprimir
decompression	[s]\ndescompressão
deconcentrate	[vt]\ndesconcentrar
deconcentration	[s]\ndesconcentração
decontaminate	[vt]\ndescontaminar
decontamination	[s]\ndescontaminação
decor	decoração
decorate	/dekəreit/\n\n1. a. decorar\n  b. fazerdecoração\n2. a. adornar\n  b. ornamentar
decoration	/dekəreiʃən/\n\ndecoração
decorative	[adjective]\ndecorativo
decoy	/diːkɔi/\n\n1. atrair\n2. engodar\n3. seduzir
decrease	/dikriːs/\n\n1. diminuir\n2. abaixar
decree	/dikriː/\n\n1. decreto\n2. decretar
decrepit	/dikrepit/\n\n1. caduco\n2. decrépito\n3. frágil
decrypt	[vt]\n\n1. descodificar\n2. decifrar
decryption	[s]\ndescodificação
dedicate	/dedikeit/\n\n1. consagrar\n2. dedicar\n3. oferecer\n4. votar
dedicated	dedicado
dedication	[s]\ndedicação
dedicatory	[s]\n[adjective]\n\n1. dedicatória\n2. dedicatório
deduce	/didjuːs/\n\n1. concluir\n2. deduzir\n3. inferir
deducible	[adjective]\ndeduzível
deduct	/didʌkt/\n\n1. descontar\n2. tirar
deductible	[adjective]\ndeduzível
deduction	[s]\ndedução
deed	[s]\n\n1. feito notável\n2. ato heróico
deem	/diːm/\n\n1. a. acreditar\n  b. crer\n2. a. julgar\n  b. opinar\n  c. serdeopinião\n3. a. observar\n  b. mirar\n  c. olhar
deep	/diːp/\n\n1. entranhado\n2. fundo\n3. profundo
deeply	[adverb]\nprofundamente
deer	/diər/\n\n1. cervo\n2. veado
defamation	[s]\ndifamação
defamatory	[adjective]\ndifamatório
defame	[vt]\ndifamar
default	/difɔːlt/\n\n1. padrão\n2. não pagamento
defeat	/difiːt/\n\n1. derrota\n2. a. debelar\n  b. superar\n  c. vencer
defecate	/defəkeit/\n\ndefecar
defect	defeito
defective	[adjective]\ndefeituoso
defence	/difens/\n\n1. defesa\n2. destacamento que protege a retaguarda de um exército
defenceless	1. indefeso\n2. sem defesas
defend	/difend/\n\n1. defender\n2. proteger\n3. pugnarpor\n4. resguardar
defendant	/difendənt/\n\nacusado
defender	[s]\ndefensor
defense	/difens/\n\ndefesa
defensible	[adjective]\ndefensável
defensive	defensivo
defer	atrasar
defiantly	/difaiəntliː/\n\n1. por acinte\n2. por desafio
defibrillate	[vt]\ndesfibrilar
defibrillation	[s]\ndesfibrilação
defibrillator	[s]\ndesfibrilador
deficiency	deficiência
deficient	[adjective]\ndeficiente
deficit	/defisit/\n\ndeficit
defile	/diːfail/\n\n1. desonrar\n2. profanar\n3. violar
define	/difain/\n\n1. definir\n2. designar\n3. destinar\n4. determinar\n5. fixar\n6. indicar\n7. marcar
definite	/definət/\n\n1. decisivo\n2. definitivo
definite article	/definətɑːtikl/\n\nartigodefinido
definitely	/definətiːliː/\n\n[adverb]\n\n1. definitivamente\n2. a. absolutamente\n  b. impreterivelmente\n  c. infalivelmente\n  d. sem falta
definition	/definiʃən/\n\n[s]\n\n1. definição\n2. designação\n3. fixação
definitive	/definətiv/\n\n[adjective]\n\n1. definitivo\n2. decisivo
definitively	[adverb]\n\n1. definitivamente\n2. de forma definitiva
deflower	desflorar
deform	[vt]\ndeformar
deformity	deformidade
defraud	/difrɔːd/\n\ndefraudar
defy	/diːfai/\n\n1. a. arrostar\n  b. desafiar\n  c. provocar\n2. reptar
degenerate	/didʒenəreit/\n\n1. corromper-se\n2. degenerar
degeneration	degeneração
degenerative	degenerativo
deglutition	deglutição
degradation	degradação
degrade	/digreid/\n\n1. degradar\n2. rebaixar
degree	/digriː/\n\n1. grau\n2. a. cabeçalho\n  b. epígrafe\n  c. título
degust	[vt]\ndegustar
degustation	[s]\ndegustação
dehumanization	[s]\ndesumanização
dehumanize	[vt]\ndesumanizar
dehydrate	[vt]\ndesidratar
dehydration	[s]\ndesidratação
dehydrogenase	[s]\ndesidrogenase
deity	[s]\n\n1. divindade\n2. deus
delay	/diːlei/\n\n1. atraso\n2. a. adiamento\n  b. demora\n  c. protelação\n3. a. adiar\n  b. atrasar\n  c. protelar\n  d. procrastinar
delegate	/deligeit/\n\n[s]\n[vt]\n\n1. delegado\n2. a. delegar\n  b. deputar
delegation	/deligeiʃən/\n\n1. delegação\n2. embaixada
delete	/diliːt/\n\n[vt]\n\n1. apagar\n2. deletar
deleterious	[adjective]\ndeletério
Delhi	/deliː/\n\nDeli
deliberate	[adjective]\n[vt]\n\n1. deliberado\n2. deliberar
deliberately	/dilibərætiːliː/\n\n1. depropósito\n2. intencionalmente\n3. deliberadamente
deliberation	[s]\n\n1. deliberação\n2. debate
delicacy	/delikəsiː/\n\n1. acepipe\n2. guloseima
delicate	/delikeit/\n\n1. brando\n2. delicado\n3. fino\n4. grácil\n5. meigo\n6. mimoso\n7. sutil
delicious	[adjective]\ndelicioso
deliciously	[adverb]\n\n1. deliciosamente\n2. de forma deliciosa
delight	/dilait/\n\n1. embevecer\n2. encantar\n3. extasiar
delight in	/dilaitin/\n\n1. desfrutar\n2. fruir\n3. gozar
delightful	/dilaitfəl/\n\n1. encantador\n2. maravilhoso
delimit	[vt]\ndelimitar
delimiter	[adjective]\ndelimitador
delineate	[vt]\ndelinear
delinquency	[s]\ndeliquência
delinquent	[s]\ndelinquente
delirious	/diliriəs/\n\ndelirante
delirium	/diliriəm/\n\ndelírio
deliver	/dilivər/\n\n1. dar\n2. entregar\n3. fornecer\n4. ministrar
deliverable	[adjective]\nque pode ser entregue
delivery	[s]\n\n1. entrega\n2. distribuição\n3. parto
delta	/deltə/\n\ndelta
deltoid	[s]\n[adjective]\ndeltóide
delude	/diluːd/\n\niludir
deluge	/deljuːdʒ/\n\ndilúvio
delusive	/diluːsiv/\n\nenganoso
deluxe	/dilʌks/\n\n1. luxuoso\n2. luxuriante
demagnetization	[s]\ndesmagnetização
demagnetize	[vt]\ndesmagnetizar
demagog	[s]\ndemagogo
demagogic	[adjective]\ndemagógico
demagoguery	[s]\ndemagogia
demand	/dimɑːnd/\n\n1. demanda\n2. a. boa aceitação\n  b. saída fácil\n3. a. exigir\n  b. postular\n  c. reclamar
demarcation	[s]\ndemarcação
dematerialization	[s]\ndesmaterialização
dematerialize	[vt]\ndesmaterializar
dementia	[s]\ndemência
Demeter	/demitər/\n\nDeméter
demigod	/demigɔd/\n\nsemideus
demineralization	[s]\ndesmineralização
demineralize	[vt]\ndesmineralizar
demission	[s]\ndemissão
demit	[s]\n[vt]\n[vi]\n\n1. demissão\n2. demitir\n3. demitir-se
demo	[s]\n[vt]\n\n1. demonstração\n2. demonstrar
demobilization	[s]\ndesmobilização
demobilize	[vt]\ndesmobilizar
democracy	/dimɔkrəsiː/\n\ndemocracia
democrat	/deməkræt/\n\ndemocrata
democratic	/deməkrætik/\n\ndemocrático
democratical	[adjective]\ndemocrático
democratization	[s]\ndemocratização
democratize	[vt]\ndemocratizar
demographic	[adjective]\ndemográfico
demography	[s]\ndemografia
demolish	[vt]\ndemolir
demolisher	[s]\ndemolidor
demolishment	[s]\ndemolição
demolition	[s]\ndemolição
demon	/demən/\n\n1. demo\n2. demônio
demoniac	[adjective]\ndemoníaco
demoniacal	[adjective]\ndemoníaco
demonic	/dimɔnik/\n\n1. demoníaco\n2. diabólico
demonstrable	demonstrável
demonstrate	/demənstreit/\n\n1. demonstrar\n2. apresentar\n3. expor\n4. fazer manifestação\n5. a. declarar\n  b. manifestar
demonstration	/demənstreiʃən/\n\n1. demonstração\n2. manifestação
demonstrative	/demənstrətiv/\n\ndemonstrativo
demonstrative pronoun	/demənstrətivprounaun/\n\npronome demonstrativo
demonstratively	[adverb]\n\n1. demonstrativamente\n2. de forma demonstrativa
demonstrator	[s]\ndemonstrador
demoralization	[s]\ndesmoralização
demoralize	[vt]\ndesmoralizar
den	/den/\n\n1. a. cabana\n  b. casebre\n  c. choça\n2. a. caverna\n  b. furna\n3. ninho
dendrite	[s]\ndendrito
dendritic	[adjective]\ndendrítico
dengue	[s]\ndengue
deniable	[adjective]\n\n1. negável\n2. que se pode negar
denitrification	[s]\ndesnitrificação
denitrify	[vt]\ndesnitrificar
Denmark	/denmɑːk/\n\nDinamarca
denomination	[s]\ndenominação
denotation	[s]\ndenotação
denotative	[adjective]\ndenotativo
denounce	/dinauns/\n\n1. delatar\n2. denunciar
dense	/dens/\n\n1. basto\n2. cerrado\n3. compacto\n4. denso\n5. espesso
density	[s]\ndensidade
dental	/dentl/\n\ndentário
dentin	[s]\ndentina
dentine	[s]\ndentina
dentist	/dentist/\n\ndentista
dentistry	[s]\nodontologia
dentition	[s]\ndentição
denunciation	[s]\ndenúncia
deny	/dinai/\n\n[vt]\n\n1. negar\n2. dizer não
deny oneself	/dinaiwʌnself/\n\nabnegar
deodorant	[s]\ndesodorante
deontological	[adjective]\ndeontológico
deontology	[s]\ndeontologia
deoxidation	[s]\ndesoxidação
deoxidize	[vt]\ndesoxidar
deoxygenate	[vt]\ndesoxigenar
deoxygenation	[s]\ndesoxigenação
depart	/dipɑːt/\n\n1. afastar-se\n2. ausentar-se\n3. partir\n4. retirar-se
department	/dipɑːtmənt/\n\n1. departamento\n2. a. compartimento\n  b. especialidade\n  c. secção
departure	/dipɑːtʃər/\n\npartida
depend	/dipend/\n\ndepender
depend onldepend upon	/dipendɔnldipendəpɔn/\n\ndepender de
dependant	dependente
dependence	[s]\ndependência
dependency	[s]\ndependência
dependent	[adjective]\ndependente
depict	/dipikt/\n\n1. figurar\n2. representar
depiction	[s]\n\n1. descrição\n2. representação\n3. caracterização
depigmentation	[s]\ndespigmentação
depilate	[vt]\ndepilar
depilation	[s]\ndepilação
depilatory	[adjective]\ndepilatório
depletion	[s]\ndepleção
deplorable	[adjective]\ndeplorável
deplorably	[adverb]\ndeploravelmente
deplore	[vt]\n\n1. deplorar\n2. lamentar
deploy	[vt]\n\n1. dispor\n2. distribuir
deployment	[s]\n\n1. a. disposição\n  b. distribuição\n2. instalação
depolarization	[s]\ndespolarização
depolarize	[vt]\ndespolarizar
depopulate	[vt]\ndespovoar
deport	/diːpɔːt/\n\ndeportar
deportable	[adjective]\ndeportável
deportation	[s]\ndeportação
deportment	/dipɔːtmənt/\n\n1. comportamento\n2. conduta\n3. procedimento
deposit	/dipɔzit/\n\n[s]\n[vt]\n\n1. depósito\n2. depositar
deposition	[s]\ndepósito
depositor	[s]\ndepositante
depository	/dipɔzitriː/\n\ndepósito
depravation	[s]\ndepravação
depravity	[s]\ndepravação
depreciate	[vt]\ndepreciar
depress	/dipres/\n\n1. abater\n2. deprimir\n3. desanimar
depressed	deprimido
depression	/dipreʃən/\n\n1. depressão\n2. crise
depressurization	[s]\ndespressurização
depressurize	[vt]\ndespressurizar
depth	/depθ/\n\n[s]\n\n1. profundeza\n2. profundidade
deputation	/depjuteiʃən/\n\ndelegação
depute	/dipjuːt/\n\ndeputar
deputy	/depjutiː/\n\ndeputado
derail	[vt]\ndescarrilhar
derange	[vt]\ndesarranjar
derangement	[s]\ndesarranjo
deregulate	[vt]\ndesregular
deregulation	[s]\ndesregulação
deride	[vt]\n\n1. zombar\n2. ridicularizar
derision	[s]\n\n1. zombaria\n2. ridicularização
derivate	[adjective]\n[vt]\n\n1. derivado\n2. derivar
derivation	[s]\nderivação
derivative	[adjective]\nderivado
derive	/diraiv/\n\n[vt]\n\n1. derivar\n2. provir\n3. vir de
dermatologic	[adjective]\ndermatológico
dermatology	[s]\ndermatologia
dermatome	[s]\ndermátomo
dermatophyte	[s]\ndermatófito
dermis	[s]\nderme
derrick	/derik/\n\ngrou
desalinate	[vt]\ndessalinizar
desalination	[s]\ndessalinização
desalinization	[s]\ndessalinização
desalinize	[vt]\ndessalinizar
desalt	[vt]\ndessalinizar
descend	/disend/\n\ndescer
descendant	[s]\ndescendente
descendent	[s]\n[adjective]\ndescendente
describe	/diskraib/\n\ndescrever
describer	[s]\ndescritor
description	[s]\ndescrição
descriptive	[adjective]\ndescritivo
descriptor	[s]\ndescritor
desensitization	[s]\ndessensibilização
desensitize	[vt]\ndessensibilizar
desert	/dezət/\n\n1. a. deserto\n  b. ermo\n  c. páramo\n  d. tapera\n2. abandonar
deserve	/dizəːv/\n\n1. merecer\n2. valer
deserver	[s]\nmerecedor
deserving	/dizəːviŋ/\n\ndigno
desiccation	[s]\ndessecação
design	/dizain/\n\n1. desenho\n2. a. descrever\n  b. desenhar\n  c. traçar\n3. a. plano\n  b. planta\n  c. posição\n  d. projeto\n4. esboço
designate	[vt]\ndesignar
desirable	/dizaiərəbl/\n\ndesejável
desire	/dizaiər/\n\n1. a. desejar\n  b. pretender\n  c. querer\n2. a. anseio\n  b. desejo\n  c. pretensão
desist	desistir
desistance	[s]\ndesistência
desk	/desk/\n\n1. carteira\n2. estante\n3. escrivaninha
desktop	[s]\n[adjective]\n\n1. área de trabalho\n2. desenhado para ser usado em uma mesa
desolate	/desələt/\n\n1. entristecedor\n2. melancólico\n3. nebuloso
desolation	[s]\ndesolação
despair	/dispɛər/\n\n1. a. desesperar\n  b. perderaesperança\n2. desespero
despairingly	desesperadamente
desperate	/despəreit/\n\n1. desesperador\n2. desesperado
desperately	[adverb]\ndesesperadamente
desperation	[s]\ndesespero
despicable	mesquinho
despise	/dispiz/\n\n1. desprezar\n2. querermal
despite	/dispait/\n\n1. a. a despeito de\n  b. apesar de\n  c. não obstante\n2. a. por acinte\n  b. por desafio
despot	/despɔt/\n\n[s]\ndéspota
despotic	/dispɔtik/\n\n[adjective]\n\n1. autocrata\n2. despótico\n3. tirano
despotism	[s]\ndespotismo
desquamate	[vi]\ndescamar-se
desquamation	[s]\ndescamação
dessert	/dizəːt/\n\nsobremesa
destabilize	[vt]\ndesestabilizar
destination	[s]\ndestino
destine	/destin/\n\n1. aprazar\n2. destinar\n3. reservar
destiny	/destiniː/\n\n1. destino\n2. a. sina\n  b. sorte
destitution	[s]\ndestituição
destroy	/distrɔi/\n\n1. defazer\n2. demolir\n3. destruir\n4. subverter
destroyer	[s]\n\n1. destruidor\n2. destróier
destruct	[vt]\ndestruir
destructible	[adjective]\ndestrutível
destruction	/distrʌkʃən/\n\n[s]\ndestruição
destructive	[adjective]\ndestrutivo
detach	[vt]\n\n1. desanexar\n2. desunir\n3. separar
detachment	/ditætʃmənt/\n\n1. destacamento\n2. equipe\n3. turma\n4. turno
detail	/diːteil/\n\n1. detalhe\n2. minúcia\n3. particularidade
detailed	/diːteild/\n\n1. circunstanciado\n2. detalhado\n3. pormenorizado
detain	/ditein/\n\n1. deter\n2. reter
detect	[vt]\ndetectar
detectable	[adjective]\ndetectável
detecter	[s]\ndetector
detection	[s]\ndetecção
detective	/ditektiv/\n\n1. detective\n2. investigador
detector	[s]\ndetector
detention	/ditenʃən/\n\nprisão
deteriorate	[vt]\ndeteriorar
deterioration	[s]\n\n1. deterioração\n2. piora
determinable	[adjective]\ndeterminável
determinate	[adjective]\ndeterminado
determination	[s]\ndeterminação
determine	/ditəːmin/\n\n1. a. definir\n  b. determinar\n  c. fixar\n2. a. designar\n  b. destinar\n  c. indicar\n  d. marcar\n3. a. aprazar\n  b. cravar
determinism	[s]\ndeterminismo
detest	[vt]\ndetestar
detestable	[adjective]\ndetestável
detestably	[adverb]\n\n1. detestavelmente\n2. de forma detestável
detestation	[s]\ndetestação
detonation	[s]\ndetonação
detonator	[s]\ndetonador
detoxicate	[vt]\ndesintoxicar
detoxication	[s]\ndesintoxicação
deuterium	[s]\ndeutério
Deuteronomy	/djuːtrənəmiː/\n\nDeuteronômio
devastate	[vt]\ndevastar
devastation	[s]\ndevastação
devastator	[s]\ndevastador
develop	/diveləp/\n\n1. desenvolver\n2. a. engendrar\n  b. estabelecer\n  c. pruzir\n  d. provocar\n3. a. evolucionar\n  b. evoluir\n  c. evolver\n4. revelar
developer	desenvolvedor
developing country	/diveləpiŋkʌntriː/\n\npaís em desenvolvimento
development	/diveləpmənt/\n\n1. desenvolvimento\n2. evolução
deviate	/diːvieit/\n\napresentar aberração
deviating	/diːvieitiŋ/\n\nanômalo
deviation	/diːvieiʃən/\n\n1. diferença\n2. erro
device	/divais/\n\n1. dispositivo\n2. aparelho\n3. máquina
devil	/devəl/\n\ndiabo
devilish	/devəliʃ/\n\ndiabólico
devitalize	[vt]\ndesvitalizar
devolve	devolver
devote	/divout/\n\n1. consagrar\n2. dedicar\n3. oferecer\n4. votar
devoted	/divoutid/\n\ndedicado
devotee	[s]\ndevoto
devotion	[s]\ndevoção
devour	[vt]\ndevorar
dew	/djuː/\n\n1. relento\n2. orvalho\n3. rocio
dexamethasone	[s]\ndexametasona
dexterous	/dekstrəs/\n\n1. ágil\n2. hábil\n3. jeitoso
dextrose	[s]\ndextrose
dharma	/dhɑːmə/\n\ndarma
diabetes	/daiæbits/\n\n[s]\ndiabete
diabetic	[adjective]\ndiabético
diabolic	[adjective]\ndiabólico
diabolical	/daiəbɔlikl/\n\n[adjective]\ndiabólico
diabolically	[adverb]\n\n1. diabolicamente\n2. de forma diabólica
diadem	[s]\n[vt]\n\n1. diadema\n2. colocar um diadema
diagnosable	[adjective]\ndiagnosticável
diagnose	[vt]\ndiagnosticar
diagnosis	[s]\n\n1. diagnose\n2. diagnóstico
diagnostic	[s]\n[adjective]\ndiagnóstico
diagonal	[s]\n[adjective]\ndiagonal
diagonally	[adverb]\ndiagonalmente
diagram	/daiəgræm/\n\n[s]\n\n1. a. diagrama\n  b. figura\n  c. imagem\n2. a. plano\n  b. planta\n  c. projeto
dial	/daiəl/\n\n[s]\n[vt]\n\n1. mostrador de relógio\n2. disco de telefone\n3. discar
dialect	/daiəlekt/\n\n[s]\ndialeto
dialog	/daiəlɔg/\n\n[s]\ndiálogo
dialysis	[s]\ndiálise
diameter	/daiæmitər/\n\n[s]\ndiâmetro
diamond	/daiəmənd/\n\ndiamante
Diana	/daiænə/\n\nDiana
diapedesis	[s]\ndiapedese
diaphragm	[s]\ndiafragma
diaphragmatic	[adjective]\ndiafragmático
diaphysis	[s]\ndiáfise
diarrhea	/daiəriə/\n\n[s]\ndiarréia
diary	/daiəriː/\n\n[s]\ndiário
diaspora	[s]\ndiáspora
diastole	[s]\ndiástole
diastolic	[adjective]\ndiastólico
diazepam	[s]\ndiazepam
dice	/dais/\n\n[s]\n[vt]\n\n1. dados\n2. a. cortar em cubos\n  b. cortar em pedaços pequenos
dichotomy	[s]\ndicotomia
dick	caralho
dictate	/dikteit/\n\n[vt]\nditar
dictator	/dikteitər/\n\n[s]\nditator
dictatorship	/dikteitəʃip/\n\n[s]\nditadura
dictionary	/dikʃənriː/\n\n[s]\n\n1. dicionário\n2. vocabulário
didactic	[s]\n[adjective]\n\n1. didática\n2. didático
didactical	[adjective]\ndidático
die	/diː/\n\n[s]\n[vi]\n\n1. a. dado\n  b. dado de jogar\n2. a. falecer\n  b. morrer
diesel	/diːzl/\n\n[s]\ndiesel
diet	/daiət/\n\n[s]\ndieta
dietary	/daiətəriː/\n\n[adjective]\ndietético
dietetical	[adjective]\ndietético
differ	/difər/\n\n[vt]\n\n1. diferir\n2. ser diferente
difference	/difrəns/\n\n[s]\n[vt]\n\n1. a. diferença\n  b. distinção\n2. a. diferenciar\n  b. fazer diferente\n  c. distinguir
different	/difrənt/\n\n1. diferente\n2. desigual\n3. díspar
differentiable	[adjective]\ndiferenciável
differential	[adjective]\ndiferencial
differentiate	/difərenʃieit/\n\ndiferenciar
differentiated	[adjective]\ndiferenciado
differentiation	[s]\ndiferenciação
differently	[s]\n\n1. diferentemente\n2. de forma diferente
difficile	[adjective]\ndifícil
difficult	/difikəlt/\n\n1. afanoso\n2. difícil\n3. dificultoso
difficultly	[adverb]\ncom dificuldade
difficulty	/difikəltiː/\n\n1. dificuldade\n2. apuro
diffuse	[adjective]\n[vt]\n[vi]\n\n1. difuso\n2. difundir\n3. difundir-se
diffusion	[s]\ndifusão
dig	/dig/\n\n1. cavar\n2. revolver
digest	/didʒist/\n\n[s]\n[vi]\n\n1. a. compilação\n  b. sinopse\n2. a. digerir\n  b. fazer digestão
digestion	/didʒestʃən/\n\n[s]\ndigestão
digestive	[adjective]\ndigestivo
digit	/didʒit/\n\n[s]\n\n1. algarismo\n2. cifra\n3. número
digital	[adjective]\ndigital
digitalis	[s]\ndigital
digitally	digitalmente
dignified	/dignifaid/\n\ndigno
dignify	[vt]\ndignificar
dignity	/dignitiː/\n\n1. brio\n2. decoro\n3. dignidade\n4. pundonor
dike	/daik/\n\ndique
dilapidated	/dilæpideitid/\n\n1. caduco\n2. decrépito\n3. frágil
dilatable	[adjective]\ndilatável
dilatation	[s]\ndilatação
dilate	dilatar
dilater	[s]\ndilatador
dilation	[s]\ndilatação
dilemma	/dilemə/\n\ndilema
diligence	[s]\ndiligência
diligent	/dilidʒənt/\n\n1. aplicado\n2. assíduo\n3. diligente\n4. esforçado
dill	/dil/\n\naneto
diluent	[s]\ndiluente
dilute	/dailjuːt/\n\nadulterar
Diluvium	/diluːvim/\n\ndiluvião
dim	/daim/\n\nescuro
dimension	/dimenʃən/\n\n1. amplitude\n2. amplidão\n3. dimensão\n4. extensão\n5. grandeza
dimensional	[adjective]\ndimensional
diminish	[vt]\ndiminuir
diminishable	[adjective]\ndiminuível
diminution	[s]\ndiminuição
diminutive	/diminjutiv/\n\npequeno
din	/din/\n\n1. barulho\n2. ruído
dining-room	1. sala de jantar\n2. refeitório
dinner	/dinər/\n\njantar
dinnertime	[s]\nhora do jantar
dinosaur	[s]\ndinossauro
Diogenes	/dioudʒənz/\n\nDiógenes
dioxide	[s]\ndióxido
dip	/dip/\n\n1. imergir\n2. molhar com líquido
diphosphate	[s]\ndifosfato
diphtheria	[s]\ndifteria
diploid	[adjective]\ndiplóide
diploidy	[s]\ndiploidia
diploma	/diploumə/\n\n1. a. acto\n  b. auto\n  c. escritura\n  d. instrumento\n2. diploma
diplomacy	[s]\ndiplomacia
diplomat	/dipləmæt/\n\ndiplomata
diplomatic	[adjective]\ndiplomático
diplomatically	[adverb]\ndiplomaticamente
diplomatist	[s]\ndiplomata
dipsogenic	[adjective]\n\n1. dipsogênico\n2. que causa sede
direct	/direkt/\n\n1. a. direito\n  b. direto\n  c. reto\n2. a. dirigir\n  b. encaminhar\n  c. gerir\n  d. governar\n  e. guiar\n3. conduzir
direction	/direkʃən/\n\ndirecção
directional	[adjective]\ndirecional
directions	/direkʃənz/\n\ninstrução
directly	/diritliː/\n\ndiretamente
director	/direktər/\n\n[s]\n\n1. diretor\n2. regente
directory	/direktəriː/\n\n[s]\n\n1. diretório\n2. catálogo
directress	[s]\ndiretora
dirigible	[adjective]\ndirigível
dirt	porcaria
dirty	/dəːtiː/\n\n[adjective]\n\n1. sujo\n2. imundo
dis-	in-
disability	[s]\n\n1. deficiência\n2. incapacidade\n3. inabilidade
disable	[vt]\ndesabilitar
disabled	/diseibld/\n\ninválido
disabled person	/diseibldpəːsn/\n\ninválido
disadvantage	[s]\ndesvantagem
disadvantageous	[adjective]\n\n1. desvantajoso\n2. desfavorável
disagree	[vt]\ndiscordar
disagreement	[s]\ndesacordo
disallow	[vt]\n\n1. proibir\n2. não permitir
disappear	/disəpiər/\n\n1. desaparecer\n2. sumir-se
disappearance	/disəpiərəns/\n\ndesaparecimento
disappoint	/disəpɔint/\n\n1. a. desiludir-se\n  b. desenganar-se\n2. desiludir
disappointment	/disəpɔintmənt/\n\n1. aflição\n2. amargura\n3. dor\n4. pena\n5. pesar
disapprobation	/disæprəbeiʃən/\n\nreprovação
disapproval	/disəpruːvəl/\n\nreprovação
disapprove	/disəpruːv/\n\n1. desaprovar\n2. reprovar
disapprove of	/disəpruːvɔf/\n\n1. desaprovar\n2. reprovar
disarm	/disɑːm/\n\ndesarmar
disarticulate	[vt]\ndesarticular
disaster	[s]\ndesastre
disastrous	[adjective]\ndesastroso
disastrously	[adverb]\n\n1. desastrosamente\n2. de forma desastrosa
disbelieve	[vt]\ndesacreditar
disc	/disk/\n\ndisco
discard	[s]\n[vt]\n\n1. descarte\n2. descartar
discharge	/distʃɑːdʒ/\n\n1. a. demitir\n  b. destituir\n  c. exonerar\n2. despedir
discharge pus	/distʃɑːdʒpəs/\n\nsupurar
disciple	/disaipl/\n\ndiscípulo
disciples	/disaiplz/\n\ngrupo não organizado
disciplinary	[adjective]\ndisciplinar
discipline	/disiplin/\n\ndisciplina
disclose	[vt]\n\n1. revelar\n2. expor
discography	[s]\ndiscografia
discomfort	1. desconforto\n2. inquietação
discomfortable	[adjective]\ndesconfortável
discontent	1. a. discontente\n  b. insatisfeito\n2. discontentar
discontented	1. discontente\n2. insatisfeito
discontentedness	discontentamento
discontentment	discontentamento
discontinuance	[s]\n\n1. descontinuação\n2. cessação\n3. interrupção
discontinuation	[s]\n\n1. descontinuação\n2. interrupção
discontinue	[vt]\ndescontinuar
discontinuity	[s]\ndescontinuidade
discord	[s]\n[vt]\n\n1. discórdia\n2. discordar
discordancy	[s]\ndiscordância
discordant	[adjective]\ndiscordante
discotheque	[s]\ndiscoteca
discount	/diskaunt/\n\n1. a. abater\n  b. descontar\n2. a. abatimento\n  b. desconto
discourage	[vt]\ndesencorajar
discourse	[s]\n[vt]\n\n1. discurso\n2. discursar
discourtesy	[s]\ndescortesia
discover	/diskʌvər/\n\n1. descobrir\n2. desvendar\n3. revelar
discoverer	[s]\ndescobridor
discovery	/diskʌvəriː/\n\n1. descoberta\n2. descobrimento
discredit	[s]\ndescrédito
discrepancy	[s]\ndiscrepância
discrepant	[adjective]\ndiscrepante
discrete	[adjective]\n\n1. distinto\n2. separado
discretion	[s]\ndiscrição
discrimination	[s]\ndiscriminação
discriminative	[adjective]\ndiscriminativo
discuss	/diskʌs/\n\n[vt]\n\n1. discutir\n2. tratar de
discussion	/diskʌʃən/\n\ndiscussão
disease	/diziːz/\n\n[s]\ndoença
disembark	/disembɑːk/\n\n[vt]\ndesembarcar-se
disenchant	[vt]\ndesencantar
disenchantment	[s]\ndesencantamento
disequilibrium	[s]\ndesequilíbrio
disfiguration	[s]\ndesfiguração
disfigure	[vt]\ndesfigurar
disfigurement	[s]\ndesfiguramento
disgrace	[s]\n[vt]\n\n1. desgraça\n2. desgraçar
disgraceful	[adjective]\ndesgraçado
disguise	disfarçar
disgust	/disgʌst/\n\n[s]\nnáusea
disgusting	/disgʌstiŋ/\n\n[adjective]\nnauseante
dish	/diʃ/\n\n[s]\n\n1. prato\n2. travessa
dish cloth	/diʃklɔθ/\n\n[s]\npano de limpeza
disharmony	[s]\ndesarmonia
dishearten	[vt]\n\n1. desencorajar\n2. desentusiasmar\n3. tirar o entusiasmo
dishevel	/diʃevəl/\n\n1. arrepiar\n2. desembaraçar\n3. dilacerar\n4. retorcer\n5. revolver
dishonest	[adjective]\ndesonesto
dishonestly	[adverb]\ndesonestamente
dishonesty	[s]\ndesonestidade
dishonor	[s]\n[vt]\n\n1. desonra\n2. desonrar
dishonorable	[adjective]\ndesonroso
disillusion	[s]\n[vt]\n\n1. desilusão\n2. desiludir
disinfect	/disinfekt/\n\ndesinfectar
disintegrate	/disintigreit/\n\n1. dividir\n2. separar
disintegration	[s]\ndesintegração
disintegrator	[s]\ndesintegrador
disjoin	[vt]\n\n1. desunir\n2. separar
disk	[s]\ndisco
dislike	/dislaik/\n\n[s]\n[vt]\n\n1. a. ódio\n  b. antipatia\n  c. ojeriza\n  d. quezília\n  e. repugnância\n2. não gostar de
dislocate	/disləkeit/\n\nluxar
disloyal	[adjective]\ndesleal
disloyalty	[s]\ndeslealdade
dismal	/dizməl/\n\n1. a. banal\n  b. comun\n  c. trivial\n  d. vulgar\n2. a. coitado\n  b. lastimável\n3. a. desagradável\n  b. enjoado\n4. a. abominável\n  b. horrível\n  c. horrendo\n5. a. sombrio\n  b. triste\n6. melancólico\n7. miserável\n8. a. entristecedor\n  b. nebuloso
dismay	/dismei/\n\n1. atordoar\n2. bestificar\n3. desconcertar
dismember	[vt]\ndesmembrar
dismiss	/dizmis/\n\n1. a. demitir\n  b. destituir\n  c. exonerar\n2. despedir
dismount	/dismaunt/\n\n1. apear-se\n2. descerdocavalho
disobedience	[s]\ndesobediência
disobedient	[adjective]\ndesobediente
disobey	[vt]\ndesobedecer
disorder	/disɔːdər/\n\n1. desordem\n2. distúrbio
disorganization	[s]\ndesorganização
disorganize	[vt]\ndesorganizar
disorient	[vt]\ndesorientar
disorientate	[vt]\ndesorientar
disorientation	[s]\ndesorientação
disparity	[s]\ndisparidade
dispassionately	/dispæʃəneitiːliː/\n\n1. friamente\n2. insensivelmente
dispatch	/dispætʃ/\n\n1. noticiar por despacho\n2. a. aviar\n  b. despachar\n  c. expedir
dispensable	[adjective]\n\n1. dispensável\n2. que pode ser dispensado
display	/displei/\n\n1. mostrador\n2. a. parada\n  b. ostentação\n3. mostrar\n4. a. alardear\n  b. desfilar\n  c. formar em parada
disposal	/dispouzl/\n\n1. afeição\n2. inclinação
dispose of	/dispouzɔf/\n\n1. ceder\n2. vender
disposition	/dispəziʃən/\n\n1. disposição\n2. talento
disproportion	[s]\ndesproporção
disputable	[vt]\ndisputar
disputation	[s]\ndisputa
dispute	/dispjuːt/\n\n1. a. contender\n  b. disputar\n  c. porfiar\n2. disputa
disqualification	[s]\ndesqualificação
disqualify	[vt]\ndesqualificar
disquiet	/diskwaiət/\n\n1. a. causar perturbação\n  b. perturbar\n2. perturbação
disrespect	[vt]\ndesrespeitar
disrespectable	[adjective]\ndesrespeitável
disrespectful	[adjective]\ndesrespeitoso
disrupt	desfazer
dissection	[s]\ndissecção
dissemble	/disembl/\n\n1. fingir\n2. proceder com hipocrisia
disseminate	/disemineit/\n\n1. disseminar\n2. espalhar
dissemination	[s]\ndisseminação
disseminator	[s]\ndisseminador
dissertation	[s]\ndissertação
dissimulate	[vt]\ndissimular
dissimulation	[s]\ndissimulação
dissimulator	[s]\ndissimulador
dissipate	[vt]\ndissipar
dissipation	/disipeiʃən/\n\n1. farra\n2. deboche\n3. dissipação
dissolution	[s]\ndissolução
dissolve	/dizɔlv/\n\n1. solver\n2. dissolver\n3. resolver
dissonance	[s]\ndissonância
dissuade	[vt]\ndissuadir
distal	[adjective]\ndistal
distally	[adverb]\ndistalmente
distance	/distəns/\n\ndistância
distant	/distənt/\n\n1. afastado\n2. distante
distantly	[adverb]\n\n1. a distância\n2. com reserva
distaste	[s]\n[vt]\n\n1. desgosto\n2. desgostar
distasteful	[adjective]\ndesgostoso
distension	[s]\ndistensão
distention	[s]\ndistensão
distil	/distil/\n\ndistilar
distill	[vt]\n\n1. destilar\n2. purificar
distillate	[s]\ndestilado
distillation	[s]\n\n1. destilação\n2. purificação
distiller	[s]\ndestilador
distillery	[s]\ndestilaria
distinct	/distiŋkt/\n\n1. claro\n2. distinto
distinction	/distiŋkʃən/\n\ndistinção
distinctive	/distiŋktiv/\n\n1. distinto\n2. excelente
distinguish	/distiŋgwiʃ/\n\n1. diferençar\n2. distinguir
distinguishable	[adjective]\n\n1. distiguivel\n2. que pode ser distinguido
distortion	[s]\ndistorção
distract	/distrækt/\n\n1. desviar a atenção\n2. distrair\n3. divertir\n4. entreter
distraction	/distrækʃən/\n\ndistracção
distress	[s]\n[vt]\n\n1. a. angústia\n  b. desgraça\n  c. dor\n2. a. causar angústia\n  b. afligir
distribute	/distribjuːt/\n\n[vt]\ndistribuir
distribution	/distribjuːʃən/\n\n[s]\ndistribuição
distributor	[s]\ndistribuidor
district	/distrikt/\n\n[s]\n\n1. a. distrito\n  b. circunscrição administriva\n2. a. comarca\n  b. districto\n  c. termo\n3. bairro
distrust	[vt]\ndesconfiar
disturb	/distəːb/\n\n1. importunar\n2. incomodar\n3. molestar
disturbance	/distəːbəns/\n\n1. distúrbio\n2. perturbação
disturbingly	[adverb]\n\n1. de forma perturbante\n2. de forma preocupante
disuse	[s]\n\n1. desuso\n2. falta de uso
ditch	/ditʃ/\n\n1. a. cava\n  b. fossa\n  c. fosso\n  d. rego\n2. desfazer-se de
diuresis	[s]\ndiurese
diuretic	[adjective]\ndiurético
divan	/divæn/\n\ndivã
dive	/daiv/\n\n1. mergulhar\n2. afogar-se
diver	/daivər/\n\nmergulhador
divergency	[s]\ndivergência
divergent	/daivəːdʒənt/\n\nanômalo
diverse	/daivəːs/\n\n1. diverso\n2. que oferece vários aspectos
diversification	[s]\ndiversificação
diversify	[vt]\ndiversificar
diversion	/daivəːʃən/\n\ndistracção
diversity	[s]\ndiversidade
divert	/daivəːt/\n\n1. desviaraatenção\n2. distrair\n3. divertir\n4. entreter
diverticular	[adjective]\ndiverticular
diverticulitis	[s]\ndiverticulite
diverticulum	[s]\ndivertículo
dividable	[adjective]\ndivisível
divide	/divaid/\n\n1. a. apartar\n  b. dividir\n  c. separar\n2. a. desmembrar\n  b. repartir
dividend	[s]\ndividendo
divider	[s]\ndivisor
divination	[s]\nadivinhação
divine	/divain/\n\ndivino
divinity	[s]\ndivindade
division	/diviʒn/\n\ndivisão
divisor	[s]\ndivisor
divorce	/divɔːs/\n\ndivórcio
divorcement	[s]\ndivórcio
divulge	[s]\n[vt]\n\n1. divulgação\n2. divulgar
dizygotic	[adjective]\ndizigótico
dizziness	/dizinəs/\n\n1. tontura\n2. vertigem
dizzy	/diziː/\n\n1. que causa vertigem\n2. tonto
do	/dou/\n\n1. a. fazer\n  b. formar\n  c. executar\n2. frisar
do a favor	/douəfeivər/\n\n1. dispensar favores a\n2. obsequiar\n3. servir
do a favour	/douəfeivər/\n\n1. dispensar favores a\n2. obsequiar\n3. servir
do away with	/douɔːweiwið/\n\n1. afastar\n2. banir
do penance	/doupenəns/\n\nfazer penitência
do something crooked	/dousəmiːθiŋkrukt/\n\nagir como patife
doable	[adjective]\n\n1. realizável\n2. capaz de ser feito
docent	[s]\ndocente
docile	[adjective]\ndócil
docility	[s]\ndocilidade
dock	/dɔk/\n\n1. doca\n2. recolheràgaragem
doctor	/dɔktər/\n\n1. a. doutor\n  b. escriba\n2. a. facultativo\n  b. médico
doctrine	[s]\n\n1. doutrina\n2. dogma
document	/dɔkjumənt/\n\n[s]\n[vt]\n\n1. documento\n2. documentar
documentary	[s]\ndocumentário
documentation	documentação
dodecahedron	[s]\ndodecaedro
doe	/duː/\n\ncorça
dog	/dɔg/\n\ncão
dogma	/dɔgmə/\n\ndogma
doited	doido
dolichocephalic	[adjective]\ndolicocefálico
dolichocephaly	[s]\ndolicocefalia
doll	/dɔl/\n\n1. boneca\n2. boneco
dollar	/dɔlər/\n\ndólar
Dolomites	/dəlɔmits/\n\nDolomitas
dolorous	[adjective]\ndoloroso
dolour	[s]\ndor
dolphin	/dɔlfin/\n\n1. boto\n2. delfim\n3. golfinho
domain	domínio
dome	/doum/\n\n1. a. cúpula\n  b. zimbório\n2. abóbada
domestic	/dəmestik/\n\nrelativoaopaísmesmo
domesticate	[vt]\ndomesticar
domestication	[s]\ndomesticação
domicile	[s]\n[vt]\n\n1. a. domicílio\n  b. lar\n  c. casa\n2. a. domiciliar\n  b. morar
dominance	[s]\ndomínio
dominant	[adjective]\ndominante
dominate	/dɔmineit/\n\n1. dirigir\n2. dominar\n3. possuir\n4. reger
domination	[s]\ndominação
dominator	[s]\ndominador
Dominica	/dəminikə/\n\n1. Dominica\n2. Domingos
dominical	[adjective]\n\n1. dominical\n2. do domingo
dominion	/dəminiən/\n\ndomínio
don	dom
Don Juan	/dʌndʒuːn/\n\ndom João
Don Quixote	/dʌnkwiksɔt/\n\ndom-quixote
don't mention it	/dɔntmenʃənit/\n\n1. a. denada\n  b. nãohádeque\n2. a. nãoimporta\n  b. poucoimporta
donate	/dɔneit/\n\n1. brindar\n2. doar\n3. fazer doação de\n4. oferecer\n5. presentear
donation	[s]\ndonativo
Donetz	/dənets/\n\nDonetz
donkey	/dɔŋkiː/\n\n1. asenino\n2. a. asno\n  b. besta\n  c. burro\n  d. jumento
donkey-	asenino
donkey-driver	almocreve
donor	[s]\ndoador
doomsday	[s]\ndia do juízo final
door	/dɔːr/\n\nporta
doorkeeper	[s]\nporteiro
doorman	[s]\nporteiro
dopamine	[s]\ndopamina
dopaminergic	[adjective]\ndopaminérgico
Dorian	/dɔːriən/\n\ndórica
Doric	/dɔrik/\n\ndórica
dormancy	[s]\ndormência
dormant	[adjective]\n\n1. dormente\n2. adormecido
dormitory	[s]\ndormitório
dorsal	[adjective]\ndorsal
dorsum	[s]\ndorso
dosage	[s]\ndosagem
dose	/dous/\n\ndose
dosimeter	[s]\ndosímetro
dosimetric	[adjective]\ndosimétrico
dosimetry	[s]\ndosimetria
dossier	/dɔsiər/\n\ndossiê
dot	/dɔt/\n\nponto
double	/dʌbl/\n\n1. dobro\n2. a. dúplice\n  b. duplo\n3. dobrar
doubleness	[s]\nduplicidade
doubler	[s]\nduplicador
doubt	/daut/\n\n1. a. dúvida\n  b. incerteza\n2. a. duvidar\n  b. estar em dúvida\n  c. ter dúvida
doubtful	/dautful/\n\n1. a. aleatório\n  b. duvidoso\n2. que merece dúvidas
doubtless	[adjective]\n[adverb]\n\n1. a. indubitável\n  b. sem dúvidas\n2. a. indubitavelmente\n  b. sem dúvida alguma
doubtlessly	[adverb]\n\n1. sem dúvida\n2. indubitavelmente
dough	/dou/\n\n1. massa\n2. pasta
dove	/dʌv/\n\npombo
down	/daun/\n\n1. a. lanugem\n  b. pêlo\n  c. penugem\n2. para baixo
download	[vt]\ntransmitir um arquivo de um computador central para um computador menor
downright	1. patente\n2. francamente
downstairs	/daunstɛəz/\n\n1. abaixo\n2. para baixo
downward	[adjective]\n[adverb]\n\n1. descendente\n2. decadente\n3. de forma descendente\n4. de forma decadente
dowry	/dauəriː/\n\n1. dom\n2. dote
doxycycline	[s]\ndoxiciclina
doze	/douz/\n\n1. cochilar\n2. dormitar
dozen	/douzn/\n\ndúzia
draconian	[adjective]\ndraconiano
draconic	[adjective]\ndracônico
draft	/drɑːft/\n\n1. rascunho\n2. letra de câmbio\n3. saque
drag	/dræg/\n\n1. a. sacar\n  b. puxar\n  c. tirar\n2. a. arrastar\n  b. levar de rastos
dragon	/drægən/\n\ndragão
drain	/drein/\n\ndrenar
drainage	[s]\ndrenagem
draining	/dreiniŋ/\n\ndrenagem
dram	/dræm/\n\naperitivo
drama	/drɑːmə/\n\ndrama
dramatic	[adjective]\ndramático
dramatically	[adverb]\n\n1. a. dramaticamente\n  b. de forma dramática\n2. a. grandemente\n  b. largamente
dramatisation	[s]\ndramatização
dramatization	[s]\ndramatização
dramatize	[vt]\ndramatizar
dramaturgy	[s]\ndramaturgia
drape	/dreip/\n\n1. armar\n2. cobrir\n3. drapejar\n4. guarnecer de armação\n5. revestir
drastic	/dræstik/\n\n1. drástico\n2. enérgico\n3. violento
drastically	[adverb]\n\n1. drasticamente\n2. de forma drástica
draw	/drɔː/\n\n1. a. descrever\n  b. desenhar\n  c. traçar\n2. igualdade\n3. riscar\n4. a. sacar\n  b. puxar\n  c. tirar
draw attention	/drɔːətenʃən/\n\nchamar a atenção de
draw lots	/drɔːlɔts/\n\n1. sortear\n2. tirar a sorte
drawable	[adjective]\n\n1. desenhável\n2. descritível
drawback	[s]\n\n1. inconveniente\n2. desvantagem
drawer	/drɔːr/\n\ngaveta
drawers	/drɔːz/\n\n1. cuecas\n2. calças\n3. ceroulas
drawing	/drɔːiŋ/\n\ndesenho
dread	[s]\n[vt]\n\n1. a. medo\n  b. pavor\n2. a. temer\n  b. recear\n  c. ter medo de
dreaded	[adjective]\ntemido
dreadful	/dredfəl/\n\n1. horrível\n2. terrível
dream	/driːm/\n\n1. a. devaneio\n  b. sonho\n2. a. devanear\n  b. fantasiar\n  c. sonhar
dreamer	[s]\nsonhador
dreamland	[s]\nterra dos sonhos
dreary	/driəriː/\n\n1. a. deserto\n  b. ermo\n2. a. desagradável\n  b. enjoado\n3. a. abominável\n  b. horrível\n  c. horrendo\n4. a. sombrio\n  b. triste\n5. melancólico\n6. a. entristecedor\n  b. nebuloso
dress	/dres/\n\n1. a. aplicar curativo\n  b. pensar\n2. a. beca\n  b. vestido\n3. a. cobrir\n  b. vestir\n  c. revestir\n4. vestir-se
dress-coat	1. casaca\n2. fraque
dresser	/dresər/\n\n1. cômoda\n2. cómoda
drift	/drift/\n\nderivar
drill	/dril/\n\n1. abrir buraco\n2. brocar\n3. furar\n4. perfurar
drink	/driŋk/\n\n1. bebida\n2. a. beber\n  b. libar
drink to excess	/driŋktouekses/\n\nbeber em excesso d'alcoólico
drinkable	[adjective]\npotável
drinker	[s]\n\n1. bebedor\n2. alcoolatra
drip	/drip/\n\n1. a. gota\n  b. pingo\n2. pingar
dripping	ensopado
drive	/draiv/\n\n1. a. tanger\n  b. tocar\n2. a. conduzir\n  b. transportar
drive away	/draivɔːwei/\n\n1. afugentar\n2. rechaçar
drive on	/draivwʌn/\n\n1. tanger\n2. tocar
drivel	1. bobagem\n2. besteira
driver	/drivər/\n\n1. piloto\n2. a. condutor\n  b. motorista\n3. chofer
dromedary	/drɔmədəriː/\n\ndromedário
droop	/druːp/\n\n1. estarpendente\n2. pender
drop	/drɔp/\n\n[s]\n[vt]\n\n1. a. gota\n  b. pingo\n  c. gota de água\n2. a. cair\n  b. desabar\n  c. tombar\n  d. ruir\n3. derrubar
drop of water	/drɔpɔfwɔːtər/\n\n[s]\n\n1. gota\n2. gota de água
droplet	/drəplit/\n\n[s]\ngotícula
drown	/draun/\n\n1. a. afogar-se\n  b. imergir-se\n  c. mergulhar\n  d. sossobrar\n  e. submergir-se\n2. a. afogar\n  b. imergir\n  c. meterapique
drowse	[s]\n[vt]\n\n1. cochilo\n2. cochilar
drowsiness	[s]\nsonolência
drowsy	[adjective]\nsonolento
drug	/drʌg/\n\n1. droga\n2. remédio\n3. a. entorpecente\n  b. narcótico\n  c. sonífero\n4. a. estupefazer\n  b. narcotizar
drugstore	/drʌgstɔːr/\n\n1. botica\n2. farmácia
drum	/drəm/\n\ntambor
drumbeat	[s]\nbatida de tambor
drummer	/drʌmər/\n\npessoaquetocatambor
drunk	/drʌŋk/\n\n1. bêbado\n2. embriagado\n3. ébrio
drunkenness	/drʌŋkenəs/\n\n1. bebedeira\n2. ebriedade\n3. embriaguez
dry	/driː/\n\n1. a. árido\n  b. enxuto\n  c. seco\n2. a. enxugar\n  b. secar
dryness	[s]\nsecura
dual	/djuːəl/\n\n1. dúplice\n2. duplo
dualism	[s]\ndualismo
dualist	[s]\ndualista
dualistic	[adjective]\ndualístico
dualistically	[adverb]\n\n1. dualisticamente\n2. de forma dualística
duality	[s]\ndualidade
dub	[vt]\n\n1. apelidar\n2. batizar
dubious	[adjective]\n\n1. dúbio\n2. duvidoso
dubiously	[adverb]\n\n1. duvidosamente\n2. de forma duvidosa
duchess	/dʌtʃis/\n\nduquesa
duchy	/dʌtʃiː/\n\nducado
duck	/dʌk/\n\n1. anás\n2. pato
dude	/djuːd/\n\n1. almofadinha\n2. janota\n3. dândi
due	[s]\n[adjective]\n[adverb]\n\n1. o que é merecido ou esperado\n2. devido\n3. a. esperado\n  b. adequado\n  c. apropriado\n  d. conveniente\n  e. oportuno\n4. diretamente a
duel	[s]\n[vi]\n\n1. duelo\n2. duelar
dues	/djuːz/\n\ncota
duke	/djuːk/\n\nduque
dukedom	[s]\n\n1. ducado\n2. título de duque\n3. território do duque
dull	/dʌl/\n\n1. embrutecer\n2. a. estúpido\n  b. imbecil\n  c. tolo\n3. obtuso
dullness	[s]\n\n1. estupidez\n2. imbecilidade\n3. burrice
dumb	/dʌm/\n\n1. calado\n2. mudo
dump	/dʌmp/\n\n1. derramar\n2. entornar
dung	/dʌŋ/\n\n1. bosta\n2. excremento\n3. matéria fecal
dungeon	[s]\n\n1. masmorra\n2. calabouço
Dunkirk	/dʌnkik/\n\nDunquerque
duodenal	[adjective]\n\n1. duodenal\n2. do duodeno
duodenum	[s]\nduodeno
duplicate	/djuːplikeit/\n\nmultiplicar
duplication	[s]\nduplicação
duplicator	[s]\nduplicador
duplicity	[s]\nduplicidade
durability	[s]\ndurabilidade
durable	[adjective]\ndurável
durableness	[s]\ndurabilidade
duration	[s]\nduração
during	/djeəriŋ/\n\ndurante
dusk	/dʌsk/\n\nanoitecer
dust	/dʌst/\n\n1. pó\n2. poeira
dust rag	/dʌstræg/\n\npano de limpeza
dusty	empoeirada
Dutch	/dʌtʃ/\n\nholandês\n\n[s]\n[adjective]\n\n1. Holanda\n2. holandês
Dutchman	/dʌtʃmən/\n\nholandês
duty	/djuːtiː/\n\n1. dever\n2. obrigação
dwarf	/dwɔːf/\n\n1. anão\n2. nanico
dwarfish	[adjective]\nanão
dwarfism	[s]\nnanismo
dwell	/dwel/\n\n1. estar hospedado\n2. habitar\n3. morar
dweller	[s]\nhabitante
dwelling	/dweliŋ/\n\n1. aposento\n2. habitação\n3. morada
dwelling-place	domicílio
dwelling-place-residence	domicílio
dye	/diː/\n\n1. tinta\n2. cor\n3. tingir\n4. tintura
dyer	[s]\ntintureiro
dynamic	[adjective]\ndinâmico
dynamical	[adjective]\ndinâmico
dynamically	[adverb]\ndinamicamente
dynamics	[s]\ndinâmica
dynamism	[s]\ndinamismo
dynamite	/dainəmait/\n\ndinamite
dynamometer	[s]\ndinamômetro
dynamometric	[adjective]\ndinamométrico
dynamometry	[s]\ndinamometria
dynasty	[s]\ndinastia
dysarthria	[s]\ndisartria
dyscrasia	[s]\ndiscrasia
dysentery	[s]\ndisenteria
dysequilibrium	[s]\ndesequilíbrio
dysfunction	[s]\nmal funcionamento
dysgenesis	[s]\ndisgenesia
dyskinesia	[s]\ndiscinesia
dyskinesis	[s]\ndiscinesia
dyskinetic	[adjective]\ndiscinético
dyslexia	[s]\ndislexia
dyslipidaemia	[s]\ndislipidemia
dysmenorrhea	[s]\ndismenorréia
dysmenorrheic	[adjective]\ndismenorréico
dysmotility	[s]\ndismotilidade
dyspepsia	/dispepsiə/\n\n1. dispepsia\n2. indigestão
dyspepsy	[s]\ndispepsia
dysphagia	[s]\n\n1. disfagia\n2. dificuldade para deglutir
dysphasia	[s]\ndisfasia
dysphonia	[s]\ndisfonia
dysplasia	[s]\ndisplasia
dyspnea	[s]\ndispnéia
dyspneic	[adjective]\ndispnéico
dyspnoea	[s]\ndispnéia
dysprosium	/disprouziəm/\n\ndisprósio
dysrhythmia	[s]\ndisritmia
dyssynchrony	[s]\ndessincronia
dystrophy	[s]\ndistrofia
dysuria	[s]\ndisúria
each	/iːtʃ/\n\n1. cada\n2. cada um
eager	/iːgər/\n\n1. ávido\n2. cobiçoso\n3. sedento\n4. sequioso
eagerness	/iːgənəs/\n\n1. avidez\n2. cobiça
eagle	/iːgl/\n\náguia
ear	/iər/\n\n1. orelha\n2. ouvido
earl	/əːl/\n\nconde
earldom	[s]\n\n1. condado\n2. título de conde\n3. território do conde
earlier	1. anterior\n2. mais cedo
earliest	[adjective]\n\n1. o mais cedo\n2. o mais precoce
earliness	[s]\nprecocidade
earlobe	[s]\nlobo da orelha
early	/əːliː/\n\n1. cedo\n2. precoce\n3. prematuro
earmark	/iəmɑːk/\n\n1. aprazar\n2. destinar\n3. reservar
earn	/əːn/\n\n1. a. auferir\n  b. ganhar\n  c. lucrar\n2. ganhar dinheiro com seu trabalho
earnest	/əːnist/\n\n1. grave\n2. sério\n3. sisudo
earphone	/iəfoun/\n\n[s]\n\n1. fone de ouvido\n2. a. estetoscópio\n  b. fone\n  c. receptor
earring	/iəriŋ/\n\nbrinco
earth	/əːθ/\n\n1. chegar a terra\n2. a. chão\n  b. solo\n  c. terra
earth up	/əːθʌp/\n\nchegar a terra
earthen	/eðən/\n\nargiloso
earthenware	/eðnwɛər/\n\n1. objecto feito de argila\n2. a. faiança\n  b. faiença
earthman	[s]\nterráqueo
earthquake	/əːθkweik/\n\ntremor de terra
earthworm	[s]\nminhoca
ease	fácil
easel	/iːzl/\n\n1. banco\n2. bastidor\n3. cavalete\n4. mesa
easier	mais fácil
easiest	[adjective]\no mais fácil
easily	/iːziliː/\n\nfacilmente
easiness	leveza
east	/iːst/\n\n[s]\n\n1. leste\n2. oriente
Easter	/iːstər/\n\n[s]\nPáscoa
eastern	/iːstən/\n\n[adjective]\noriental
easy	/iːziː/\n\n1. brando\n2. fácil\n3. suave
eat	[vt]\ncomer
eat supper	cear
eat up	/iːtʌp/\n\ndevorar
eatable	[adjective]\ncomestível
eater	[s]\ncomedor
eavesdrop	/iːvzdrɔp/\n\nouvir secretamente
ebony	[s]\nébano
ebony tree	ébano
ebullition	[s]\nebulição
eccentricity	[s]\nexcentricidade
ecclesiastic	/ikliːziæstik/\n\neclesiástico
echo	/ekou/\n\n[s]\n[vi]\n\n1. eco\n2. a. ecoar\n  b. fazer eco\n  c. ressoar
echocardiogram	[s]\necocardiograma
echocardiography	[s]\necocardiografia
eclampsia	[s]\neclâmpsia
eclipse	[s]\neclipse
eclipsis	[s]\neclipse
ecology	[s]\necologia
econometric	[adjective]\neconométrico
economic	econômico
economical	econômico
economically	[adverb]\neconomicamente
economics	/iːkənɔmiks/\n\neconomia
economist	[s]\neconomista
economize	[vt]\neconomizar
economy	/ikɔnəmiː/\n\neconomia
ecosystem	[s]\necossistema
ecoterrorism	[s]\necoterrorismo
ecotourism	[s]\necoturismo
ecstasy	/ekstəsiː/\n\n1. embevecimento\n2. enlevo\n3. êxtase
ecstatic	/ekstætik/\n\nextático
ectoderm	[s]\nectoderma
ectoparasite	[s]\nectoparasita
ectopia	[s]\nectopia
ectoplasm	[s]\nectoplasma
Ecuador	/ekwədɔːr/\n\nEquador
ecumenic	[adjective]\necumênico
edelweiss	/eidlvais/\n\nedelvais
edema	[s]\nedema
edematous	[adjective]\nedematoso
Eden	/iːdn/\n\nEden
edge	/edʒ/\n\nborda
edging	/edʒiŋ/\n\nborda
edible	/edibl/\n\ncomestível
edification	[s]\nedificação
edifice	[s]\nedifício
edify	/edifai/\n\nedificar
Edinburgh	/edinbrə/\n\nEdimburgo
edit	/edit/\n\n[vt]\neditar
editable	[adjective]\n\n1. editável\n2. que pode ser editado
edition	/idiʃən/\n\n[s]\n\n1. edição\n2. emissão
editor	/editər/\n\n1. redator\n2. editor
editorial	[adjective]\neditorial
editorial office	/editɔːriəlɔfis/\n\nredação
educable	[adjective]\neducável
educate	/edʒukət/\n\n1. criar\n2. educar
education	/edʒukeiʃən/\n\neducação
educational	educacional
educator	[s]\neducador
eel	/iːl/\n\n1. anguia\n2. enguia
eelworm	/iːelwɔːm/\n\nanguilula
effect	/efikt/\n\n1. efeito\n2. impressão\n3. ação\n4. resultado\n5. conclusão
effective	/ifektiv/\n\n1. efetivo\n2. eficaz\n3. eficiente
effectively	1. efetivamente\n2. eficazmente\n3. eficientemente
effectiveness	[s]\nefetividade
effectivity	[s]\nefetividade
effectless	[adjective]\nsem efeito
effectual	/ifektʃeəl/\n\n1. eficaz\n2. eficiente
effectuate	[vt]\nefetuar
effervescence	[s]\nefervescência
effervescent	[adjective]\nefervescente
efficacious	/efikeiʃəs/\n\n1. eficaz\n2. eficiente
efficaciously	1. efetivamente\n2. eficazmente\n3. eficientemente
efficacity	[s]\neficácia
efficacy	[s]\neficácia
efficiency	[s]\neficiência
efficient	[adjective]\neficiente
efficiently	[adverb]\n\n1. eficientemente\n2. de forma eficiente\n3. com eficiência
efflux	[s]\nefluxo
effort	[s]\nesforço
effortless	[adjective]\n\n1. sem esforço\n2. com desenvoltura
effortlessly	[adverb]\n\n1. sem esforço\n2. com desenvoltura
effusion	[s]\nefusão
egg	/eg/\n\n[s]\novo
eggfruit	/eggfuːt/\n\n[s]\nberinjela
eggplant	/egplɑːnt/\n\n[s]\nberinjela
eggshell	[s]\ncasca do ovo
egocentric	[adjective]\negocêntrico
egocentrism	[s]\negocentrismo
egoism	[s]\negoísmo
egoist	[s]\negoísta
Egypt	/edʒipt/\n\n[s]\nEgito
Egyptian	/idʒipʃən/\n\n1. egípcio\n2. egipciano
Eiffel Tower	/ifeltauər/\n\nTorredeEiffel
eight	/eit/\n\noito
eighteen	/eitiːn/\n\ndezoito
eighteenth	[s]\n[adjective]\ndécimo oitavo
eighth	/eitθ/\n\noitavo
eighties	[s]\n\n1. anos 80\n2. década de 80
eightieth	[s]\noctagésimo
eighty	/eitiː/\n\noitenta
einsteinium	/insteiniəm/\n\neinstênio
either	1. cada\n2. qualquer\n3. ambos
either ... or	/aiðərər/\n\nou...ou
ejaculate	ejacular
ejaculation	ejaculação
eject	[vt]\nejetar
ejection	[s]\n\n1. ejeção\n2. expulsão
elaborate	1. a. elaborado\n  b. complicado\n  c. rebuscado\n2. elaborar\n3. entrar em detalhes
elaboration	[s]\nelaboração
elastase	[s]\nelastase
elastic	/ilæstik/\n\nelástico
elasticity	[s]\nelasticidade
elastin	[s]\nelastina
elastomer	[s]\nelastômero
Elba	/elbə/\n\nElba
Elbe	/elb/\n\nElba
elbow	/elbou/\n\ncotovelo
elder	[s]\n[adjective]\nvelho
elderly	/eldəliː/\n\nvelho
elect	/ilekt/\n\n1. designar\n2. eleger\n3. escolher\n4. nomear\n5. optar
elected	/ilektid/\n\neleito
election	/ilekʃən/\n\n1. designação\n2. eleição\n3. escolha
electively	[adverb]\n\n1. de forma eletiva\n2. eletivamente
elector	[s]\neleitor
electoral	[adjective]\neleitoral
electric	/ilektrik/\n\neléctrico
electric fan	/ilektrikfæn/\n\nventilador
electric plug	/ilektrikplʌg/\n\n1. bucha\n2. rolha\n3. tampa
electric socket	/ilektriksɔkit/\n\ntomada
electrical	[adjective]\nelétrico
electrically	[adverb]\neletricamente
electricity	/ilektrisitiː/\n\nelectricidade
electrify	[vt]\neletrificar
electroacoustic	[adjective]\neletroacústico
electroanalysis	[s]\neletroanálise
electrocardiogram	[s]\neletrocardiograma
electrocardiographic	[adjective]\neletrocardiográfico
electrocardiography	[s]\neletrocardiografia
electrochemical	[adjective]\neletroquímico
electrochemistry	[s]\neletroquímica
electrocute	[vt]\neletrocutar
electrocution	[s]\neletrocução
electrode	[s]\neletrodo
electroencephalogram	[s]\neletroencefalograma
electroencephalography	[s]\neletroencefalografia
electrogenic	[adjective]\neletrogênico
electrolyte	[s]\neletrólito
electromyography	[s]\neletromiografia
electron	/ilektrɔn/\n\n1. eléctron\n2. electrônio
electronegative	[adjective]\neletronegativo
electronic	/ilektrɔnik/\n\n1. electrônico\n2. eletrônico
electronically	[adverb]\neletronicamente
electronics	/ilektrɔniks/\n\neletrônica
electrophysiologic	[adjective]\neletrofisiológico
electrophysiology	[s]\neletrofisiologia
electroshock	[s]\neletrochoque
electrostatic	[adjective]\neletrostático
elegance	[s]\nelegância
elegancy	[s]\nelegância
elegant	/eligənt/\n\n1. airoso\n2. elegante\n3. garboso\n4. gentil\n5. gracioso
elegantly	[adverb]\n\n1. elegantemente\n2. com elegância\n3. de forma elegante
elegy	/elədʒiː/\n\nelegia
element	/elimənt/\n\n[s]\n\n1. a. elemento\n  b. componente\n2. a. alicerce\n  b. base\n  c. fundamento
elemental	/elimentl/\n\n[adjective]\n\n1. elementar\n2. rudimentar
elementary	/elimentriː/\n\n[adjective]\n\n1. elementar\n2. rudimentar
elephant	/elifɑːnt/\n\n[s]\nelefante
elephant's	/elifɑːntz/\n\n1. elefântico\n2. elefantino
elephant-	[adjective]\n\n1. elefântico\n2. elefantino
elephantiasis	[s]\nelefantíase
elephantine	/elifɑːntain/\n\n1. elefântico\n2. elefantino
elevate	[vt]\nelevar
elevation	[s]\nelevação
elevator	/eliveitər/\n\n[s]\nelevador
eleven	/ilevn/\n\n[s]\nonze
eleventh	[adjective]\n\n1. undécimo\n2. décimo primeiro
elf	/elf/\n\nelfo
elide	/ilaid/\n\nelidir
eligible	[adjective]\nelegível
eliminate	/ilimineit/\n\n1. afastar\n2. eliminar\n3. expulsar
elimination	[s]\neliminação
elision	/iliʒn/\n\nelisão
elitism	[s]\nelitismo
elixir	[s]\nelixir
elk	/elk/\n\n1. alce\n2. grã-besta
elm	/elm/\n\n1. olmo\n2. ulmo
elocution	[s]\nelocução
eloquence	[s]\neloqüência
eloquent	/eləkwənt/\n\neloqüente
eloquently	[adverb]\n\n1. eloqüentemente\n2. de forma eloqüente
else	/els/\n\n1. a. diferente\n  b. diverso\n  c. outro\n2. mais
elsewhere	/elswɛər/\n\n1. alhures\n2. em outro lugar
elucidation	[s]\nelucidação
elude	[vt]\n\n1. evadir\n2. escapar
elusive	[adjective]\nevasivo
Elysium	/iliziəm/\n\nElísio
email	[s]\ncorreio eletrônico
emanate	[vt]\nemanar
emancipate	[vt]\nemancipar
emancipation	[s]\nemancipação
embalm	/imbm/\n\n[vt]\nembalsamar
embankment	/imbæŋkmənt/\n\n[s]\ndique
embark	/embɑːk/\n\n[vi]\nembarcar-se
embarrass	/imbærəs/\n\n[vt]\n\n1. embaraçar\n2. estorvar
embarrassment	/imbærəsmənt/\n\n[s]\n\n1. aperto\n2. embaraço\n3. estorvo\n4. óbice\n5. perplexidade
embassy	/embəsiː/\n\n[s]\nembaixada
embed	[vt]\n\n1. embutir\n2. cravar
embedded	[adjective]\n\n1. a. embutido\n  b. cravado\n2. embarcado
embellish	/imbeliʃ/\n\n[vi]\ntornar mais belo
emblem	/embləm/\n\n[s]\n\n1. emblema\n2. insígnia\n3. naipe
emblematic	[adjective]\nemblemático
embolism	[s]\nembolismo
embolization	[s]\nembolização
embolus	[s]\nêmbolo
embrace	/imbreis/\n\n[vt]\n\n1. abraçar\n2. abarcar
embroider	/imbrɔidər/\n\n[vt]\n\n1. bordar\n2. lavrar\n3. recamar
embroidery	[s]\nbordado
embryogenesis	[s]\nembriogênese
embryogenetic	[adjective]\nembriogenético
embryology	[s]\nembriologia
emerald	/emərəld/\n\n[s]\nesmeralda
emerge	/iməːdʒ/\n\n[vi]\n\n1. aparecer\n2. publicar-se\n3. sair à luz\n4. vir a lume
emergence	[s]\nemergência
emergency	/iməːdʒənsiː/\n\n[s]\nemergência
emesis	[s]\n\n1. êmese\n2. vômito
emigrant	[s]\nemigrante
emigrate	[vi]\nemigrar
emigration	[s]\nemigração
eminence	[s]\neminência
eminency	[s]\neminência
eminent	[adjective]\neminente
eminently	[adverb]\neminentemente
emissary	[s]\nemissário
emit	[vt]\nemitir
emmet	/emit/\n\nformiga
emotion	/imouʃən/\n\n1. abalo\n2. comoção\n3. emoção
emotional	[adjective]\nemocional
empathy	[s]\nempatia
emperor	/empərər/\n\nimperador
emphasis	/emfəsis/\n\nênfase
emphasize	/emfəsaiz/\n\n1. enfatizar\n2. sublinhar
emphatic	/imfætik/\n\nenfático
emphysema	[s]\nenfisema
empire	/empaiər/\n\nimpério
employ	/implɔi/\n\n1. a. assalariar\n  b. contratar\n  c. empregar\n  d. engajar\n  e. tomaraserviço\n2. a. servir-sede\n  b. usar
employe	[s]\nempregado
employee	/implɔiiː/\n\n1. assalariado\n2. empregado\n3. mercenário
employer	/implɔiər/\n\nempregador
employment	/implɔimənt/\n\naplicação
empty	/emptiː/\n\n1. a. vácuo\n  b. vazio\n2. esvaziar
empyema	[s]\nempiema
emulate	[vt]\n\n1. emular\n2. simular\n3. imitar
emulation	[s]\nemulação
emulator	emulador
enable	[vt]\nhabilitar
enamel	/inæml/\n\n1. esmalte\n2. esmalte dos dentes\n3. esmaltar
encapsulate	[vt]\n\n1. encapsular\n2. envolver em uma cápsula
encapsulation	[s]\nencapsulação
encephalitis	[s]\nencefalite
encephalogram	[s]\nencefalograma
encephalography	[s]\nencefalografia
encephalopathy	[s]\nencefalopatia
enchant	[s]\n[vt]\n\n1. encanto\n2. encantar
encode	[vt]\ncodificar
encoder	[s]\ncodificador
encompass	envolver
encore	/ɔŋkɔːr/\n\n1. bis\n2. mais\n3. outravez
encounter	/inkauntər/\n\n1. encontro\n2. a. achar\n  b. encontrar
encourage	/inkʌridʒ/\n\n1. a. impelir\n  b. incitar\n  c. instigar\n2. a. alentar\n  b. animar\n  c. encorajar
encroachment	[s]\n\n1. invasão\n2. intrusão
encrypt	[vt]\ncodificar
encryption	[s]\n\n1. encriptação\n2. codificação
encyclopaedia	/insaikləpiːdiə/\n\nenciclopédia
encyclopedia	[s]\nenciclopédia
end	/ənd/\n\n1. a. beira\n  b. extremidade\n  c. fim\n  d. ponta\n  e. topo\n2. a. acabar\n  b. encerrar\n  c. finalizar\n  d. terminar\n3. conclusão
end up	/əndʌp/\n\n1. a. aportar\n  b. chegar\n2. a. acabar\n  b. terminar
endanger	/indeindʒər/\n\n1. arriscar\n2. aventurar\n3. pôremperigo
endearment	ternura
endeavour	/indevər/\n\n1. dar-se ao trabalho de\n2. empenhar-se em\n3. esforçar-se
endemic	[adjective]\nendêmico
ending	/endiŋ/\n\n1. a. desinência\n  b. terminação\n2. a. conclusão\n  b. fim
endive	/endiv/\n\n1. almeirão\n2. endívia\n3. escarola
endless	sem fim
endlessly	/endlisliː/\n\ninfinitamente
endocardial	[adjective]\nendocardíaco
endocarditis	[s]\nendocardite
endocardium	[s]\nendocárdio
endocrinology	[s]\nendocrinologia
endogenous	[adjective]\nendógeno
endolymph	[s]\nendolinfa
endometriosis	[s]\nendometriose
endoparasite	[s]\nendoparasita
endoplasm	[s]\nendoplasma
endorse	/indɔːs/\n\n1. endossar\n2. transferir
endorsement	/indɔːsmənt/\n\nendosso
endorser	/indɔːsər/\n\nendossante
endoscope	[s]\nendoscópio
endoscopic	[adjective]\nendoscópico
endoscopically	[adverb]\nendoscopicamente
endoscopy	[s]\nendoscopia
endoskeleton	[s]\nendoesqueleto
endosperm	[s]\nendosperma
endothelial	[adjective]\nendotelial
endothelium	[s]\nendotélio
endotoxin	[s]\nendotoxina
endow	/indau/\n\ndotar
endowment	1. dom\n2. dote\n3. doação\n4. dotação
endpoint	[s]\nponto final
endure	/indjeər/\n\n1. a. continuar\n  b. durar\n  c. permanecer\n  d. prolongar-se\n2. a. aguentar\n  b. agüentar\n  c. suportar\n  d. tolerar\n  e. aturar\n3. a. padecer\n  b. sofrer
enduser	[s]\nusuário final
enemy	/enəmiː/\n\ninimigo
energetic	/enədʒetik/\n\n1. enérgico\n2. resoluto\n3. vigoroso
energetically	[adverb]\n\n1. energicamente\n2. de forma enérgica
energizer	energizador
energy	/enədʒiː/\n\nenergia
enforce	[s]\n[vt]\n\n1. força\n2. forçar
engage in a controversy	/ingeidʒinəkɔntrəvəːsiː/\n\npolemizar
engagement	[s]\n\n1. compromisso\n2. noivado
engine	/endʒin/\n\n1. locomotiva\n2. máquina\n3. motor
engineer	/endʒiniər/\n\nengenheiro
England	/iŋglənd/\n\nInglaterra
English	/iŋgliʃ/\n\ninglês
English Channel	/iŋgliʃtʃænl/\n\nCanaldaMancha
Englishman	/iŋgliʃmən/\n\ninglês
engrave	/ingreiv/\n\n1. estampar\n2. gravar
engraving	/ingreiviŋ/\n\n1. gravação\n2. gravura
engulf	/ingʌlf/\n\nsorver
enhance	1. a. melhorar\n  b. aumentar\n  c. acrescentar\n2. a. realçar\n  b. ressaltar\n  c. salientar
enhanced	1. melhorado\n2. realçado\n3. salientado
enhancement	[s]\n\n1. melhoria\n2. melhoramento\n3. aprimoramento
enigma	/inigmə/\n\n1. adivinhação\n2. enigma
enigmatic	[adjective]\nenigmático
enigmatical	[adjective]\nenigmático
enjoy	/indʒɔi/\n\n1. a. alegrar-se\n  b. regozijar-se\n2. a. desfrutar\n  b. fruir\n  c. gozar
enjoy oneself	/indʒɔiwʌnself/\n\n1. brincar\n2. distrair-se\n3. divertir-se
enjoyable	/indʒɔiəbl/\n\n1. agradável\n2. ameno\n3. aprazível
enjoyment	[s]\ndivertimento
enlarge	/inlɑːdʒ/\n\naumentar
enlargement	[s]\n\n1. expansão\n2. aumento\n3. alargamento
enlighten	/inlaitn/\n\niluminar
enlist	/inlist/\n\n1. alistar-se\n2. engajar-se
enmesh	[vt]\n\n1. laçar\n2. envolver
enmity	/enmitiː/\n\ninimizade
enologist	[s]\nenólogo
enology	[s]\nenologia
enormity	[s]\nenormidade
enormous	/inɔːməs/\n\n1. muitogrande\n2. a. enorme\n  b. imenso
enormously	/inɔːməsliː/\n\n1. extremamente\n2. muitíssimo
enormousness	[s]\nenormidade
enough	/inʌf/\n\n1. a. bastante\n  b. suficiente\n2. a. assaz\n  b. em quantidade suficiente
enrich	[vt]\nenriquecer
enrichment	[s]\nenriquecimento
enroll	[vt]\n\n1. inscrever\n2. recrutar\n3. registrar
ensue	1. seguir\n2. resultar\n3. acontecer\n4. sobrevir\n5. suceder
ensure	[vt]\n\n1. ter certeza\n2. assegurar
entangle	/intæŋgl/\n\n1. enredar\n2. envolver\n3. implicar
enter	/entər/\n\n1. a. inserir\n  b. introduzir\n2. entrar
enterobacterium	[s]\nenterobactéria
enterococcus	[s]\nenterococo
enterocolitis	[s]\nenterocolite
enteropathogenic	[adjective]\nenteropatogênico
enterotoxin	[s]\nenterotoxina
enteroviral	[adjective]\nenteroviral
enterovirus	[s]\nenterovírus
enterprise	/entəpraiz/\n\nempresa
enterpriser	[s]\nempreendedor
enterprising	/entəpraiziŋ/\n\nempreendedor
entertain	/entətein/\n\n1. a. desviaraatenção\n  b. distrair\n  c. divertir\n  d. entreter\n2. hospedar\n3. a. mimosear\n  b. obsequiar\n  c. regalar
entertaining	/entəteiniŋ/\n\n1. divertido\n2. recreativo
entertainment	/entəteinmənt/\n\ndivertimento
enthusiasm	/inθjuːziæzəm/\n\n1. entusiasmo\n2. furor\n3. vida
enthusiast	[s]\nentusiasta
enthusiastic	/inθjuːziæstik/\n\nentusiasta
enthusiastically	[adverb]\n\n1. entusiasticamente\n2. com entusiasmo
entice	/entis/\n\n1. a. desencaminhar\n  b. seduzir\n2. a. induzir em tentação\n  b. tentar
entire	/intaiər/\n\n1. inteiro\n2. todo\n3. total
entirely	/intaiəliː/\n\n[adverb]\n\n1. inteiramente\n2. completamente\n3. totalmente
entirety	/intaiəritiː/\n\n1. soma\n2. todo\n3. total
entity	[s]\nentidade
entomb	/intuːm/\n\n1. enterrar\n2. sepultar
entomology	[s]\nentomologia
entrance	/intrɑːns/\n\nentrada
entrant	[s]\n\n1. aquele que entra\n2. participante
entrust	/intrʌst/\n\n1. a. comissionar\n  b. incumbir\n2. a. confiar\n  b. contar com\n  c. crer\n  d. ter confiança em
entry	1. a. entrada\n  b. acesso\n2. a. registro\n  b. lançamento\n3. verbete
enumerate	[vt]\n\n1. enumerar\n2. contar
enuresis	/enjeəzis/\n\n1. enurese\n2. enuresia
envelop	envolver
envelope	/inveləp/\n\n1. envelope\n2. invólucro\n3. sobrecarta
envious	/enviəs/\n\ninvejoso
environment	/invaiərənmənt/\n\n1. a. ambiente\n  b. meio\n2. arrabalde
environmental	ambiental
environs	/invaiərənz/\n\n1. ambiente\n2. arrabalde
envy	/enviː/\n\n1. invejar\n2. inveja
enzymatic	[adjective]\nenzimático
enzymatically	[adverb]\n\n1. enzimaticamente\n2. de forma enzimática
enzyme	enzima
Eocene	/iɔsiːn/\n\neoceno
eosinophil	[s]\neosinófilo
eosinophilia	[s]\neosinofilia
eosinophilic	[adjective]\neosinofílico
epaulet	/epəlet/\n\ndragona
epic	/epik/\n\népico
epic poem	/epikpouim/\n\nepopéia
epicardial	[adjective]\nepicardíaco
epicardium	[s]\nepicárdio
epicenter	[s]\nepicentro
epidemic	[s]\n[adjective]\n\n1. epidemia\n2. epidêmico
epidemical	[adjective]\nepidêmico
epidemiologic	[adjective]\nepidemiológico
epidemiological	[adjective]\nepidemiológico
epidemiologist	[s]\nepidemiologista
epidemiology	[s]\nepidemiologia
epiderm	[s]\nepiderme
epidermis	[s]\nepiderme
epididymis	[s]\nepidídimo
epididymitis	[s]\nepididimite
epidural	[adjective]\nepidural
epigastric	[adjective]\nepigástrico
epiglottic	[adjective]\nepiglótico
epilepsy	/epilepsiː/\n\n1. epilepsia\n2. gota-coral
epileptic	[s]\n[adjective]\nepiléptico
epileptiform	[adjective]\nepileptiforme
epileptogenic	[adjective]\nepileptogênico
epilog	[s]\nepílogo
epinephrin	[s]\nepinefrina
epinephrine	[s]\nepinefrina
epineurium	[s]\nepineuro
Epiphany	/ipifəniː/\n\nEpifania
epiphysis	[s]\nepífise
epiphyte	/epifait/\n\nepífito
episcopal	/ipiskəpl/\n\nepiscopal
episiotomy	[s]\nepisiotomia
episode	/episoud/\n\nepisódio
episodic	[adjective]\nepisódico
episodical	[adjective]\nepisódico
episodically	[adverb]\nepisodicamente
epistaxis	[s]\nepistaxe
epistle	/ipisl/\n\nepístola
epitaph	[s]\nepitáfio
epithelioma	[s]\nepitelioma
epithelium	[s]\nepitélio
epoch	/iːpɔk/\n\n1. época\n2. idade\n3. quadra
eponym	[s]\nepônimo
epsilon	/epsilɔn/\n\népsilon
equal	/iːkwəl/\n\n1. a. igual\n  b. parelho\n2. a. serigual\n  b. nãodiferir
equality	/ikwɔlitiː/\n\nigualdade
equalization	[s]\nequalização
equalize	[vt]\nequalizar
equalizer	[s]\nequalizador
equally	/ikwɔːliː/\n\n1. igualmente\n2. ídem
equalness	[s]\nigualdade
equation	[s]\nequação
equator	/ikweitər/\n\nequador
equestrian	/ikwestriən/\n\n1. cavalar\n2. hípico
equidistant	[adjective]\neqüidistante
equilateral	[adjective]\nequilátero
equilibration	[s]\nequilíbrio
equilibrist	equilibrista
equilibrium	equilíbrio
equine	[adjective]\neqüino
equinox	/ekwinɔks/\n\nequinócio
equip	/ikwip/\n\n1. aparelhar\n2. aprestar\n3. equipar
equipment	/ikwipmənt/\n\nequipamento
equitation	[s]\nequitação
equivalence	[s]\nequivalência
equivalency	[s]\nequivalência
equivalent	/ikwivələnt/\n\nequivalente
equivocally	[adverb]\n\n1. equivocadamente\n2. com equívocos
era	/iərə/\n\n1. a. época\n  b. idade\n  c. quadra\n2. era
eradicate	/irædikeit/\n\narrancarcomaraiz
eradication	[s]\n\n1. erradicação\n2. aniquilação
erase	/ireiz/\n\npôrgoma
eraser	/ireizər/\n\ngoma
erbium	/ibaim/\n\nérbio
erect	/irekt/\n\n1. estabelecer\n2. a. fundar\n  b. instalar
erectile	[adjective]\nerétil
erection	ereção
ergonomic	[adjective]\nergonômico
ergotamine	[s]\nergotamina
Erin	Erin
Eritrea	/eritreiə/\n\nEritréia
erode	[vi]\ncorroer
erosion	[s]\nerosão
erotic	/irɔtik/\n\nerótico
erotical	[adjective]\nerótico
erotism	[s]\nerotismo
err	/əːr/\n\n1. cairemerro\n2. enganar-se\n3. equivocar-se\n4. errar
errand	/erənd/\n\n1. comissão\n2. a. comunicação\n  b. mensagem
erratic	[adjective]\nerrante
erratum	[s]\nerro de escrita ou impressão
erroneous	/irouniəs/\n\nerrôneo
error	/erər/\n\n1. erro\n2. defeito
erudition	[s]\nerudição
eruption	[s]\nerupção
eryngo	/iriŋgou/\n\ncardo-corredor
erysipelas	/erisipiləs/\n\nerisipela
erythema	[s]\neritema
erythematosus	[adjective]\neritematoso
erythroblast	[s]\neritroblasto
erythrocyte	[s]\neritrócito
erythromycin	[s]\neritromicina
erythropoiesis	[s]\neritropoiese
erythropoietic	[adjective]\neritropoiético
erythropoietin	[s]\neritropoietina
escalade	[s]\n[vt]\n\n1. escalada\n2. escalar
escalate	[vt]\n\n1. aumentar\n2. agravar
escalator	/eskəleitər/\n\nescada rolante
escape	/iskeip/\n\n1. a. escapar\n  b. escaparde\n2. escapada
escort	/eskɔːt/\n\n1. acompanhamento\n2. escoltar\n3. escolta
escritoire	[s]\nescrivaninha
escudo	/iskjuːdou/\n\nescudo
Eskimo	/eskimou/\n\n1. esquimau\n2. esquimó
esophageal	[adjective]\nesofágico
esophagus	[s]\nesôfago
esoteric	[adjective]\nesotérico
esoterically	[adverb]\n\n1. esotericamente\n2. de forma esotérica
esotericism	[s]\nesoterismo
especial	[adjective]\nespecial
especially	/ispəʃiɔːliː/\n\n1. em especial\n2. especialmente\n3. principalmente\n4. sobretudo
esperance	[s]\nesperança
Esperantist	/espəræntist/\n\nesperantista
Esperanto	/espəræntou/\n\nEsperanto
espionage	[s]\nespionagem
esprit	[s]\nespírito
essay	/esei/\n\ntese
essence	/esns/\n\nessência
essential	/isenʃl/\n\n1. essencial\n2. básico
essentially	[adverb]\n\n1. essencialmente\n2. basicamente
establish	/istæbliʃ/\n\n1. estabelecer\n2. a. fundar\n  b. instalar\n3. a. achar\n  b. constatar\n  c. reconhecer\n  d. verificar
establishment	/istæbliʃmənt/\n\nestabelecimento
estate	/isteit/\n\n1. a. bens de raiz\n  b. domínio\n  c. fazenda\n  d. granja\n  e. propriedade\n  f. roça\n  g. terras\n2. herança
esteem	/istiːm/\n\n1. a. apreciar\n  b. avaliar\n  c. estimar\n  d. gostar\n  e. prezar\n2. a. apreciação\n  b. estima\n3. a. considerar\n  b. refletir
estimable	[adjective]\nestimável
estimably	[adverb]\nestimavelmente
estimate	/estimət/\n\n1. ajuizar\n2. avaliar\n3. orçar\n4. taxar
estimation	[s]\nestimação
estimative	[adjective]\nestimativo
Estonia	/istouniə/\n\nEstonujo
Estonian	/istouniən/\n\n1. estoniano\n2. estônio
estradiol	[s]\nestradiol
estriol	[s]\nestriol
estrogen	[s]\nestrogênio
estrogenic	[adjective]\nestrogênico
estrone	[s]\nestrona
et cetera	/etsitərə/\n\n1. e assim por diante\n2. etcetera
eta	/etə/\n\neta
etc.	/ek/\n\netc.
etching	/etʃiŋ/\n\nágua-forte
eternal	/itəːnl/\n\n1. eterno\n2. imperecível\n3. perene\n4. perpétuo
eternalize	[vt]\n\n1. tornar eterno\n2. imortalizar
eternally	[adverb]\neternamente
eternity	/itəːnitiː/\n\neternidade
eternize	[vt]\n\n1. eternizar\n2. tornar eterno
ether	/iːθər/\n\néter
ethereal	[adjective]\netéreo
ethic	/eθik/\n\nética
ethical	/eθikl/\n\nético
ethically	[adverb]\n\n1. eticamente\n2. de forma ética
ethics	/eθiks/\n\nética
Ethiopia	/iːθioupiə/\n\nEtiópia
Ethiopian	/iːθioupiən/\n\netíope
ethmoid	[adjective]\netimoidal
ethnic	étnico
ethnic group	/eθnikgruːp/\n\n1. gênero\n2. raça\n3. tribo
ethnical	étnico
ethnically	[adverb]\n\n1. etnicamente\n2. de forma étnica
ethnocentric	[adjective]\netnocêntrico
ethnocentrism	[s]\netnocentrismo
ethnological	[adjective]\netinológico
ethnology	[s]\netnologia
ethos	/iːðous/\n\nambiência
ethylic	[adjective]\netílico
etiologic	[adjective]\netiológico
etiological	[adjective]\netiológico
etiologically	[adverb]\netiologicamente
etiquette	/etiket/\n\n1. cerimonial\n2. etiqueta\n3. pragmática
Etna	/etnə/\n\nEtna
Etruria	/etreəriə/\n\nEtrúria
Etrurian	/etreəriən/\n\netrusco
Etruscan	/etrʌskən/\n\netrusco
etymological	[adjective]\netmológico
etymology	[s]\netimologia
eucalypt	[s]\neucalipto
eucaryote	[s]\neucariota
euchromatin	[s]\neucromatina
eukaryote	[s]\neucariota
eunuch	/juːnək/\n\neunoco
euphemism	[s]\neufemismo
euphonic	[adjective]\neufônico
euphonious	/juːfɔniəs/\n\n1. eufónico\n2. harmonioso\n3. sonoro
euphony	[s]\neufonia
euphoria	[s]\neuforia
euphoric	[adjective]\neufórico
Euphrates	/juːfreits/\n\nEufrates
euploidy	[s]\neuploidia
eupnea	[s]\neupnéia
eupneic	[adjective]\neupnéico
euro	/jeərou/\n\neuro
Europa	/jeəroupə/\n\nEuropa
Europe	/jeərəp/\n\nEuropa
European	/jeərəpiən/\n\neuropeu
European Union	/jeərəpiənjuːniən/\n\nUnião Europeia
europium	/jeəroupiəm/\n\neurópio
euthanasia	[s]\neutanásia
Euxine Sea	/juːksinsiə/\n\nMar Negro
Eva	/iːvə/\n\nEva
evacuate	/ivækjueit/\n\n[vi]\nevacuar
evacuation	[s]\nevacuação
evade	/iveid/\n\n1. esquivar\n2. evadir\n3. evitar\n4. poupar\n5. presumir\n6. prevenir
evagination	[s]\nevaginação
evaluate	[vt]\navaliar
evaluation	[s]\navaliação
evaluator	[s]\navaliador
evangelic	/iːvændʒelik/\n\n[adjective]\nevangélico
evangelical	[adjective]\nevangélico
evangelism	[s]\nevangelismo
evangelization	[s]\nevangelização
evangelize	[vi]\nevangelizar
evaporate	[vi]\nevaporar
evaporation	[s]\nevaporação
evasion	[s]\nevasão
evasive	[adjective]\nevasivo
even	/iːvn/\n\n1. a. chão\n  b. chato\n  c. plano\n  d. raso\n2. a. aplanar\n  b. alisar\n  c. nivelar\n3. a. igual\n  b. parelho\n4. a. acertar\n  b. ajustar\n  c. igualar\n5. a. até\n  b. mesmo\n  c. até mesmo\n6. a. desobrigado\n  b. quite\n7. par\n8. a. regulamentar\n  b. regular
evening	/iːvniŋ/\n\n1. noite\n2. tarde\n3. véspera
evening dress	/iːvniŋdres/\n\n1. casaca\n2. fraque
evening meal	/iːvniŋmiːl/\n\nceia
Evening Star	/iːvniŋstɑːr/\n\nVênus
evening-primrose	enotera
evenly	[adverb]\n\n1. igualmente\n2. de maneira justa
event	/ivent/\n\n1. evento\n2. a. acontecimento\n  b. ocorrência
eventide	entardecer
eventual	/iventʃeəl/\n\n1. contingente\n2. eventual
eventuality	/iventʃuælitiː/\n\neventualidade
eventually	[adverb]\n\n1. finalmente\n2. por fim
ever	/evər/\n\n1. a. um dia\n  b. uma vez\n  c. outrora\n2. a. em todo o tempo\n  b. eternamente\n  c. sempre
ever since	/evərsins/\n\n1. atrásde\n2. desde\n3. depois de
ever-changing	[adjective]\n\n1. em constante mudança\n2. que muda constantemente\n3. marcado pela mudança constante
Everist	/evərist/\n\nEvereste
everlasting	/evəlɑːstiŋ/\n\n1. eterno\n2. perpétuo
evermore	[adverb]\npara todo o sempre
every	/evriː/\n\n1. cada\n2. cada um\n3. todo
every kind of	/evriːkaindɔf/\n\n1. cada espécie de\n2. toda a qualida de\n3. toda espécie de
every one	/evriːwʌn/\n\n1. todos\n2. todas as pessoas
everybody	/evribɔdiː/\n\n1. todos\n2. todas as pessoas
everyday	/evridei/\n\n1. todo dia\n2. todos os dias
everyone	1. todos\n2. todo mundo
everyone's	/evriwʌnz/\n\n1. de cada um\n2. de todos
everything	/evriθiŋ/\n\n1. cada coisa\n2. tudo
everywhere	/evriwɛər/\n\n1. em toda a parte\n2. em todo o lugar
evidence	[s]\n\n1. evidência\n2. prova
evident	/evidənt/\n\n1. evidente\n2. inequívoco\n3. manifesto\n4. óbvio\n5. patente
evidently	[adverb]\n\n1. evidentemente\n2. de forma evidente
evil	[s]\nmal
evitable	[adjective]\nevitável
evitably	[adverb]\nevitavelmente
evitate	[vt]\nevitar
evoke	/ivouk/\n\nevocar
evolution	/iːvəluːʃən/\n\nevolução
evolutionary	[adjective]\nevolutivo
evolve	/ivɔlv/\n\n[vi]\n\n1. desenvolver-se\n2. evoluir
ex-	ex-
exacerbate	[vt]\nexacerbar
exacerbation	[s]\nexacerbação
exact	/igzækt/\n\n[adjective]\n\n1. a. certo\n  b. exacto\n  c. rigoroso\n2. requisitar\n3. a. afinado\n  b. correcto\n  c. correto\n  d. exato\n  e. preciso
exactitude	/igzæktitjuːd/\n\n[s]\nexactidão
exactly	/igzætliː/\n\n1. a. exatamente\n  b. pontualmente\n2. justamente\n3. precisamente\n4. a. comprecisão\n  b. exactamente
exactness	/igzæktnəs/\n\n[s]\nprecisão
exaggerate	/igzædʒəreit/\n\n[vi]\nexagerar
exaggeration	[s]\nexagero
exaltation	[s]\nexaltação
examination	/igzæmineiʃən/\n\n[s]\n\n1. exame\n2. prova\n3. teste
examine	/igzæmin/\n\n[vt]\n\n1. a. ensaiar\n  b. examinar\n  c. inspecionar\n  d. revistar\n2. a. buscar\n  b. escavar\n  c. explorar\n  d. investigar\n  e. pesquisar
examiner	[s]\nexaminador
example	/igzɑːmpl/\n\n[s]\nexemplo
exanthem	[s]\nexantema
exanthema	[s]\nexantema
exasperation	[s]\nexasperação
exceed	/iksiːd/\n\n1. exceder\n2. sersuperior\n3. superar\n4. suplantar
excel	[vi]\n[vi]\n\n1. a. ser o melhor\n  b. ir além dos outros\n2. se tornar um mestre em\n3. adquirir excelência
excellence	[s]\nexcelência
excellency	/eksələnsiː/\n\nexcelência
excellent	[adjective]\nexcelente
excellently	[adverb]\n\n1. excelentemente\n2. de forma excelente
except	/eksept/\n\n[conjunction]\n[vt]\n\n1. a. exceto\n  b. com exclusão de\n  c. fora\n2. a. excetuar\n  b. fazer exceção
except for	/ekseptfər/\n\n1. além de\n2. com exclusão de\n3. exceto\n4. fora
exception	/iksepʃən/\n\nexcepção
exceptional	/iksepʃənl/\n\nexcepcional
exceptionally	[adverb]\nexcepcionalmente
excerpt	[s]\n[vt]\n\n1. a. extrato\n  b. seleção\n  c. passagem\n2. a. extrair\n  b. selecionar\n  c. citar
excess	/ekses/\n\n1. demasia\n2. excesso\n3. exorbitância
excessive	/iksesiv/\n\n1. demasiado\n2. excessivo
excessively	[adverb]\n\n1. excessivamente\n2. de forma excessiva
exchange	/ikstʃeindʒ/\n\n1. central\n2. a. câmbio\n  b. permutação\n  c. troca
exchange rate	/ikstʃeindʒreit/\n\n1. câmbio\n2. cotação
excise	/eksaiz/\n\nimposto de consumo
excise-duty	imposto de consumo
excitability	[s]\nexcitabilidade
excitable	[adjective]\nexcitável
excitation	/iksaiteiʃən/\n\nexcitação
excite	/iksait/\n\n1. a. acirrar\n  b. aguçar\n  c. atiçar\n  d. estimular\n  e. excitar\n  f. inflamar\n2. a. concitar\n  b. incitar\n  c. provocar
excitement	/iksaitmənt/\n\n1. excitação doentia\n2. excitação
exciting	/iksaitiŋ/\n\nexcitante
exclamation	[s]\nexclamação
exclamation mark	/ikskləmeiʃənmɑːk/\n\n[s]\nponto de exclamação
exclude	/ikskluːd/\n\n1. excluir\n2. deixarexcluído\n3. exceptuar
exclusion	[s]\nexclusão
exclusive	/ikskluːsiv/\n\nexclusivo
exclusively	/ikskluːsivliː/\n\n1. exclusive\n2. a. não...maisque\n  b. só\n  c. somente\n  d. apenas
excommunication	/ekskəmjuːnikeiʃən/\n\n1. anátema\n2. excomunhão
excrement	/ikskrəmənt/\n\n1. excremento\n2. matériafecal
excursion	/ikskəːʃən/\n\nexcursão
excusable	[adjective]\n\n1. desculpável\n2. perdoável
excuse	/ikskjuːs/\n\n1. desculpar\n2. excusar\n3. justificar
excuse me	/ikskjuːsm/\n\n1. desculpe\n2. perdoe-me
excuse oneself	/ikskjuːswʌnself/\n\npor gentileza pedir desculpas de alguém
executable	[s]\nexecutável
execute	/eksikjuːt/\n\n[vt]\nexecutar
execution	[s]\nexecução
executioner	/eksikjuːʃənər/\n\n[s]\n\n1. executor\n2. a. carrasco\n  b. algoz
executive	[s]\nexecutivo
executor	[s]\nexecutor
exemplary	[s]\nexemplar
exercise	/eksəsaiz/\n\n1. a. ensaiar\n  b. exercer\n  c. exercitar\n  d. treinar\n2. exercício
exercise-book	1. caderno\n2. fascículo
exert	/igzəːt/\n\n1. exercer\n2. praticar
exertion	[s]\nesforço
exfoliation	[s]\nexfoliação
exhalation	[s]\nexalação
exhale	/eksheil/\n\n1. axalar\n2. expirar
exhausted	/igzɔːstid/\n\nesgotado
exhaustion	[s]\nexaustão
exhaustive	[adjective]\nexaustivo
exhaustively	[adverb]\nexaustivamente
exhibit	/igzibit/\n\n1. a. expor\n  b. exibir\n2. apresentar
exhibition	/eksibiʃən/\n\nexposição
exhibitionism	[s]\nexibicionismo
exhibitionist	[s]\nexibicionista
exhortation	/eksɔːteiʃən/\n\n1. admoestação\n2. repreensão
exhumation	[s]\nexumação
exhume	[vt]\nexumar
exigence	[s]\nexigência
exigency	[s]\nexigência
exigent	[adjective]\nexigente
exile	/eksail/\n\n1. a. banir\n  b. degredar\n  c. desterrar\n  d. exilar\n2. a. exilado\n  b. proscrito\n3. exílio
exist	/igzist/\n\n1. existir\n2. haver
existence	/igzistəns/\n\nexistência
existent	[adjective]\nexistente
existential	[adjective]\nexistencial
existentialism	[s]\nexistencialismo
existentialist	[s]\nexistencialista
existing	1. existente\n2. atual
exit	/eksit/\n\n1. a. porta\n  b. saída\n2. sair
exobiologist	[s]\nexobiologista
exobiology	[s]\nexobiologia
exocarp	[s]\nexocarpo
exocrine	[adjective]\nexócrino
exoderm	[s]\nexoderma
exodontia	[s]\nexodontia
exodontist	[s]\nexodontista
Exodus	/eksədəs/\n\nÊxodo
exoenzyme	[s]\nexoenzima
exogamy	[s]\nexogamia
exogenous	[adjective]\nexógeno
exorbitant	[adjective]\nexorbitante
exorcism	[s]\nexorcismo
exorcist	[s]\nexorcista
exorcize	[vt]\nexorcizar
exotic	/igzɔtik/\n\nexótico
exotoxin	[s]\nexotoxina
expand	1. a. expandir\n  b. ampliar\n  c. aumentar\n  d. estender\n  e. dilatar\n2. a. expandir-se\n  b. dilatar-se
expanse	extensão
expansible	[adjective]\nexpansível
expansion	/ikspænʃən/\n\nexpansão
expansionism	expansionismo
expansionist	expansionista
expansive	expansivo
expansiveness	[s]\nexpansividade
expatriate	1. expatriado\n2. expatriar
expect	/ikspekt/\n\n1. aguardar\n2. esperar\n3. estar à espera de
expectable	[adjective]\nesperável
expectancy	[s]\n\n1. expectativa\n2. esperança
expectant	[adjective]\nexpectante
expectation	/ekspekteiʃən/\n\n[s]\nexpectativa
expectorant	[s]\nexpectorante
expectorate	[vt]\nexpectorar
expectoration	[s]\nexpectoração
expedition	/ekspidiʃən/\n\nexpedição
expel	/ikspel/\n\n1. afugentar\n2. rechaçar
expense	/ikspens/\n\n1. gasto\n2. despesa\n3. custo
expense account	relatório de despesas
expensive	/ikspensiv/\n\ncaro
experience	/ikspiəriəns/\n\n1. experiência\n2. a. atravessar\n  b. viver
experienced	/ikspiəriənst/\n\n1. experiente\n2. perito\n3. versado
experiment	/iksperimənt/\n\n1. fazerexperiências\n2. a. experiência\n  b. experimento
experimental	/iksperimentl/\n\nexperimental
experimentally	[adverb]\n\n1. experimentalmente\n2. de forma experimental
expert	/ekspəːt/\n\n1. a. experto\n  b. louvado\n  c. perito\n2. a. especialista\n  b. expert\n3. competente\n4. a. experiente\n  b. versado
expiration	[s]\nexpiração
expire	/ikspaiər/\n\n1. a. acabar\n  b. terminar\n2. a. falecer\n  b. morrer
explain	/iksplein/\n\nexplicar
explanation	/ikspləneiʃən/\n\nexplicação
explanatory	[adjective]\n\n1. explanatório\n2. explicativo
explicable	[adjective]\nexplicável
explicate	[vt]\nexplicar
explication	[s]\nexplicação
explicit	[adjective]\nexplícito
explicitly	[adverb]\nexplicitamente
explode	/iksploud/\n\n1. explodir\n2. estalar\n3. prorromper\n4. arrebentar
exploit	/iksplɔit/\n\n[s]\n[vt]\n\n1. a. feito\n  b. ato\n2. explorar
exploitable	[adjective]\nexplorável
exploitation	[s]\nexploração
exploration	/ikspləreiʃən/\n\n1. exploração\n2. investigação\n3. pesquisa
exploratory	[adjective]\nexploratório
explore	/iksplɔːr/\n\n1. buscar\n2. escavar\n3. explorar\n4. investigar\n5. pesquisar
explorer	[s]\nexplorador
explosion	/iksplouʒn/\n\nexplosão
explosive	[adjective]\nexplosivo
explosive device	/iksplousivdivais/\n\nexplosivo
exponential	exponencial
export	/ekspɔːt/\n\nexportar
exportable	[adjective]\n\n1. exportável\n2. que pode ser exportado
exportation	[s]\nexportação
exporter	[s]\nexportador
expose	[vt]\nexpor
exposition	/ekspəziʃən/\n\nexposição
expositor	[s]\nexpositor
exposure	[s]\nexposição
express	/ikspres/\n\n1. expresso\n2. a. expressar\n  b. exprimir
express condolences	/ikspreskəndoulənsiz/\n\n1. darpêsarmesa\n2. expressarcondolênciasa
expression	/ikspreʃən/\n\n1. expressão\n2. a. aparência\n  b. cara\n  c. fisionomia
expressionism	[s]\nexpressionismo
expressionless	[adjective]\nsem expressão
expressive	[adjective]\nexpressivo
expressiveness	[s]\nexpressividade
expressly	[adverb]\n\n1. expressamente\n2. explicitamente
expressway	/ikspreswei/\n\n1. auto-estrada\n2. rodovia
expropriate	[vt]\nexpropriar
expropriation	[s]\nexpropriação
expulsion	[s]\nexpulsão
exstrophy	[s]\nextrofia
extend	/ikstend/\n\n1. a. amplitude\n  b. amplidão\n  c. dimensão\n  d. extensão\n  e. grandeza\n2. a. desdobrar\n  b. estender\n  c. espraiar\n  d. estirar
extendability	[s]\n\n1. extensibilidade\n2. capacidade de ser estendido
extendable	[adjective]\nestendível
extendible	[adjective]\nextendível
extensibility	[s]\nextensibilidade
extensible	[adjective]\nextensível
extension	/ikstenʃən/\n\n[s]\n\n1. extensão\n2. sufixo
extensive	/ikstensiv/\n\n1. amplo\n2. espaçoso\n3. extenso\n4. vasto
extensively	[adverb]\n\n1. extensivamente\n2. largamente\n3. amplamente
extent	[s]\nextensão
exterior	/ikstiəriər/\n\n1. aparência\n2. exterior
exteriorization	[s]\nexteriorização
exteriorize	[vi]\nexteriorizar
exterminate	/ikstəːmineit/\n\n1. abolir\n2. eliminar\n3. exterminar\n4. extinguir\n5. suprimir
extermination	[s]\nexterminação
exterminator	[s]\nexterminador
external	/ikstəːnl/\n\n1. adventício\n2. exterior\n3. externo
externalize	[vt]\nexternalizar
externally	[adverb]\nexternamente
extinct	1. apagado\n2. extinto\n3. liquidado\n4. morto\n5. revogado
extinction	[s]\nextinção
extinguish	/ikstiŋgwiʃ/\n\n1. apagar\n2. extinguir
extirpate	[vt]\nextirpar
extirpation	[s]\nextirpação
extirpator	[s]\nextirpador
extortion	[s]\nextorsão
extra	/ikstrə/\n\n1. extra\n2. figurante
extracellular	[adjective]\nextracelular
extracorporeal	[adjective]\nextracorporal
extract	/ikstrækt/\n\n[s]\n[vt]\n\n1. extrato\n2. extrair
extraction	[s]\nextração
extractor	[s]\nextrator
extracurricular	[adjective]\nextracurricular
extradite	[vt]\nextraditar
extradition	[s]\nextradição
extrahepatic	[adjective]\nextrahepático
extrajudicial	[adjective]\nextrajudicial
extrajudicially	[adverb]\n\n1. extrajudicialmente\n2. de forma extrajudicial
extramural	[adjective]\nextramural
extraordinary	/ikstrɔːdnriː/\n\nextraordinário
extrapolate	[vt]\nextrapolar
extrapolation	[s]\nextrapolação
extrapyramidal	[adjective]\nextrapiramidal
extraterritorial	[adjective]\nextraterritorial
extravagance	[s]\nextravagância
extravagancy	[s]\nextravagância
extravagant	/ikstrævəgənt/\n\nextravagante
extravagantly	[adverb]\nde forma extravagante
extravasate	[vt]\nextravasar
extreme	/ikstriːm/\n\nextremo
extremely	/ikstremliː/\n\n[adverb]\n\n1. extremamente\n2. muitíssimo
extremism	[s]\nextremismo
extremist	[s]\nextremista
extremity	[s]\nextremidade
extricate	soltar
extrinsical	[adjective]\nextrínseco
extroversion	[s]\nextroversão
extrovert	[s]\n[adjective]\n\n1. pessoa extrovertida\n2. extrovertido
extubation	[s]\nextubação
exuberance	[s]\nexuberância
exuberant	[adjective]\nexuberante
exudate	[s]\nexsudato
exudation	[s]\nexsudação
exudative	[adjective]\nexsudativo
exult	/igzʌlt/\n\n1. dar gritos de alegria\n2. jubilar-se ruidosamente
exultation	/egzʌlteiʃən/\n\njúbilo
eye	/iː/\n\nolho
eyeball	[s]\nglobo ocular
eyebrow	/aibrau/\n\n1. sobrancelha\n2. sobrolho\n3. supercílio
eyeglass	[s]\n\n1. monóculo\n2. óculos
eyelash	[s]\ncílio
eyeless	[adjective]\n\n1. sem olhos\n2. cego
eyelid	/ailid/\n\npálpebra
eyeteeth	[s]\ndente canino
eyewink	[s]\n[vt]\n\n1. piscar de olhos\n2. piscar os olhos
eyewitness	[s]\ntestemunha ocular
fable	/feibl/\n\n1. apólogo\n2. fábula
fabric	/fæbrik/\n\ntecido
fabricate	/fæbrikeit/\n\nfabricar
fabrication	[s]\n\n1. fabricação\n2. falsificação
fabulous	[adjective]\nfabuloso
facade	1. fachada\n2. frontispício
face	/feis/\n\n1. a. cara\n  b. rosto\n  c. semblante\n2. encarar\n3. a. atacar de frente\n  b. enfrentar
facile	/fæsail/\n\n1. brando\n2. fácil\n3. suave
facilitate	/fəsiliteit/\n\n1. aplainar\n2. aquietar\n3. facilitar
facilitation	[s]\nfacilitação
facilitator	[s]\nfacilitador
facility	facilidade
fact	/fækt/\n\n1. facto\n2. fato\n3. ocorrência
faction	/fækʃən/\n\n1. bandeira\n2. facção\n3. partida\n4. partido
factor	fator
factorial	[s]\n[adjective]\n\n1. fatorial\n2. relativo ao fatorial
factory	/fæktəriː/\n\n1. fábrica\n2. usina
factual	/fæktʃeəl/\n\n1. efetivo\n2. real
facultative	[adjective]\nfacultativo
faculty	/fækltiː/\n\nfaculdade
fade	/feid/\n\n1. caldear\n2. soldar
fade out	[vt]\n\n1. subir\n2. clarear
fail	/feil/\n\n1. fracassar\n2. malograr-se\n3. ter mau êxito
failure	/feiljər/\n\n1. a. falha\n  b. falência\n  c. quebra\n2. a. fiasco\n  b. malogro
faint	/feint/\n\n1. a. débil\n  b. fraco\n2. a. desfalecer\n  b. desmaiar\n  c. esvanecer\n3. a. chilique\n  b. desfalecimento\n  c. desmaio
fair	/fɛər/\n\n1. a. bazar\n  b. feira\n  c. mercado\n2. a. flavo\n  b. loiro\n  c. louro\n3. a. eqüitativo\n  b. justo\n  c. reto
fairly	[adverb]\n\n1. com justiça\n2. igualmente\n3. bastante
fairy	/fɛəriː/\n\n1. feérico\n2. fada\n3. gênio
fairy tale	/fɛəriːteil/\n\n1. contodefadas\n2. estória\n3. fábula\n4. lenda
faith	/feiθ/\n\nfé
faithful	/feiθfəl/\n\n1. a. fiel\n  b. leal\n2. seguro
faithfully	[adverb]\nfielmente
faithless	[adjective]\n\n1. sem fé\n2. infiel
fake	[s]\n[adjective]\n[vt]\n\n1. impostor\n2. falsificador\n3. a. falso\n  b. falsificado\n4. falsificar
fakir	[s]\nfaquir
falcon	/fɔːlkən/\n\nfalcão
fall	/fɔːl/\n\n1. cair do alto\n2. a. cair\n  b. desabar\n  c. tombar\n  d. ruir
fall backwards	/fɔːlbækwədz/\n\ncairdecostas
fall off	/fɔːlɔf/\n\ncair do alto
fallacious	/fəleiʃəs/\n\nenganoso
fallacy	[s]\nfalácia
false	/fɔːls/\n\n1. falsificado\n2. falso
false step	/fɔːlsstep/\n\npassoemfalso
falsely	[adverb]\nfalsamente
falseness	[s]\nfalsidade
falsifiable	[adjective]\n\n1. capaz de ser provado como falso\n2. testável
falsification	[s]\nfalsificação
falsifier	[s]\nfalsificador
falsify	/fɔːlsifai/\n\n1. adulterar\n2. deturpar\n3. falsear\n4. falsificar
falsity	[s]\nfalsidade
falter	vacilar
fame	/feim/\n\n[s]\n\n1. a. fama\n  b. renome\n2. glória
familial	[adjective]\nfamiliar
familiar	[adjective]\nfamiliar
familiarise	[vt]\nfamiliarizar
familiarity	[s]\nfamiliaridade
familiarize	[vt]\nfamiliarizar
familiarly	[adverb]\nfamiliarmente
family	/fæməliː/\n\nfamília
famine	/fæmin/\n\ngrande fome geral
famish	esfomear
famished	esfomeado
famous	/feiməs/\n\n1. famoso\n2. glorioso
fan	/fæn/\n\n1. excitar soprando\n2. a. abanar\n  b. ventilar\n3. a. abano\n  b. leque
fanatic	[adjective]\nfanático
fanatical	/fənætikl/\n\nfanático
fanaticism	[s]\nfanatismo
fancier	/fænsiər/\n\n1. amador\n2. curioso\n3. diletanto\n4. não profissional
fancy	/fænsiː/\n\n1. imaginar\n2. a. devanear\n  b. fantasiar\n  c. sonhar
fandango	[s]\n\n1. fandango\n2. dança espanhola
fanfare	/fænfɛər/\n\n1. charanga\n2. fanfarra
fantasm	[s]\nfantasma
fantastic	/fæntæstik/\n\n1. fantástico\n2. imaginário
fantastical	[adjective]\nfantástico
fantastically	[adverb]\nfantasticamente
fantasy	/fæntəsiː/\n\nfantasia
far	/fər/\n\n1. afastado\n2. distante
Far East	/fəriːst/\n\nExtremo-Oriente
Faraday	[s]\n\n1. a. faraday\n  b. medida de quantidade de energia\n2. Físico inglês
faraway	[adjective]\n\n1. distante\n2. longe
fardel	fardo
fare	/fɛər/\n\npassar
farewell	/fɛəwel/\n\n1. adeus\n2. até logo\n3. despedida
farm	/fɑːm/\n\n1. a. bens de raiz\n  b. domínio\n  c. fazenda\n  d. granja\n  e. propriedade\n  f. roça\n  g. terras\n2. arrendar\n3. arrendamento
farmer	/fɑːmər/\n\n1. arrendatário\n2. a. camponês\n  b. fazendeiro
farmhouse	[s]\ncasa de fazenda
farming	/fɑːmiŋ/\n\nagricultura
fart	/fɑːt/\n\n1. peidar\n2. peido
farther	[adjective]\n[adverb]\n\n1. a. mais distante\n  b. mais afastado\n2. mais longe
fascia	[s]\nfáscia
fasciculation	[s]\nfasciculação
fasciculus	[s]\nfascículo
fascinate	/fæsineit/\n\nfascinar
fascinating	/fæsineitiŋ/\n\nfascinante
fascination	[s]\nfascinação
fascism	[s]\nfacismo
fascist	[adjective]\nfacista
fashion	/fæʃən/\n\n1. costume\n2. moda\n3. mode
fashionable	/fæʃənəbl/\n\nnamoda
fast	/fɑːst/\n\n1. a. rápido\n  b. veloz\n2. depressa
fast train	/fɑːsttrein/\n\n1. expresso\n2. rápido
fasten	/fɑːsn/\n\n1. a. aprazar\n  b. cravar\n  c. determinar\n  d. fixar\n2. aferrolhar
faster	[adjective]\n\n1. mais rápido\n2. mais depressa
fastest	/fɑːst/\n\n1. o mais rápido\n2. o mais veloz
fasting	jejum
fat	/feit/\n\n1. a. encorpado\n  b. espesso\n  c. grosso\n  d. volumoso\n2. gordo\n3. a. banha\n  b. gordura
fatal	[adjective]\nfatal
fatality	[s]\nfatalidade
fate	/feit/\n\n1. destino\n2. fatalidade\n3. a. sina\n  b. sorte
fateful	/feitfəl/\n\n1. fatal\n2. fatídico
father	/fɑːðər/\n\npai
father-in-law	sogro
fatherhood	[s]\npaternidade
fatherland	/fɑːðəlænd/\n\npátria
fatidical	fatídico
fatigue	fatiga
fatless	[adjective]\nsem gordura
fatness	[s]\n\n1. a. excesso de peso\n  b. obesidade\n2. fertilidade\n3. riqueza
fatty	/fætiː/\n\ngordo
faucet	/fɔːsit/\n\n1. bica\n2. torneira
fault	/fɔːlt/\n\n1. falha\n2. falta\n3. culpa\n4. delito
faultless	[adjective]\n\n1. sem falhas\n2. sem erros
faulty	[adjective]\n\n1. falho\n2. faltoso
fauna	[s]\nfauna
favlet	[s]\n\n1. pequeno programa escrito em JavaScript armazenado nos Favoritos do Internet Explorer para executar pequenas tarefas\n2. como pesquisar uma palavra selecionada em um mecanismo de busca. A palavra favlet é uma adaptação de bookmarklet para o Internet Explorer.
favor	/feivər/\n\n1. favorecer\n2. a. favor\n  b. gentileza\n  c. obséquio
favorable	[adjective]\nfavorável
favorably	[adverb]\nfavoravelmente
favorite	/feivərait/\n\nfavorito
favour	/feivər/\n\n1. favorecer\n2. favor\n3. a. gentileza\n  b. obséquio
favourable	/feivərəbl/\n\n1. favorável\n2. propício
favourite	/feivərit/\n\nfavorito
fear	/fiər/\n\n1. a. medo\n  b. receio\n2. a. recear\n  b. temer\n  c. ter medo de
fearful	1. a. medonho\n  b. temível\n  c. terrível\n2. medroso
fearfully	1. terrivelmente\n2. timidamente
fearless	1. sem medo\n2. intrépido\n3. audaz
feasible	1. viável\n2. praticável
feast	/fiːst/\n\n1. comerembanquete\n2. a. ágape\n  b. banquete
feat	[s]\n\n1. façanha\n2. feito
feather	/feðər/\n\npluma
feature	/fiːtʃər/\n\n1. característica\n2. a. feição\n  b. linha\n  c. traço
febrile	[adjective]\nfebril
February	/febjeəriː/\n\nFevereiro
fecal	[adjective]\nfecal
feces	[s]\nfezes
fecund	[adjective]\n\n1. fecundo\n2. fértil
fecundate	[vt]\n\n1. fecundar\n2. fertilizar
fecundation	[s]\n\n1. fecundação\n2. fertilização
fecundity	[s]\nfecundidade
federal	/fedərəl/\n\nfederal
federalism	[s]\nfederalismo
federalist	[s]\nfederalista
federation	/fedəreiʃən/\n\nfederação
fee	[s]\n[vt]\n\n1. taxa\n2. taxar
feed	/fiːd/\n\n1. a. alimentar\n  b. nutrir\n  c. sustenar\n2. a. apascentar\n  b. pastorear
feedback	1. retroalimentação\n2. retorno
feeding-bottle	mamadeira
feel	/fiːl/\n\n1. a. palpar\n  b. apalpar\n  c. tatear\n2. a. experimentar\n  b. sentir\n3. sentimento
feel dizzy	/fiːldiziː/\n\nsentirvertigem
feeling	/fiːliŋ/\n\nsentimento
feign	/fein/\n\n1. aparentar\n2. fingir\n3. simular
felicitate	[vt]\nfelicitar
felicitation	[s]\nfelicitação
felicity	[s]\nfelicidade
feline	[s]\n[adjective]\nfelino
fellatio	[s]\nfelação
fellow	/felou/\n\n[s]\n[adjective]\n\n1. a. companheiro\n  b. parceiro\n2. associado\n3. igual
fellow-thinker	1. coidealista\n2. correligionário
fellowship	[s]\n\n1. sociedade\n2. compania
female	/fiːmeil/\n\n1. fêmea\n2. feminino
female admirer	/fiːmeilədmairər/\n\nadmiradora
female cook	/fiːmeilkuk/\n\ncozinheira
female hairdresser	/fiːmeilhɛədresər/\n\ncabeleireira
female journalist	/fiːmeildʒəːnəlist/\n\njornalista
female relative	/fiːmeilrelətiv/\n\nparente
female singer	/fiːmeilsiŋər/\n\ncantora
female stenotypist	/fiːmeilstenətipist/\n\n1. dactilógrafa\n2. datilógrafa
female tailor	/fiːmeilteilər/\n\ncostureira
female teacher	/fiːmeiltiːtʃər/\n\nmestra
feminine	/femənin/\n\n1. fêmea\n2. feminino
femoral	[adjective]\nfemoral
femur	[s]\nfêmur
fen	mangue
fence	/fens/\n\n1. a. barreira\n  b. obstáculo\n2. a. estacada\n  b. paliçada
fence off	/fensɔf/\n\ncercaremredorde
fenestration	[s]\nfenestração
ferment	/fəmənt/\n\nfermentar
fermentable	[adjective]\nfermentável
fermentation	[s]\nfermentação
fern	/fəːn/\n\nfeto
ferritin	[s]\nferritina
ferry	/feriː/\n\nbarca
fertile	/fəːtail/\n\n1. a. fecundo\n  b. fértil\n2. frutífero
fertility	[s]\nfertilidade
fertilizable	[adjective]\nfertilizável
fertilization	[s]\nfertilização
fertilize	/fəːtəlaiz/\n\n1. estercar\n2. fertilizar
fertilizer	/fəːtəlaizər/\n\n1. esterco\n2. estrume
fervent	[adjective]\nfervente
fervor	/fəːvər/\n\n1. ardor\n2. fervor\n3. zelo
fervour	/fəːvər/\n\n1. ardor\n2. fervor\n3. zelo
festival	/festivəl/\n\n1. celebração\n2. festa
festive	[adjective]\nfestivo
fetal	fetal
fetch	/fetʃ/\n\ntrazer
fetish	[s]\nfetiche
fetter	/fetər/\n\n1. a. acorrentar\n  b. algemar\n2. a. cadeia\n  b. corrente\n  c. grilhão
fetus	[s]\nfeto
feudal	/fjuːdl/\n\n[adjective]\nfeudal
feudalism	[s]\nfeudalismo
fever	/fiːvər/\n\n[s]\nfebre
feverish	/fiːvəriʃ/\n\nfebril
few	pouco
fewer	/fjuːər/\n\nmenos
fiance	[s]\nnoivo
fiancee	[s]\nnoiva
fiasco	/fiæskou/\n\n[s]\n\n1. fiasco\n2. malogro
fib	[s]\n[vt]\n\n1. mentira\n2. mentir
fibber	[s]\nmentiroso
fiber	/faibər/\n\n[s]\n\n1. fibra\n2. filamento
fiberscope	[s]\nfibroscópio
fibrillate	[vt]\nfibrilar
fibrillation	[s]\nfibrilação
fibrin	[s]\nfibrina
fibrinogen	[s]\nfibrinogênio
fibrinolysis	[s]\nfibrinólise
fibroblast	[s]\nfibroblasto
fibroma	[s]\nfibroma
fibromatous	[adjective]\nfibromatoso
fibronectin	[s]\nfibronectina
fibrosarcoma	[s]\nfibrosarcoma
fibrosis	[s]\nfibrose
fibrous	[adjective]\nfibroso
fibrovascular	[adjective]\nfibrovascular
fibula	[s]\nfíbula
fibular	[adjective]\n\n1. fibular\n2. da fíbula
fiction	/fikʃən/\n\n1. ficção\n2. invenção
fictional	/fikʃənl/\n\nfictício
fictitious	/fiktiʃəs/\n\nfictício
fiddle	1. violino\n2. a. fraude\n  b. embuste\n  c. trapaça\n3. falsificar
fiddle with	brincar com
fiddler	violinista
fiddly	espinhoso
fidelity	[s]\nfidelidade
fief	/fiːf/\n\nfeudo
field	/fiːld/\n\n1. a. agro\n  b. terracultivável\n2. a. área\n  b. campina\n  c. campo
field hospital	/fiːldhɔspitəl/\n\n1. ambulância\n2. hospitalmilitarmóvel
fierce	/fiəs/\n\n1. cruel\n2. feroz
fifteen	/fiftiːn/\n\nquinze
fifteenth	[adjective]\ndécimo quinto
fifth	/fifθ/\n\nquinto
fifty	/fiftiː/\n\ncinquenta
fig	/fig/\n\nfigo
fig-tree	figueira
fight	/fait/\n\n1. a. batalhar\n  b. brigar\n  c. combater\n  d. guerrear\n  e. lidar\n  f. lutar\n  g. pelejar\n2. a. lutar contra\n  b. opor
fight against	/faitəgenst/\n\n1. lutarcontra\n2. opor
fighter	[s]\n\n1. lutador\n2. guerreiro
figurative	/figjərətiv/\n\ndafigura
figure	/figər/\n\n1. a. figura\n  b. imagem\n2. a. calcular\n  b. computar\n  c. orçar
filament	[s]\nfilamento
file	/fail/\n\n[s]\n[vt]\n\n1. a. arquivo\n  b. fichário\n2. a. fila\n  b. fileira\n  c. linha\n3. a. lima\n  b. lixa\n4. a. arquivar\n  b. organizar\n  c. arrumar\n5. a. andar em fila\n  b. andar enfileirado\n6. a. limar\n  b. polir
filename	[s]\nnome do arquivo
filesystem	[s]\nsistema de arquivos
filing card	/failiŋkɑːd/\n\n[s]\nficha
fill	/fil/\n\n[vt]\n\n1. completar\n2. encher
fill in	/filin/\n\n[vt]\n\n1. completar\n2. encher
fill up	/filʌp/\n\n1. completar\n2. encher
filler	[s]\n\n1. enchimento\n2. material de enchimento
film	/film/\n\n1. filme\n2. película
filter	/filtər/\n\n1. filtrar\n2. filtro
filth	porcaria
filthy	/filθiː/\n\n1. sujo\n2. imundo
fimbria	[s]\nfimbria
fin	/fin/\n\nbarbatana
final	/fainl/\n\nfinal
finalist	[s]\nfinalista
finalization	[s]\nfinalização
finalize	/fainəlaiz/\n\n1. finalizar\n2. passar a limpo
finally	/finɑːliː/\n\n1. emfim\n2. finalmente\n3. por fim
finance	/fainæns/\n\n1. financiar\n2. finanças
financial	/fainænʃl/\n\nfinanceiro
financially	[adverb]\nfinanceiramente
find	/faind/\n\n1. achar\n2. deparar\n3. encontrar
find oneself	/faindwʌnself/\n\n1. achar\n2. achar-se\n3. encontrar-se
find out	/faindaut/\n\ninformar-se
finding	[s]\nachado
fine	/fain/\n\n1. a. belo\n  b. bonito\n  c. formoso\n  d. pulcro\n2. a. excelente\n  b. ótimo\n3. a. brando\n  b. delicado\n  c. fino\n  d. grácil\n  e. meigo\n  f. mimoso\n  g. sutil\n4. a. multa\n  b. dinheiro da multa
finger	/fiŋgər/\n\n1. dedo\n2. apalpar
fingernail	[s]\nunha
fingerprint	[s]\nimpressão digital
fingertip	[s]\nponta do dedo
finish	/finiʃ/\n\n1. final\n2. a. acabar\n  b. encerrar\n  c. finalizar\n  d. terminar\n3. a. aprontar\n  b. dar o acabamento\n  c. ultimar
finished	/finiʃt/\n\n1. finalizado\n2. acabado\n3. pronto
finisher	[s]\nfinalizador
finite	[adjective]\n\n1. finito\n2. limitado
Finland	/finlənd/\n\nFinlândia
Finn	/fin/\n\nfinlandês
Finnish	/finiʃ/\n\nfinlandês
fir	/faiər/\n\n1. abeto\n2. pinheiro
fire	/faiər/\n\n1. a. demitir\n  b. destituir\n  c. exonerar\n2. a. fogo\n  b. lume\n3. incêndio\n4. despedir\n5. a. atirar\n  b. disparar
firebox	/faiəbɔks/\n\n1. braseiro\n2. fogão\n3. fornalha\n4. lar
fireplace	/faiəpleis/\n\n1. chaminé\n2. lareira
firewall	[s]\nparede à prova de fogo
firework	[s]\nfogo de artifício
fireworks	/faiəwəːks/\n\n[s]\nfogos de artifício
firing	/faiəriŋ/\n\ntiroteio
firing-cap	cápsula
firm	/fəːm/\n\n[s]\n[adjective]\n[adverb]\n[vt]\n\n1. a. firma\n  b. loja\n2. a. firme\n  b. consistente\n  c. constante\n3. a. forte\n  b. rijo\n  c. sólido\n4. com firmeza\n5. firmar
firm in one's principle	/fəːminwʌnzprinsəpl/\n\nprincipal
firm in one's principles	/fəːminwʌnzprinsəplz/\n\nprincipal
firmament	[s]\nfirmamento
firmness	[s]\nfirmeza
first	/fəːst/\n\nprimeiro
first name	/fəːstneim/\n\nprimeiro nome
first of all	/fəːstɔfl/\n\n1. antes de tudo\n2. primeiramente\n3. ao princípio\n4. em primeiro lugar
firstborn	[s]\n\n1. primogênito\n2. filho mais velho\n3. primeiro filho nascido
firstly	/fəːstliː/\n\n1. primeiramente\n2. ao princípio\n3. em primeiro lugar
fish	/fiʃ/\n\n1. pescar\n2. peixe
fisher	[s]\npescador
fisherman	/fiʃəmən/\n\npescador
fishing rod	/fiʃiŋroud/\n\ncana
fission	[s]\nfissão
fissure	[s]\n[vt]\n\n1. fissura\n2. a. fissurar\n  b. quebrar\n  c. fazer uma fissura
fist	/fist/\n\npunho
fistula	[s]\nfístula
fit	/fit/\n\n[vt]\n\n1. estar conforme a\n2. a. acomodar\n  b. adaptar\n  c. ajeitar\n  d. ajustar\n3. a. convir\n  b. prestar-se\n  c. servir
fit in	/fitin/\n\nestar conforme a
fit out	/fitaut/\n\n1. guarnecer\n2. rechear\n3. revestir
fit together	/fittəgeðər/\n\nestaremharmonia
fitness	[s]\n\n1. adequação\n2. aptidão\n3. bom condicionamento físico
fitting	/fitiŋ/\n\n1. a. conveniente\n  b. decoroso\n  c. próprio\n2. a. adequado\n  b. apropriado\n  c. conforme
five	/faiv/\n\ncinco
fix	/fiks/\n\n[s]\n[vt]\n[vi]\n\n1. a. conserto\n  b. reparo\n2. a. definir\n  b. determinar\n  c. fixar\n3. a. aprazar\n  b. cravar\n4. a. consertar\n  b. reparar\n  c. restaurar\n  d. corrigir\n5. a. acomodar\n  b. adaptar\n  c. ajeitar\n  d. ajustar
fix up	/fiksʌp/\n\n1. arranjar\n2. arrumar\n3. dispor\n4. ordenar\n5. preparar
fixed	/fikst/\n\n1. fixo\n2. a. corrigido\n  b. consertado\n  c. reparado
fjord	/fiɔːd/\n\nfiorde
flag	/flæg/\n\n1. a. bandeira\n  b. pavilhão\n2. a. estandarte\n  b. pendão
flagship	[s]\n\n1. a. chefe\n  b. diretor\n  c. principal\n2. nau capitânia
flair	[s]\n\n1. talento\n2. elegância
flame	/fleim/\n\n1. a. chama\n  b. labareda\n2. paixão\n3. arder
flamenco	[s]\ndança flamenca
flameproof	[adjective]\nà prova de fogo
flammable	/flæməbl/\n\n1. combustível\n2. inflamável
flan	/flæn/\n\n1. ovosefarinha\n2. tortadenata
Flanders	/flændəz/\n\nFlandres
flank	[s]\nflanco
flannel	/flænl/\n\n1. flanelado\n2. flanela
flapper	/flæpər/\n\nadolescente
flare	/flɛər/\n\n1. chamejar\n2. coruscar\n3. flamejar
flare up	/flɛərʌp/\n\n1. chamejar\n2. coruscar\n3. flamejar
flash	/flæʃ/\n\n1. brilho súbito\n2. lançar brilho de súbito
flash on	/flæʃwʌn/\n\ncomeçar a queimar
flask	/flɑːsk/\n\ncantil
flat	/flæt/\n\n1. a. apartamento\n  b. aposentos\n2. bemol\n3. a. chão\n  b. chato\n  c. plano\n  d. raso\n4. bastidor
flat-iron	1. ferro de engomar\n2. ferro de passar roupa
flatter	/flætər/\n\n1. gabar\n2. lisonjear
flattery	/flætəriː/\n\nlisonja
flatulence	[s]\nflatulência
flatulency	[s]\nflatulência
flavor	/fleivər/\n\n[s]\n[vt]\n\n1. sabor\n2. odor\n3. adicionar algo\n4. dar gosto a
flavorful	[adjective]\n\n1. saboroso\n2. gostoso
flavour	/fleivər/\n\n1. a. aroma\n  b. fragrância\n  c. odor\n2. dargostoa
flaw	[s]\n[vt]\n\n1. a. falha\n  b. defeito\n  c. imperfeição\n2. criar uma falha ou defeito\n3. tornar imperfeito ou defeituoso\n4. a. quebrar\n  b. violar
flawless	[adjective]\n\n1. sem falhas\n2. perfeito\n3. impecável
flawlessly	[adverb]\n\n1. sem falhas\n2. perfeitamente\n3. impecavelmente
flax	/flæks/\n\nlinho
flea	/fliː/\n\npulga
flection	[s]\n\n1. flexão\n2. conjugação
flee	/fliː/\n\n1. a. escapar\n  b. escaparde\n2. a. evadir-se\n  b. fugir
flesh	/fleʃ/\n\ncarne
flexibility	[s]\nflexibilidade
flexible	/fleksəbl/\n\nflexível
flexion	[s]\nflexão
flexor	[s]\nflexor
flicker	/flikər/\n\ncintilar
flier	/flaiər/\n\nfolhasolta
flight	/flait/\n\nvôo
flighty	/flaitiː/\n\n1. frívolo\n2. leviano
fling	/fliŋ/\n\n1. agitar\n2. bater\n3. mexer\n4. vibrar
flirt	/fləːt/\n\n1. borboletear\n2. esvoaçar\n3. flutuar
flit	/flit/\n\n1. borboletear\n2. esvoaçar\n3. flutuar
float	/flout/\n\n1. a. boiar\n  b. flutuar\n2. nadar\n3. a. adejar\n  b. esvoaçar\n  c. librar-se\n  d. pairar
flocculation	[s]\nfloculação
flock	/flɔk/\n\n1. gado\n2. grei\n3. rebanho
flog	/flɔg/\n\nvergastar
flood	/flʌd/\n\n1. preamar\n2. dilúvio\n3. fluxo\n4. a. alagar\n  b. encharcar\n  c. inundar\n5. a. inundação\n  b. submersão\n6. a. cobrir com abundáncia\n  b. sobrecarregar
floor	/flɔːr/\n\n1. a. andar\n  b. pavimento\n2. a. soalho\n  b. assoalho
flora	[s]\nflora
floriculture	[s]\nfloricultura
floriculturist	[s]\nfloriculturista
flounder	/flaundər/\n\n1. debater-se\n2. espernear\n3. estrebuchar
flour	/flauər/\n\nfarinha
flourish	/flʌriʃ/\n\n1. charanga\n2. fanfarra
flow	/flou/\n\n1. a. correr\n  b. fluir\n2. a. corrente\n  b. fluxo
flowchart	[s]\nfluxograma
flower	/flauər/\n\nflor
flowery	[adjective]\n\n1. florido\n2. ornamentado
flowing	leve
flu	/fluː/\n\ngripe
fluctuate	[vi]\nflutuar
fluctuation	[s]\nflutuação
fluency	[s]\nfluência
fluent	/fluːnt/\n\n1. corrente\n2. fluido
fluently	[adverb]\nfluentemente
fluff	/flʌf/\n\n1. lanugem\n2. pêlo\n3. penugem
fluffy	leve
fluid	/fluːid/\n\n[s]\n\n1. fluido\n2. líquido
fluorescein	[s]\nfluoresceína
fluorescence	[s]\nfluorescência
fluorescent	[adjective]\nflourescente
fluoroscopy	[s]\nfluoroscopia
flutter	/flʌtər/\n\n[s]\n[vi]\n\n1. agitação\n2. excitação doentia\n3. aposta\n4. bater de asas\n5. a. borboletear\n  b. esvoaçar\n  c. flutuar
fluvial	[adjective]\nfluvial
flux	[s]\n[adjective]\n[vi)]\n\n1. fluxo\n2. fusão\n3. falta de controle\n4. a. instável\n  b. inconstante\n  c. variável\n5. luir\n6. liquefazer\n7. a. misturar\n  b. combinar
fly	/flai/\n\n1. balanceiro\n2. voar\n3. mosca
flyweight	[s]\n\n1. peso mosca\n2. lutador na categoria do peso mosca
foam	/foum/\n\n1. espumejar\n2. espuma
foamy	[adjective]\nespumoso
focal	[adjective]\nfocal
focalization	[s]\nfocalização
focalize	[vt]\nfocalizar
focally	[adverb]\nfocalmente
focus	/foukəs/\n\nfoco
fog	/fɔg/\n\n1. bruma\n2. neblina\n3. névoa
folate	[s]\nfolato
fold	/fould/\n\n1. a. dobrar\n  b. fazerpregas\n  c. ferrar\n  d. vincar\n2. a. dobra\n  b. prega
folder	/fouldər/\n\n[s]\n\n1. a. caderno\n  b. fascículo\n2. pasta
foliage	/fouliidʒ/\n\nfolhagem
folk	/fouk/\n\n1. gente\n2. povo\n3. nação
folklore	/fouklɔːr/\n\nfolclore
follicle	[s]\nfolículo
follicular	[adjective]\nfolicular
follow	/fɔlou/\n\n[vt]\n\n1. seguir\n2. suceder
follow-up	[s]\nacompanhamento
follower	[s]\n\n1. a. seguidor\n  b. fã\n  c. devoto\n2. a. perseguidor\n  b. caçador
following	/fɔlouiŋ/\n\n[adjective]\nseguinte
followup	[s]\nacompanhamento
fondle	/fɔndl/\n\n1. acariciar\n2. afagar\n3. mimosear
fondness	[s]\n\n1. apego\n2. carinho
fondue	[s]\nfondue
fontanel	[s]\nfontanela
fontanelle	[s]\n\n1. fontanela\n2. moleira
food	/fuːd/\n\nalimento
fool	/fuːl/\n\n1. a. burlar\n  b. ludibriar\n  c. mistificar\n2. imbecil
foolery	[s]\n\n1. tolice\n2. besteira\n3. burrice\n4. idiotice
foolish	/fuːliʃ/\n\n1. estúpido\n2. imbecil\n3. tolo
foolishness	bobagem
foolproof	[adjective]\n\n1. à prova de erros\n2. à prova de falhas
foot	/fut/\n\n1. pé\n2. medida
footage	[s]\n\n1. metragem\n2. seqüência
football	/futbɔːl/\n\n[s]\nfutebol americano
footprint	[s]\n\n1. pegada\n2. gasto de recursos do sistema
footwear	[s]\ncalçado
fop	/foup/\n\n1. almofadinha\n2. janota\n3. dândi
for	/fər/\n\n1. para\n2. para que\n3. afim de
for a long time	/fərəlɔŋtaim/\n\nhá muito
for ever	/fərevər/\n\neternamente
for every reason	/fərevriːriːzn/\n\npor todos os motivos
for example	/fərigzɑːmpl/\n\npor exemplo
for instance	/fərinstəns/\n\npor exemplo
for no reason	/fərnouriːzn/\n\n1. por nenhum motivo\n2. por nenhuma razão
for nothing	/fərnʌθiŋ/\n\ngrátis
for rent	/fərrent/\n\npara alugar
for sake of	/fərseikɔf/\n\n1. em troca de\n2. pro causa de
for sale	/fərseil/\n\n1. adquirível\n2. comprável
for the first time	/fərðfəːsttaim/\n\npela primeira vez
for the greater part	/fərðgreitərpɑːt/\n\npela maior parte
for the most part	/fərðmoustpɑːt/\n\npela maior parte
for the reason that	/fərðriːznðæt/\n\n1. porque\n2. por isso que
for the rest	/fərðrest/\n\n1. aliás\n2. além disso
for the time being	/fərðtaimbiːiŋ/\n\n1. provisoriamente\n2. temporiamente
foramen	[s]\nforame
forbid	[vt]\n\n1. proibir\n2. impedir
force	/fɔːs/\n\n1. a. força\n  b. intensidade\n  c. vigor\n2. a. constranger\n  b. forçar\n  c. obrigar\n3. violentar\n4. a. ditar\n  b. impor
forceless	[adjective]\n\n1. sem força\n2. fraco
forcibly	[adverb]\n\n1. forçadamente\n2. forçosamente
ford	/fəd/\n\natravessar a vau
fore	/fɔːr/\n\n[s]\n\n1. avanço\n2. primeiro plano
forebode	[vt]\npressentir
forecast	/fɔːriːkɑːst/\n\n[s]\n[vt]\n\n1. a. previsão\n  b. prognose\n  c. prognóstico\n2. prever\n3. a. agourar\n  b. predizer\n  c. profetizar\n4. a. adivinhar\n  b. augurar\n  c. pressagiar\n  d. prognosticar
forefather	/fɔːfɑːðər/\n\n[s]\nantepassado
foreground	/fɔːgraund/\n\n[s]\nanteprojeto
foregut	[s]\nintestino anterior
forehead	/fɔːhed/\n\n[s]\n\n1. fronte\n2. testa
foreign	/fɔrən/\n\n1. extrangeiro\n2. a. alienígena\n  b. estrangeiro\n  c. estranho
foreign country	/fɔrənkʌntriː/\n\n[s]\n\n1. país exterior\n2. terra estrangeira
foreigner	/fɔrənər/\n\n[s]\nestrangeiro
forename	[s]\nprimeiro nome
foreplay	[s]\n\n1. preliminares\n2. estimulação
foresee	/fɔːsiː/\n\n[vt]\nprever
foreseeable	[adjective]\nprevisível
foreseen	[adjective]\nprevisto
forest	/fɔrist/\n\n[s]\n\n1. floresta\n2. mata
foretell	/fɔːtel/\n\n1. a. agourar\n  b. predizer\n  c. profetizar\n2. a. adivinhar\n  b. augurar\n  c. pressagiar
forever	/fɔːrevər/\n\n1. para sempre\n2. eternamente
forevermore	[adverb]\npara todo o sempre
foreward	/fɔːwɔːd/\n\n1. adiante\n2. avante\n3. parafrente
foreword	/fɔːwəːd/\n\n[s]\nprefácio
forge ahead	[vi]\navançar constantemente
forgery	[s]\nfalsificação
forget	/fəget/\n\nesquecer
forget-me-not	1. as-de-mim\n2. miosótis\n3. não-te-esquece
forgetful	[adjective]\n\n1. desconsiderado\n2. esquecido
forgetfulness	[s]\nesquecimento
forgettable	[adjective]\n\n1. esquecível\n2. que pode ser esquecido
forgive	/fəgiv/\n\n[vt]\n\n1. desculpar\n2. escusar\n3. perdoar
fork	/fɔːk/\n\n[s]\n\n1. garfo\n2. forquilha\n3. a. divisão\n  b. ramificação
forklift	[s]\nempilhadeira
form	/fɔːm/\n\n1. formar\n2. a. feitio\n  b. forma\n  c. jeito\n3. formulário
form a group	/fɔːməgruːp/\n\n1. agrupar-se\n2. reunir-se
form an embankment	/fɔːmænimbæŋkmənt/\n\n1. deter\n2. represar
formal	/fɔːml/\n\n[adjective]\n\n1. a. ceremonioso\n  b. pomposo\n  c. solene\n2. a. explícito\n  b. expresso\n  c. formal
formalism	[s]\nformalismo
formalization	[s]\nformalização
formalize	[vt]\nformalizar
formally	[adverb]\nformalmente
format	[s]\n[vt]\n\n1. formato\n2. formatar
formation	[s]\nformação
former	/fɔːmər/\n\n[adjective]\n\n1. a. antecedente\n  b. anterior\n  c. precedente\n2. ex-\n3. passado
formerly	/fɔːməliː/\n\n[adverb]\n\n1. anteriormente\n2. antes\n3. em lugar anterior
formidable	/fɔːmidəbl/\n\n[adjective]\nextraordinário
formula	/fɔːmjulə/\n\n[s]\nfórmula
formulate	/fɔːmjuleit/\n\n[vt]\nformular
fornication	[s]\nfornicação
forsake	/fəseik/\n\nabandonar
forth	[adverb]\n\n1. adiante\n2. para adiante\n3. em seguida
forthcoming	[adjective]\n\n1. a. próximo\n  b. que vem\n  c. que está por vir\n  d. que está por aparecer\n2. a. a ser publicado\n  b. a ser lançado\n3. a. comunicativo\n  b. sociável
forthright	[adjective]\n[adverb]\n\n1. a. franco\n  b. correto\n2. francamente\n3. diretamente\n4. imediatamente
forthwith	[adverb]\n\n1. em seguida\n2. imediatamente
fortieth	[num]\nquadragésimo
fortification	/fɔːtifikeiʃən/\n\n[s]\n\n1. fortificação\n2. fortaleza
fortify	/fɔːtifai/\n\n[vt]\n\n1. amplificar\n2. fortalecer
fortress	[s]\n\n1. forte\n2. fortaleza
fortunate	/fɔːtʃuneit/\n\n[adjective]\nfeliz
fortunately	/fɔːtʃuneitiːliː/\n\n[adverb]\nfelizmente
fortune	/fɔːtʃuːn/\n\n[s]\n\n1. a. acaso\n  b. felicidade\n  c. sorte\n2. a. destino\n  b. sina
fortune teller	/fɔːtʃuːntelər/\n\n[s]\n\n1. adivinho\n2. a. áugure\n  b. arúspice\n  c. profeta
forty	/fɔːtiː/\n\n[s]\nquarenta
forum	/fɔːrəm/\n\n[s]\n\n1. foro\n2. fórum
forward	/fɔːwəd/\n\navante
foster	[vt]\n\n1. incentivar\n2. promover
found	/faund/\n\n1. a. estabelecer\n  b. fundar\n  c. instalar\n2. a. basear\n  b. darbase
foundation	/faundeiʃən/\n\n[s]\n\n1. fundação\n2. a. alicerce\n  b. base\n  c. fundamento\n3. fundo
founder	[s]\nfundador
fountain	/fauntn/\n\n[s]\n\n1. a. chafariz\n  b. fonte\n2. a. manancial\n  b. nascente
fountain pen	/fauntnpen/\n\n[s]\ncaneta tinteiro
four	/fɔːr/\n\n[s]\nquatro
foursome	[s]\nquarteto
fourteen	/fɔːtiːn/\n\n[s]\n\n1. catorze\n2. quatorze
fourth	/fɔːθ/\n\n1. quarto\n2. quarta parte
fowl	/faul/\n\n[s]\n\n1. carne de ave\n2. galinha\n3. ave doméstica
fox	/fɔks/\n\n[s]\nraposa
foxglove	/fɔksglʌv/\n\n[s]\n\n1. dedaleira\n2. digital\n3. erva-dedal
fractal	[s]\nfractal
fraction	/frækʃən/\n\n[s]\nfração
fracture	[s]\nfratura
frag	[s]\n[vt]\n\n1. morte de um oponente em um jogo\n2. matar um oponente em um jogo\n3. a. arruinar\n  b. destruir
fragile	/frædʒail/\n\n[adjective]\n\n1. frágil\n2. quebradiço
fragility	[s]\nfragilidade
fragment	/frægmənt/\n\n[s]\n[vt]\n\n1. fragmento\n2. a. elemento\n  b. partícula\n3. fragmentar
fragmentary	/frægməntriː/\n\n[adjective]\nfragmentário
fragmentation	[s]\nfragmentação
fragmentize	[s]\nfragmentar
fragrance	[s]\nfragância
fragrancy	[s]\nfragância
fragrant	/frəgrənt/\n\n[adjective]\n\n1. aromática\n2. fragrante
frail	[adjective]\n\n1. frágil\n2. quebradiço\n3. delicado
frame	/freim/\n\n[s]\n[vt]\n\n1. a. quadro\n  b. moldura\n  c. caixilho\n2. a. emoldurar\n  b. enquadrar
framerate	[s]\ntaxa de quadros
framework	/freimwəːk/\n\n[s]\n\n1. a. armação\n  b. estrutura\n  c. caixilho\n  d. moldura\n  e. quadro\n2. sistema
France	/frɑːns/\n\n[s]\nFrança
franchise	[s]\n[vt]\n\n1. privilégio\n2. privilegiar
Frankfurt	[s]\nFrankfurt (cidade da Alemanha)
frankly	/fræŋkliː/\n\n[adverb]\n\n1. francamente\n2. abertamente\n3. sem rodeios
frankness	[s]\nfranqueza
frantic	[adjective]\n\n1. frenético\n2. louco
fraternization	[s]\nfraternização
freak	[adjective]\nesdrúxulo
freckle	/frekl/\n\n[s]\n\n1. lentigem\n2. sarda
free	/friː/\n\n[adjective]\n[vt]\n\n1. livre\n2. grátis\n3. a. libertar\n  b. livrar\n  c. tornar livre
free and easy	/friːændiːziː/\n\n1. desembaraçado\n2. íntima\n3. sem-cerimônia
freedman	[s]\nhomem livre
freedom	/friːdəm/\n\n[s]\nliberdade
freedwoman	[s]\nmulher livre
freehand	[adjective]\n\n1. feito à mão\n2. escrito à mão\n3. desenhado à mão
freely	[adverb]\nlivremente
freeman	[s]\nhomem livre
freemason	/friːmeisn/\n\n[s]\nmaçom
freestyle	[s]\nestilo livre
freeware	[s]\nprograma distribuído de forma gratuita, mas mantendo o código fechado
freeway	/friːwei/\n\n[s]\n\n1. auto-estrada\n2. rodovia
freeze	/friːz/\n\n[vt]\n\n1. gelar\n2. congelar
freezer	/friːzər/\n\n[s]\n\n1. freezer\n2. congelador
freezing cold	/friːziŋkould/\n\n1. geada\n2. frio
freight	fardo
fremitus	[s]\nfrêmito
French	/frentʃ/\n\nfrancês
frenchman	/frentʃmən/\n\n[s]\nfrancês
frenchwoman	[s]\n\n1. francesa\n2. mulher francesa
frenulum	[s]\nfrênulo
frequence	[s]\nfreqüência
frequency	[s]\nfreqüência
frequent	/friːkwənt/\n\n1. a. freqüentar\n  b. irver\n  c. visitar\n2. a. frequente\n  b. freqüente
frequently	/frikwentliː/\n\n1. amiúde\n2. frequentemente\n3. freqüentemente\n4. muitasvezes
fresh	/freʃ/\n\n[adjective]\n\n1. fresco\n2. novo\n3. recente
freshness	[s]\nfrescor
freudian	[adjective]\n\n1. freudiano\n2. de Freud
friction	/frikʃən/\n\n[s]\nfricção
friday	/fraidiː/\n\n[s]\nsexta-feira
friend	/frend/\n\n[s]\n\n1. amigo\n2. amiga
friendless	[adjective]\nsem amigos
friendliness	[s]\namizade
friendly	/frendliː/\n\n1. a. afável\n  b. amável\n  c. bondoso\n  d. gentil\n  e. lhano\n2. amigável
friendship	/frendʃip/\n\n[s]\n\n1. amizade\n2. afeição
fright	[s]\nsusto
frighten	/fraitn/\n\n[vt]\n\n1. a. aterrorizar\n  b. horripilar\n2. amedrontar
frigid	/fridʒid/\n\nfrio
frigorific	[adjective]\nfrigorífico
frindge	/fraindʒ/\n\n1. fímbria\n2. franja
fringe	/frindʒ/\n\n[s]\nborda
frivolity	/frivɔlitiː/\n\n1. fútil\n2. coisa vã\n3. sem sentido
frivolous	/frivələs/\n\n[adjective]\n\n1. frívolo\n2. fútil\n3. vaidoso
frock coat	/frɔkkout/\n\n1. redingote\n2. sobrecasaca
frog	/frɔg/\n\n[s]\nrã
frolic	/frɔlik/\n\n1. traquinas\n2. a. fazer travessuras\n  b. garotar\n  c. traquinar
frolic about	/frɔlikəbaut/\n\ndar cabriolas
frolicsome	/frɔliksəm/\n\ntraquinas
from	/frɔm/\n\n1. a. de\n  b. proveniente de\n2. a. a partir de\n  b. desde\n3. dentre
from scratch	[adverb]\n\n1. do zero\n2. do nada\n3. do início
from where	/frɔmwɛər/\n\ndonde
front	/frʌnt/\n\n[s]\n\n1. frente\n2. fronte\n3. vanguarda
front steps	[s]\ndegraus
frontage	/frʌntidʒ/\n\n[s]\n\n1. frente\n2. fronte\n3. vanguarda
frontal	[adjective]\nfrontal
frontier	/frʌntiər/\n\n[s]\n\n1. fronteira\n2. limite\n3. raia\n4. confins
frost	/frɔst/\n\n1. geada\n2. frio
froth	/frɔθ/\n\n1. a. bater\n  b. fazer molinete\n  c. mexer\n2. espumejar\n3. espuma
fructose	[s]\nfrutose
fruit	/fruːt/\n\n[s]\nfruta
fruit-tree	[s]\nárvore frutífera
fruitful	/fruːtfəl/\n\n[adjective]\n\n1. a. proveitoso\n  b. frutífero\n2. a. fértil\n  b. fecundo
fruitwood	[s]\npomar
frustrate	/frʌstreit/\n\n[vt]\nfrustrar
frustration	[s]\nfrustação
fry	/friː/\n\n[vt]\n\n1. frigir\n2. fritar
frying pan	/fraiiŋpæn/\n\n[s]\n\n1. frigideira\n2. sartã
frying-pan	[s]\n\n1. frigideira\n2. sartã
fuck	/fʌk/\n\n1. coitar\n2. copular\n3. transar
fuel	/fjuːəl/\n\n[s]\n\n1. combustível\n2. material com que se aquece
fugacity	[s]\nfugacidade
fugitive	[adjective]\nfugitivo
fulfillment	[s]\n\n1. satisfação\n2. realização
fulguration	[s]\nfulguração
full	/ful/\n\n[adjective]\n\n1. a. cheio\n  b. completo\n  c. pleno\n2. a. farto\n  b. saciado\n  c. satisfeito
full moon	/fulmuːn/\n\n[s]\nlua cheia
full of zeal	/fulɔfziːl/\n\n1. fervoroso\n2. zeloso
full-grown	1. adulto\n2. maior
full-term	a termo
fuller	[adjective]\n\n1. mais cheio\n2. mais completo
fullest	[adjective]\n\n1. o mais cheio\n2. o mais completo
fully	/fuliː/\n\n[adverb]\ncompletamente
fulminant	[adjective]\nfulminante
fume	/fjuːm/\n\n1. a. despender gases mefíticos\n  b. feder\n2. a. exalação mefítica\n  b. fedor\n  c. gás deletério
fumy	/fjeəmiː/\n\n1. infecto\n2. pestilento
fun	/fən/\n\n[s]\n[adjective]\n\n1. a. distração\n  b. divertimento\n  c. recreio\n2. a. deleite\n  b. delícia\n  c. prazer\n3. divertido
function	/fʌŋkʃən/\n\n[s]\n[vi]\n\n1. função\n2. a. cargo\n  b. emprego\n  c. lugar\n  d. ofício\n3. a. estar em exercício\n  b. exercer funções\n  c. funcionar
functional	[adjective]\nfuncional
functionality	[s]\nfuncionalidade
functionary	/fʌŋkʃənriː/\n\n[s]\nfuncionário
fund	/fʌnd/\n\n[s]\n\n1. fundo\n2. a. caixa\n  b. cofre
fundament	[s]\nfundamento
fundamental	/fʌndəmentl/\n\n[adjective]\n\n1. fundamental\n2. básico
fundamentalism	[s]\nfundamentalismo
fundamentalist	[s]\nfundamentalista
fundamentally	[adverb]\nfundamentalmente
funeral	[s]\n\n1. funeral\n2. enterro
fungible	[s]\nfungível
fungicide	[s]\nfungicida
fungus	/fʌŋgəs/\n\n[s]\n\n1. fungo\n2. cogumelo
funnel	/fʌnl/\n\n[s]\nfunil
funny	/fʌniː/\n\n[adjective]\n\n1. a. divertido\n  b. recreativo\n2. cômico
fur	/fər/\n\n1. a. pele\n  b. pele de animal com pélos\n2. peliça
fur coat	/fərkout/\n\n1. pele\n2. peliça
fur piece	/fərpis/\n\n1. pele\n2. peliça
furious	/fjeəriəs/\n\n1. fulo\n2. furioso\n3. raivoso
furlough	/fəːlou/\n\n[s]\nlicença
furnace	/fəːnis/\n\n[s]\n\n1. fogão\n2. forno
furnish	/fəːniʃ/\n\n1. a. dar\n  b. entregar\n  c. fornecer\n  d. ministrar\n2. mobiliar
furniture	/fəːnitʃər/\n\n[s]\n\n1. mobília\n2. mobiliário\n3. movéis
furor	[s]\nfuror
furosemide	[s]\nfurosemida
furrow	/fʌrou/\n\n1. a. encrespar\n  b. enrugar\n  c. franzir\n  d. sulcar\n2. a. calha\n  b. rego\n  c. sulco
further	/fəːðər/\n\n[adjective]\n[adverb]\n[vt]\n\n1. a. novo\n  b. adicional\n2. mais\n3. a. mais longe\n  b. além disso\n4. promover
furthermore	/fəːðəmɔːr/\n\n1. além disso\n2. em continuação\n3. mais\n4. mais adiante
furthermost	mais distante
furuncle	[s]\nfurúnculo
furunculosis	[s]\nfurunculose
fuse	/fjuːz/\n\n[s]\n\n1. mecha\n2. pavio
fuselage	[s]\nfuselagem
fusion	[s]\nfusão
fuss	[s]\n[vi]\n\n1. rebuliço\n2. escândalo\n3. criar caso
fussy	[adjective]\n\n1. a. exigente\n  b. complicado\n  c. cheio de coisas\n2. espalhafatoso
fuster	1. agitação\n2. a. atrapalhar\n  b. desconcertar
futile	/fjuːtail/\n\n[adjective]\n\n1. fútil\n2. inútil\n3. vão
future	/fjuːtʃər/\n\nfuturo
futurism	[s]\nfuturismo
futurology	[s]\nfuturologia
gaberdine	/gæbədiːn/\n\ngabardina
gadolinium	[s]\ngadolínio
gag	/gæg/\n\n1. brincadeira\n2. caçoada\n3. chiste\n4. gracejo\n5. piada
gagged	amordaçado
gain	/gein/\n\n[s]\n[vt]\n\n1. a. ganho\n  b. aquisição\n  c. presa\n2. a. lucro\n  b. proveito\n  c. vantagem\n3. a. auferir\n  b. ganhar\n  c. lucrar
gaiter	polaina
galactic	[adjective]\ngalático
galactorrhea	[s]\ngalactorréia
galactose	[s]\ngalactose
galactosemia	[s]\ngalactosemia
galaxy	[s]\ngaláxia
Galicia	/gælisə/\n\nGaliza
gall	/geil/\n\n1. bile\n2. bílis
gallant	/gælənt/\n\n1. animoso\n2. bravo\n3. corajoso\n4. honesto\n5. leal\n6. valente\n7. valoroso
gallbladder	[s]\nvesícula biliar
galleon	[s]\ngaleão
gallery	/gæləriː/\n\ngaleria
galloon	/gəluːn/\n\ngalão
gallop	/gæləp/\n\n1. a. andar a galope\n  b. galopar\n2. galope
gallstone	[s]\ncálculo biliar
galore	[s]\n[adjective]\n\n1. abundância\n2. abundante
galosh	/gəlɔʃ/\n\ngalocha
galvanic	[adjective]\ngalvânico
galvanise	[vt]\ngalvanizar
galvanism	[s]\ngalvanismo
galvanization	[s]\ngalvanização
game	/geim/\n\n1. a. jogo\n  b. partida\n  c. encontro esportivo de dois atletas ou times\n2. caça\n3. valente
gamely	valentemente
gamer	jogador
gamesmanship	tática
gametocyte	[s]\ngametócito
gametogenic	[adjective]\ngametogênico
gametophyte	[s]\ngametófito
gamma	[s]\ngama
gammon	1. toucinho\n2. presunto
gamut	/gæmət/\n\n1. gama\n2. escala
gang	/gæŋ/\n\n1. a. bando\n  b. cáfila\n  c. facção\n  d. malta\n  e. quadrilha\n  f. súcia\n2. a. companhia\n  b. turma
ganglion	[s]\ngânglio
gangrene	[s]\ngangrena
gangrenous	[adjective]\ngangrenoso
gangster	/gæŋstər/\n\n1. bandido\n2. gângster
gangway	/gæŋwei/\n\n1. passagem\n2. viela
gaol	/dʒeil/\n\n1. cadeia\n2. prisão
gap	/geip/\n\n1. brecha\n2. fenda
gape	/geip/\n\n1. escancarar-se\n2. a. embasbacar-se\n  b. ficarboquiaberto
garage	/gærɑːdʒ/\n\ngaragem
garbage	[s]\n[vt]\n\n1. lixo\n2. dejetos\n3. restos de comida\n4. a. retirar os restos\n  b. limpar
garbage can	/gɑːbidʒkein/\n\nferro-velho
garbage dump	/gɑːbidʒdʌmp/\n\nmonturo
garden	/gɑːdn/\n\n1. horto\n2. jardim
gardener	/gɑːdnər/\n\njardineiro
gargle	/gɑːgl/\n\n1. bochechar\n2. enxaguar\n3. gargarejar
garland	/gɑːlənd/\n\n1. coroadeflores\n2. grinalda
garlic	/gɑːlik/\n\nalho
garlic bulb	/gɑːlikbʌlb/\n\ndente de alho
garner	[vt]\n\n1. juntar\n2. guardar\n3. acumular
garnish	/gɑːniʃ/\n\n1. guarnecer\n2. rechear\n3. revestir
garret	/gærət/\n\n1. mansarda\n2. trapeira
garrison	/gærisn/\n\nguarnição
gas	[s]\ngás
gas tank	/gəztæŋk/\n\ntanquedegasolina
gaseous	[adjective]\ngasoso
gasolene	/gæsəliːn/\n\n1. benzina\n2. gasolina
gasoline	/gæsəliːn/\n\n1. benzina\n2. gasolina
gassier	[adjective]\nmais gasoso
gassiest	[adjective]\no mais gasoso
gassily	[adverb]\n\n1. gasosamente\n2. de forma gasosa
gassy	[adjective]\ngasoso
gastrectomy	[s]\ngastrectomia
gastric	[adjective]\ngástrico
gastrin	[s]\ngastrina
gastroduodenal	[adjective]\ngastroduodenal
gastroenteritis	[s]\ngastroenterite
gastroenterology	[s]\ngastroenterologia
gastrointestinal	[adjective]\ngastrointestinal
gastronomic	[adjective]\ngastronômico
gastronomy	[s]\ngastronomia
gastrula	[s]\ngástrula
gastrulation	[s]\ngastrulação
gate	/gət/\n\n1. portão\n2. a. passagem\n  b. viela
gatekeeper	[s]\nporteiro
gateman	[s]\nporteiro
gateway	/geitwei/\n\nportão
gather	/gæðər/\n\n1. a. concluir\n  b. deduzir\n  c. inferir\n2. colher\n3. a. depreender\n  b. tirar conclusão de\n4. reunir-se
gathering	/gæðəriŋ/\n\nreunião
gauge	1. medidor\n2. a. medida\n  b. bitola\n3. a. medir\n  b. avaliar
gaunt	/gɔːnt/\n\n1. angular\n2. a. deserto\n  b. ermo\n3. a. delgado\n  b. fino\n  c. delicado\n4. a. sombrio\n  b. triste\n5. magro\n6. melancólico\n7. a. entristecedor\n  b. nebuloso
gauze	[s]\ngaze
gawk	/gɔːk/\n\n1. embasbacar-se\n2. ficarboquiaberto
gay	/gei/\n\n1. alegre\n2. festivo\n3. jovial
gazette	/gəzet/\n\n1. gazeta\n2. folha
gear	[s]\n[vt]\n\n1. marcha\n2. a. roupa\n  b. ornamento\n3. utensílio\n4. engrenar\n5. passar a marcha\n6. vestir
gelatin	[s]\ngelatina
gelatinous	[adjective]\ngelatinoso
gem	/dʒəm/\n\njóia
gemination	[s]\ngeminação
gendarme	/ʒɔndɑːm/\n\ngendarme
gender	1. gênero\n2. sexo
gene	[s]\ngene
genealogical	[adjective]\ngenealógico
genealogically	[adverb]\ngenealogicamente
genealogist	[s]\ngenealogista
genealogy	genealogia
general	/dʒenrəl/\n\n1. geral\n2. universal\n3. genérico
generalisation	[s]\ngeneralização
generalizable	[adjective]\ngeneralizável
generalize	[vt]\ngeneralizar
generally	/dʒinrɔːliː/\n\ngeralmente
generate	/dʒenəreit/\n\n1. gerar\n2. procriar
generation	/dʒenəreiʃən/\n\ngeração
generator	gerador
generic	genérico
generosity	[s]\ngenerosidade
generous	/dʒenərəs/\n\n1. desapegado\n2. generoso\n3. liberal
generously	[adverb]\ngenerosamente
genetic	genético
genetical	genético
genetically	geneticamente
geneticist	[s]\ngeneticista
Geneva	/dʒiniːvə/\n\nGenebra
geniality	doçura
genic	1. gênico\n2. genético
genital	/dʒenitl/\n\ngenital
genitalia	[s]\ngenitália
genitourinary	genitourinário
genius	/dʒiːniəs/\n\ngênio
genocide	[s]\ngenocídio
genome	genoma
genotype	[s]\ngenótipo
genotypic	[adjective]\ngenotípico
genre	/ʒɑːnrə/\n\ngênero
gentamicin	[s]\ngentamicina
gentian	/dʒenʃən/\n\ngenciana
gentle	/dʒentl/\n\n1. a. ameno\n  b. doce\n  c. meigo\n  d. suave\n2. brando
gentleman	/dʒentlmən/\n\n1. amo\n2. patrão\n3. senhor
genuine	/dʒenjuin/\n\nautêntico
genuinly	/dʒenjuːinliː/\n\n1. deveras\n2. narealidade\n3. naverdade\n4. verdadeiramente
genus	[s]\ngênero
geocentric	[adjective]\ngeocêntrico
geochemistry	[s]\ngeoquímica
geographer	/dʒiɔgrəfər/\n\ngeógrafo
geographic	[adjective]\ngeográfico
geographical	[adjective]\ngeográfico
geographically	[adverb]\ngeograficamente
geography	/dʒiɔgrəfiː/\n\ngeografia
geologic	[adjective]\ngeológico
geologist	/dʒiɔlədʒist/\n\ngeólogo
geology	/dʒiɔlədʒiː/\n\ngeologia
geomagnetic	[adjective]\ngeomagnético
geomagnetism	[s]\ngeomagnetismo
geomancy	[s]\ngeomancia
geometric	[adjective]\ngeométrico
geometry	[s]\ngeometria
geophagy	[s]\ngeofagia
geophysical	[adjective]\ngeofísico
geopolitical	[adjective]\ngeopolítico
Georgia	/dʒɔːdʒə/\n\nGeórgia
geoscience	[s]\ngeociência
geoscientist	[s]\ngeocientista
geotropism	[adjective]\ngeotropismo
germ	/dʒəːm/\n\n1. micróbio\n2. a. broto\n  b. germe\n  c. grelo
german	/dʒəːmən/\n\nalemão
Germany	/dʒəːməniː/\n\nAlemanha
germicide	[s]\ngermicida
germinate	/dʒəːmineit/\n\n1. brotar\n2. germinar
germination	[s]\ngerminação
germinative	[adjective]\ngerminativo
gestation	gestação
gesticulate	[vt]\ngesticular
gesticulation	[s]\ngesticulação
gesture	/dʒestʃər/\n\n1. a. fazerumaceno\n  b. fazerumgesto\n2. a. aceno\n  b. gesto
get	/get/\n\n1. a. adquirir\n  b. arranjar\n  c. obter\n2. a. aportar\n  b. chegar\n3. a. abranger\n  b. alcançar\n  c. atingir\n  d. chegar a\n  e. tocar\n4. acontecer\n5. a. pegar\n  b. tirar\n  c. tomar\n6. a. haver\n  b. receber
get a divorce	/getədivɔːs/\n\ndivorciar-se
get along	[vi]\nentender-se
get angry	/getæŋgriː/\n\nzangar-se
get caught on	/getkɔːtwʌn/\n\n1. aferrar\n2. enganchar\n3. fixar
get divorced	/getdivɔːst/\n\ndivorciar-se
get dressed	/getdrest/\n\nvestir-se
get drunk	/getdrʌŋk/\n\n1. embebedar-se\n2. embriagar-se
get in	/getin/\n\n1. introduzir-se\n2. penetrar
get in a quarrel	/getinəkwɔrəl/\n\n1. brigar\n2. indispor-se
get laid	[vt]\n\n1. trepar\n2. transar
get lost	/getlɔst/\n\nperder-se
get married	/getmærid/\n\n1. casar-se\n2. casarem-se
get mouldy	/getmouldiː/\n\n1. abolorecer\n2. mofar
get off	/getɔf/\n\ndescer
get off the subject	/getɔfðsʌbdʒikt/\n\n1. afastar-se\n2. desviar-se
get ready	/getrediː/\n\n1. preparar-se\n2. prontificar-se
get rid of	/getraidɔf/\n\n1. afastar\n2. banir
get tired	/gettaiəd/\n\n[vi]\n\n1. cansar-se\n2. fatigar-se
get up	/getʌp/\n\n[vi]\n\n1. levantar-se\n2. de súbito pôr-se de pé
get wet	/getwet/\n\nmolhar-se
ghastly	/gɑːstliː/\n\n[adjective]\n\n1. desagradável\n2. enjoado
ghost	/goust/\n\n[s]\n\n1. aparição\n2. fantasma
giant	/dʒaiənt/\n\n[adjective]\ngigante
giantism	[s]\ngigantismo
gift	/gift/\n\n[s]\n\n1. a. presente\n  b. brinde\n2. a. dádiva\n  b. dom
gifted	/giftid/\n\n[adjective]\ndotado
gigabyte	[s]\ngigabyte
gigahertz	[s]\ngigahertz
gigantic	/dʒaigæntik/\n\n[adjective]\ngigantesco
gigantism	[s]\ngigantismo
gigawatt	[s]\ngigawatt
gild	/gild/\n\n[vt]\ndourar
gill	/dʒil/\n\n[s]\n\n1. brânquia\n2. guelra
gimme	[vt]\ndê para mim
gin	/dʒin/\n\n[s]\ngim
gingiva	[s]\ngengiva
gingival	[adjective]\ngengival
gingivectomy	[s]\ngengivectomia
girder	/gəːdər/\n\n[s]\n\n1. barrote\n2. biga\n3. trave
girdle	/gəːdl/\n\n[s]\n\n1. cinta\n2. cintura
girl	/gəːl/\n\n[s]\n\n1. garota\n2. menina\n3. moça\n4. rapariga
girlfriend	[s]\nnamorada
gist	/dʒist/\n\n[s]\nessência
give	/giv/\n\n1. a. brindar\n  b. doar\n  c. fazer doação de\n  d. oferecer\n  e. presentear\n2. a. dar\n  b. entregar\n  c. ministrar\n3. apresentar
give an account	/givænəkaunt/\n\n1. comunicar\n2. fazer relatório de\n3. referir\n4. relatar
give an airing	/givænɛəriŋ/\n\n1. arejar\n2. ventilar
give as an excuse	/givəzænikskjuːs/\n\npretextar
give back	/givbæk/\n\n1. restituir\n2. retribuir
give birth	/givbəːθ/\n\n1. dar a luz\n2. parir\n3. ter
give birth to	/givbəːθtou/\n\n1. dar a luz\n2. parir
give in	/givin/\n\n1. abdicar\n2. alhear\n3. ceder\n4. submeter-se\n5. transigir
give notice	/givnoutis/\n\n1. anunciar\n2. noticiar\n3. notificar
give off an odour	/givɔfænoudər/\n\n1. cheirar\n2. exalar cheiro
give rise to	/givraiztou/\n\n1. causar\n2. produzir\n3. ser causa de
give up	/givʌp/\n\n1. a. abdicar\n  b. alhear\n  c. ceder\n  d. submeter-se\n  e. transigir\n2. a. abrir mão de\n  b. renunciar\n  c. resignar
give way	/givwei/\n\n1. abdicar\n2. alhear\n3. ceder\n4. submeter-se\n5. transigir
giver	[s]\ndoador
glad	/glæd/\n\n[adjective]\n\n1. alegre\n2. contente
gladiator	[s]\ngladiador
gladness	/glædnəs/\n\n[s]\n\n1. alegria\n2. gozo
glamor	/glæmər/\n\n[s]\n\n1. glamor\n2. prestígio\n3. importância social
glamourous	/glæmərəs/\n\n[adjective]\n\n1. glamoroso\n2. prestigioso
glance	/glɑːns/\n\nolhar de relance
glass	/glɑːs/\n\n[s]\n\n1. copo\n2. vidro
glasses	/glɑːsiz/\n\n[s]\nóculos
glaze	/gleiz/\n\n[s]\n[vt]\n\n1. a. esmalte\n  b. vidro\n2. a. envernizar\n  b. vidrar
glide	/glaid/\n\n[vi]\n\n1. planar\n2. a. deslizar\n  b. escorregar
glider	/glaidər/\n\n[s]\nplanador
glimpse	[s]\n[vt]\n\n1. a. olhar de relance\n  b. vislumbre\n2. a. ver de relance\n  b. vislumbrar
glitch	[s]\nfalha em um sistema ou máquina
glitz	[s]\ncafonice
global	[adjective]\nglobal
globally	[adverb]\nglobalmente
globe	/gloub/\n\n[s]\n\n1. a. bola\n  b. globo\n  c. orbe\n2. globo terrestre
globulin	[s]\nglobulina
glomerular	[adjective]\nglomerular
glomerulonephritis	[s]\nglomerulonefrite
glomerulus	[s]\nglomérulo
gloomy	/gluːmiː/\n\n1. entristecedor\n2. melancólico\n3. nebuloso
glorification	[s]\nglorificação
glorify	/glɔːrifai/\n\n[vt]\n\n1. glorificar\n2. santificar
glorious	/glɔːriəs/\n\n[adjective]\nglorioso
gloriously	[adverb]\ngloriosamente
glory	/glɔːriː/\n\n[s]\nglória
gloss	/glɔs/\n\n1. a. brilho\n  b. luzeiro\n2. glosso
glossary	/glɔsəriː/\n\n[s]\n\n1. glossário\n2. terminologia
glottis	[s]\nglote
glove	/glʌv/\n\n[s]\nluva
glow	/glou/\n\n[s]\n[vi]\n\n1. a. ardor\n  b. brasa\n  c. incêndio\n2. a. arder\n  b. estar abrasado\n  c. flamejar\n  d. queimar-se
glow in the dark	/glouinðdɑːk/\n\nser fosforescente
glow with heat	/glouwiðhiːt/\n\n1. arder\n2. estar abrasado\n3. flamejar\n4. queimar-se
glucocorticoid	[s]\nglicocorticóide
glucose	[s]\nglicose
glue	/gluː/\n\n[s]\n[vt]\n\n1. cola\n2. a. colar\n  b. grudar\n  c. solvar
glutamine	[s]\nglutamina
glycerin	[s]\nglicerina
glycogen	[s]\nglicogênio
glycopeptide	[s]\nglicopeptídeo
glycoprotein	[s]\nglicoproteína
glycoside	[s]\nglicosídeo
gnash	/næʃ/\n\n[vi]\nranger
gnat	/gneit/\n\n[s]\nmosquito
gnaw	/nɔː/\n\n[vt]\n\n1. mordiscar\n2. roer
gnostic	[adjective]\ngnóstico
go	/gou/\n\n1. andar\n2. caminhar\n3. ir
go around	/gouəraund/\n\n1. circular\n2. rodear
go astray	/gouæstrei/\n\n1. afastar-se\n2. desviar-se
go away	/gouɔːwei/\n\n1. afastar-se\n2. ausentar-se\n3. partir\n4. retirar-se
go back	/goubæk/\n\n1. regressar\n2. voltar
go beyond	/goubeiənd/\n\n1. a. transpor\n  b. ultrapassar\n2. a. exceder\n  b. passar
go broke	/goubrouk/\n\n1. falir\n2. fazer bancarrota\n3. quebrar
go crazy	/goukreiziː/\n\nenlouquecer-se
go down	/goudaun/\n\n1. abaixar-se\n2. descer
go fast	/goufɑːst/\n\napressar-se
go for a walk	/goufərəwɔːk/\n\npassear
go forward	/goufɔːwəd/\n\n1. adiantar-se\n2. avançar\n3. progredir
go in	/gouin/\n\nentrar
go on	/gouwʌn/\n\n1. avançar\n2. continuar\n3. prosseguir
go on foot	/gouwʌnfut/\n\nir à pé
go on pension	/gouwʌnpenʃən/\n\ntornar-se pensionista
go on pilgrimage	/gouwʌnpilgrimidʒ/\n\n1. ir em romaria\n2. peregrinar
go out	/gouaut/\n\nsair
go to bed	/goutoubd/\n\ndeitar-se na cama
go to court	/goutoukɔːt/\n\n1. acionar\n2. processar
go to sleep	/goutousliːp/\n\ncair no sono aos poucos
go up	/gouʌp/\n\n1. subir\n2. levantar-se\n3. a. altear\n  b. elevar-se\n4. ascender
goal	/goul/\n\n[s]\n\n1. alvo\n2. objetivo\n3. meta\n4. fim\n5. ponto de mira
goat	/gout/\n\n[s]\ncabra
gobble	[vt]\n\n1. tragar\n2. engolir
goblet	/gɔblit/\n\n[s]\n\n1. cálice\n2. taça\n3. copo
god	/gɔd/\n\n[s]\n\n1. deus\n2. divinidade
God's acre	/gɔdzeikər/\n\ncemitério
godchild	[s]\nafilhado
goddaughter	[s]\nafilhada
goddess	[s]\ndeusa
godfather	/gɔdfɑːðər/\n\n[s]\n\n1. padrinho\n2. padrinho de batismo
godmother	[s]\nmadrinha
godson	[s]\nafilhado
goiter	[s]\nbócio
gold	/gould/\n\n[s]\n[adjective]\n\n1. ouro\n2. a. áureo\n  b. dourado
gold braid	/gouldbreid/\n\n[s]\ngalão
Gold Coast	/gouldkoust/\n\nCosta do Ouro
golden	/gouldən/\n\n[adjective]\n\n1. dourado\n2. áureo
golf	/gɔlf/\n\n[s]\ngolfe
Golgotha	/glgəθə/\n\n[s]\n\n1. Calvário\n2. Gólgota
gonadectomy	[s]\ngonadectomia
gonadotrophic	[adjective]\ngonadotrófico
gonadotrophin	[s]\ngonadotrofina
gonorrhea	/gɔnəriə/\n\n[s]\n\n1. gonorréia\n2. blenorréia
good	/gud/\n\n[s]\n[adjective]\n\n1. bem\n2. bom
good afternoon	/gudɑːftənuːn/\n\nboa tarde
good day	/guddei/\n\nbom dia
good evening	/gudiːvniŋ/\n\nboa noite
good health	/gudhelθ/\n\n1. boa saúde\n2. à sua saúde
good morning	/gudmɔːniŋ/\n\nbom dia
good night	/gudnait/\n\nboa noite
good taste	/gudteist/\n\n1. bom gosto\n2. gosto bom
good-bye	1. adeus\n2. despedida
good-for-nothing	1. a. impróprio\n  b. inapto\n2. a. imprestável\n  b. inútil
good-hearted	bondoso
good-looking	de bom aspecto
good-natured	1. afável\n2. amável\n3. bondoso\n4. gentil\n5. lhano
goodbye	/gudbai/\n\n1. a. adeus\n  b. até logo\n2. a. até a vista\n  b. até mais ver
goodbye-	de despedida
goodness	/gudnəs/\n\n[s]\nbondade
goose	/guːs/\n\n[s]\n\n1. a. ganso\n  b. marreco\n2. a. otário\n  b. pateta
gooseberry	/guzbəriː/\n\n[s]\ngroselha
gorilla	/gərilə/\n\n[s]\ngorila
gospel	/gɔspel/\n\n[s]\nevangelho
gossamer	leve
gossip	[s]\nfofoca
gothic	[adjective]\ngótico
goulash	/guːlæʃ/\n\n[s]\ngoulache
gourd	/geəd/\n\n[s]\n\n1. abóbora\n2. cabaça feita com a abóbora
gout	[s]\ngota
govern	/gʌvn/\n\n[vt]\n\n1. a. administrar\n  b. dirigir\n2. a. dominar\n  b. governar\n  c. reger
governable	[adjective]\ngovernável
governess	/gʌvnəs/\n\n[s]\ngovernanta
government	/gʌvnmənt/\n\n[s]\ngoverno
government inspector	/gʌvnməntinspektər/\n\ninspetor geral
gown	/gaun/\n\n[s]\n\n1. beca\n2. vestido
grab	[vt]\nagarrar
grace	/greis/\n\n[s]\ngraça
graceful	/greisfəl/\n\n[adjective]\n\n1. esbelto\n2. gracioso
gracefully	[adverb]\ngraciosamente
gracefulness	/greisfəlnəs/\n\n[s]\n\n1. garbo\n2. graça
graciously	[adverb]\natenciosamente
gradable	[adjective]\ngraduável
gradation	[s]\ngradação
grade	/græd/\n\n[s]\n\n1. classe\n2. graduação\n3. grau\n4. posto
gradual	/grædʒeəl/\n\n[adjective]\ngradual
gradually	/grædʒuæliː/\n\n[s]\n\n1. gradualmente\n2. pouco a pouco
graduate	/grædʒueit/\n\n1. diplomado\n2. graduar
graduation	[s]\ngraduação
grail	[s]\ncálice
grain	/grein/\n\n[s]\n\n1. a. grão\n  b. semente\n2. cereal
grain of salt	/greinɔfsɔːlt/\n\ngrão de sal
grain of sand	/greinɔfsænd/\n\ngrão de areia
gram	/græm/\n\n[s]\n\n1. grão\n2. grama
grammar	/græmər/\n\n[s]\ngramática
grammatical	[adjective]\ngramatical
grammatically	[adverb]\ngramaticalmente
grammophone disc	/græməfoundisk/\n\ndisco
gramophone	[s]\ngramofone
grandchild	[s]\nneto
granddaughter	/grændɔːtər/\n\n[s]\nneta
grandfather	/grænfɑːðər/\n\n[s]\navô
grandiosity	[s]\ngrandiosidade
grandma	[s]\navó
grandmaster	[s]\ngrão-mestre
grandmother	/grænmʌðər/\n\n[s]\navó
grandnephew	[s]\nsobrinho-neto
grandniece	[s]\nsobrinha-neta
grandparents	/grænpɛərənts/\n\n[s]\navós
grandson	/grænsʌn/\n\n[s]\nneto
granny	/græniː/\n\n[s]\nvovozinha
granularity	[s]\ngranularidade
granulate	[vt]\ngranular
granulation	[s]\ngranulação
granule	/grænjuːl/\n\n[s]\n\n1. grão\n2. semente
granulocyte	[s]\ngranulócito
granuloma	[s]\ngranuloma
grape	/greip/\n\n[s]\nuva
grapevine	/greipvain/\n\n[s]\nvideira
graphic	/græfiks/\n\n[s]\n[adjective]\ngráfico
graphic arts	/græfikɑːts/\n\narte gráfica
graphical	[adjective]\ngráfico
graphically	[adverb]\ngraficamente
graphology	[s]\ngrafologia
grapple	/græpl/\n\n1. apanhar\n2. aprisionar\n3. capturar
grasp	/grɑːsp/\n\npegar de súbito
grass	/grɑːs/\n\n[s]\nerva
grasshopper	/grɑːshɔpər/\n\n[s]\ngafanhoto
grate	/greit/\n\n1. ranger\n2. a. cancela\n  b. grade\n3. a. ralar\n  b. rapar\n  c. raspar
grateful	[adjective]\nagradecido
gratification	[s]\ngratificação
gratify	[vt]\ngratificar
gratifying	[adjective]\ngratificante
gratis	/grætis/\n\n[adjective]\ngrátis
gratitude	/grætitjuːd/\n\n[s]\n\n1. agradecimento\n2. gratidão
grave	/greiv/\n\n[s]\n\n1. tumba\n2. túmulo\n3. sepultura
gravel	/grævəl/\n\n[s]\n\n1. areia grossa\n2. brita\n3. cascalho
graveyard	/greivjɑːd/\n\n[s]\ncemitério
gravidity	[s]\ngravidez
gravitation	[s]\ngravitação
gravitational	[adjective]\ngravitacional
gravity	/grævitiː/\n\n[s]\n\n1. gravidade\n2. gravitação
gravy	/greiviː/\n\n[s]\n\n1. molho\n2. tempero
gray	[s]\n[adjective]\n[vi]\n\n1. cinza\n2. acinzentado\n3. grisalho\n4. a. tornar cinza\n  b. acinzentar\n5. tornar grisalho
graze	/greiz/\n\npastar
grease	/griːs/\n\n1. a. lubrificar\n  b. untar\n2. a. banha\n  b. gordura
greasy	/griːsiː/\n\ngordo
great	/greit/\n\n[adjective]\n\n1. a. excelente\n  b. ótimo\n2. a. grande\n  b. magno\n  c. maiúsculo
Great Britain	/greitbritn/\n\nGrã-Bretanha
great toe	1. primeiro dedo do pé\n2. dedão do pé\n3. hálux
great-grandfather	bisavô
great-grandmother	bisavó
greater	maior
Greater Antilles	/greitəræntilz/\n\nGrandesAntilhas
greatest	o maior
greatgrandson	/griːtgrənsʌn/\n\nbisneto
greatly	[adverb]\n\n1. grandemente\n2. enormemente
Greece	/gris/\n\nGrécia
greed	[s]\n\n1. avidez\n2. cobiça\n3. gula
greediness	/griːdinəs/\n\n1. avidez\n2. cobiça
greedy	/griːdiː/\n\n1. ávido\n2. cobiçoso\n3. sedento\n4. sequioso
Greek	/griːk/\n\ngrego
green	/griːn/\n\n1. a. verde\n  b. verdejante\n2. a. verdor\n  b. verdura
greenback	[s]\n\n1. nota de dinheiro\n2. papel-moeda
greenhouse	estufa
Greenland	/griːenlənd/\n\nGroenlândia
greet	/griːt/\n\n1. cumprimentar\n2. saudar
greeting	/griːtiŋ/\n\n1. cumprimento\n2. saudação
grenade	/grineid/\n\ngranada
grey	/grei/\n\n1. cinza\n2. a. cinzento\n  b. pardo
greyhound	/greihaund/\n\n1. galgo\n2. lebréu
grid	/grid/\n\n1. a. diese\n  b. sustenido\n2. a. cancela\n  b. grade
grief	/griːf/\n\n1. aflição\n2. amargura\n3. dor\n4. pena\n5. pesar
grieve	/griːv/\n\n1. a. acabrunhar\n  b. afligir\n  c. angustiar\n2. a. magoar\n  b. molestar
grievous	[adjective]\n\n1. penoso\n2. doloroso\n3. ofensivo
grill	/gril/\n\n1. cancela\n2. grade
grimace	/grimeis/\n\n1. fazercaretas\n2. a. careta\n  b. trejeito
grind	/graind/\n\n1. ranger\n2. moer
grip	/grip/\n\n[s]\ngripe
gripe	[s]\n[vi]\n\n1. cólicas\n2. queixa\n3. bufar
grisly	/grizliː/\n\n[adjective]\n\n1. desagradável\n2. enjoado
grit	/grit/\n\n1. areia grossa\n2. brita\n3. cascalho
groan	/groun/\n\n1. carpir\n2. gemir
grocer	/grousər/\n\nvendedor de especiarias
groin	/grɔin/\n\n[s]\nvirilha
groom	/gruːm/\n\npalafreneiro
grope	/group/\n\n1. palpar\n2. apalpar\n3. tatear
groschen	/grəstʃin/\n\n1. ceitil\n2. groche\n3. vintém
grossly	[adverb]\ngrosseiramente
grossness	[s]\ngrosseria
grotesque	/groutesk/\n\n[adjective]\ngrotesco
grotto	/grɔtou/\n\n[s]\n\n1. caverna\n2. furna\n3. gruta
grouch	[adjective]\n\n1. a. rabugento\n  b. pessoa geniosa\n2. ralhar
ground	/graund/\n\n[s]\n[vt]\n\n1. fundo\n2. a. terra\n  b. terreno\n3. a. basear\n  b. dar base
ground-floor	1. andar térreo\n2. rés-do-chão\n3. térreo
groundless	/graundlis/\n\n[adjective]\n\n1. sem base\n2. sem fundamento
group	/gruːp/\n\n[s]\n[vt]\n[vi]\n\n1. a. colecção\n  b. grupo\n  c. reunião\n2. turma\n3. a. agrupar\n  b. formar grupos\n4. agrupar-se
grow	/grou/\n\n1. a. acontecer\n  b. fazer-se\n  c. tornar-se\n2. a. aumentar\n  b. avultar\n  c. crescer\n3. a. amanhar\n  b. cultivar
grow sour	/grousauər/\n\nazedar-se
growl	/graul/\n\n1. resmungar\n2. rosnar
grown-up	1. adulto\n2. maior
growth	/grouθ/\n\n[s]\ncrescimento
grub	/grʌb/\n\n1. a. cavar\n  b. revolver\n2. larva
gruel	/gruːəl/\n\n1. mingau\n2. papas\n3. purê
gruesome	/gruːsəm/\n\n1. a. abominável\n  b. repugnante\n2. a. horrível\n  b. terrível
gruff	/grʌf/\n\n1. arisco\n2. brusco\n3. rabugento
grumble	/grʌmbl/\n\n1. resmungar\n2. rosnar
guanine	[s]\nguanina
guarantee	/gærəntiː/\n\n1. aval\n2. a. afiançar\n  b. garantir\n3. a. caução\n  b. fiança\n  c. garantia
guarantee of a bill	/gærəntiːɔfəbil/\n\naval
guard	/gɑːd/\n\n[s]\n[vt]\n\n1. guarda\n2. a. guardar\n  b. velar\n  c. vigiar
guardian	[s]\nguardião
guardian angel	/gɑːdiəneindʒl/\n\n[s]\nanjo da guarda
guess	/ges/\n\n1. a. acertar\n  b. adivinhar\n  c. decifrar\n2. conjetura\n3. a. conjeturar\n  b. fazerdeconta\n  c. supor
guesswork	/geswəːk/\n\nconjetura
guest	/gest/\n\n1. freguês\n2. hóspede\n3. visita
guidance	[s]\n\n1. direção\n2. governo
guide	/gaid/\n\n1. a. dirigir\n  b. encaminhar\n  c. gerir\n  d. governar\n  e. guiar\n2. conduzir\n3. guia\n4. levar
guidebook	/gaidbuk/\n\nguia
guideline	1. diretriz\n2. princípios gerais
guilder	/gildər/\n\nflorim
guillotine	[s]\n[vt]\n\n1. guilhotina\n2. guilhotinar
guilt	/gilt/\n\n1. culpa\n2. delito\n3. falta
guilty	/giltiː/\n\n1. culpado\n2. culpável
guinea pig	cobaia
guitar	/gitɑːr/\n\nviolão
gulden	/guldən/\n\nflorim
gulf	/gʌlf/\n\n1. a. abismo\n  b. boqueirão\n  c. fundão\n  d. pélago\n  e. precipício\n  f. sorvedouro\n2. golfo
Gulf of Aden	/gʌlfɔfədn/\n\nGolfodeÁden
Gulf of Bothnia	/gʌlfɔfbɔðniə/\n\nGolfodeBótnia
gullet	[s]\nesôfago
gum	/gʌm/\n\n1. gengiva\n2. goma
gun	/gʌn/\n\n[s]\n[vt]\n\n1. arma\n2. atirar
gun-carriage	carreta
gunfight	[s]\ntiroteio
gunfire	[s]\ntiro de arma de fogo
gunman	[s]\npistoleiro
gunner	/gʌnər/\n\nartilheiro
gunpowder	/gʌnpaudər/\n\npólvora
gunsight	/gʌnsait/\n\nalça
guru	[s]\n\n1. guru\n2. professor\n3. mestre
gush	/gʌʃ/\n\n1. borbotar\n2. esguichar\n3. jorrar\n4. minar
gustatory	[adjective]\ngustatório
gut	[s]\n\n1. tripa\n2. intestino
guy	[s]\ngaroto
gym	[s]\nginásio
gymnasium	[s]\nginásio
gymnast	[s]\nginasta
gymnosperm	[s]\ngimnosperma
gynecologic	[adjective]\nginecológico
gynecological	[adjective]\nginecológico
gynecologist	[s]\nginecologista
gynecology	[s]\nginecologia
gynecomastia	[s]\nginecomastia
gypsy	/dʒipsiː/\n\n[s]\ncigano
gyroscope	[s]\ngiroscópio
gyroscopic	[adjective]\ngiroscópico
H-bomb	[s]\nbomba de hidrogênio
habilitation	[s]\n\n1. habilitação\n2. qualificação
habit	/hæbit/\n\n1. costume\n2. hábito
habitable	[adjective]\nhabitável
habitation	[s]\nhabitação
hack	/hæk/\n\n1. cortar com machado\n2. picar\n3. rachar
haddock	/hædək/\n\neglefim
haem	[s]\n\n1. heme\n2. pigmento da hemoglobina
haematite	[s]\nhematita
haemoglobin	[s]\nhemoglobina
haemoglobinuria	[s]\nhemoglobinúria
haemorrhage	[s]\nhemorragia
haemorrhagic	[adjective]\nhemorrágico
haggle	/hægl/\n\n1. pechinchar\n2. regatear
hail	/heil/\n\n1. chuva-de-pedra\n2. granizo
Hail Mary	/heilmɛəriː/\n\nAveMaria
hailstone	/heilstoun/\n\nglóbulodegranizo
hailstorm	[s]\nchuva de granizo
hair	/hɛər/\n\n1. cabelo\n2. pêlo
hair-do	frisagem
haircut	[s]\ncorte de cabelo
hairdo	[s]\ncorte de cabelo
hairdresser	/hɛədresər/\n\n1. cabeleireira\n2. a. cabeleireiro\n  b. frisador
hairpiece	/hɛəpiːs/\n\nperuca
hairstyle	[s]\ncorte de cabelo
hairy	/hɛəriː/\n\n1. peludo\n2. piloso\n3. viloso
halcyon	/hælsiən/\n\n1. alcedo\n2. alcíone
half	/hɑːf/\n\n1. meio\n2. metade
halflife	[s]\nmeia-vida
halftime	[s]\nintervalo entre o primeiro e o segundo tempo de um jogo
halfway	[s]\n\n1. meio caminho\n2. metade do caminho
hall	/hɔːl/\n\n1. hall\n2. mercado\n3. salão
hallmark	marca
hallucinate	alucinar
hallucination	[s]\nalucinação
hallucinatory	[adjective]\nalucinatório
hallucinogen	[s]\nalucinógeno
hallucinogenic	[adjective]\nalucinogênico
hallux	[s]\n\n1. hálux\n2. dedão do pé
hallway	[s]\n\n1. corredor\n2. saguão
halo	/heilou/\n\n1. a. auréola\n  b. halo\n2. nimbo
haloperidol	[s]\nhaloperidol
halothane	[s]\nhalotano
halt	/hɔːlt/\n\n1. a. demorar-se\n  b. deter-se\n  c. parar\n2. a. fazerparar\n  b. reprimir
halyard	/hæljəd/\n\ncordadeiçarvela
ham	/hæm/\n\npresunto
Hamburg	/hæmbəːg/\n\nHamburg
hamlet	/hæmlit/\n\n1. lugarejo\n2. vila
hammer	/hæmər/\n\n1. martelar\n2. a. marreta\n  b. martelo
hamper	/hæmpər/\n\ndificultar
hand	/hænd/\n\n1. mão\n2. a. obreiro\n  b. operário\n  c. trabalhador\n3. a. alienar\n  b. transmitir
hand over	/hændouvər/\n\n1. alienar\n2. transmitir
handbag	[s]\nbolsa
handball	[s]\nhandebol
handbook	[s]\nlivro de bolso
handcar	[s]\ncarrinho de mão
handcraft	/hændikrɑːft/\n\n[s]\n\n1. trabalho manual\n2. artesanato
handcraftsman	[s]\nartesão
handcuff	[s]\n[vt]\n\n1. algemas\n2. algemar
handful	/hændfəl/\n\npunhado
handkerchief	/hæŋkətʃif/\n\n[s]\nlenço
handle	/hændl/\n\n1. a. alça\n  b. asa\n  c. taramela\n  d. trinco\n2. cabo\n3. apalpar\n4. a. manejar\n  b. manipular\n5. a. agenciar\n  b. tratar
handlebars	/hændlbɑːz/\n\n[s]\n\n1. leme\n2. guidão\n3. volante
handling	[s]\n\n1. manejo\n2. manipulação
handset	[s]\naparelho de telefone
handshake	/hændʃeik/\n\n[s]\naperto de mão
handsome	/hænsəm/\n\n[adjective]\n\n1. belo\n2. bonito\n3. formoso\n4. pulcro
handwork	[s]\n\n1. trabalho manual\n2. artesanato
handy	/hændiː/\n\n[adjective]\n\n1. cômodo\n2. propício
hang	/hæŋ/\n\n[vt]\n\n1. a. estar pendente\n  b. pender\n2. enforcar
hang onto	/hæŋɔntə/\n\n[vt]\n\n1. manter\n2. segurar\n3. sustenar\n4. ter
hanging lamp	/heindʒiŋlæmp/\n\n[s]\nlâmpada pendente
hangman	/hæŋmən/\n\n[s]\n\n1. algoz\n2. carrasco
haploid	[adjective]\nhaplóide
haploidy	[s]\nhaploidia
happen	/hæpən/\n\n[vt]\n\n1. a. acontecer\n  b. fazer-se\n  c. tornar-se\n2. a. suceder\n  b. ter lugar
happier	[adjective]\nmais feliz
happiest	[adjective]\no mais feliz
happily	[adverb]\nfelizmente
happiness	/hæpinəs/\n\nfelicidade
happy	/hæpiː/\n\n1. feliz\n2. a. alegre\n  b. contente
haptoglobin	[s]\nhaptoglobina
harbor	/hɑːbər/\n\n[s]\n[vt]\n[vi]\n\n1. a. abrigo\n  b. porto\n2. abrigar\n3. acolher\n4. abrigar-se
harbour	/hɑːbər/\n\n1. abrigo\n2. porto
hard	/hɑːd/\n\n1. a. afanoso\n  b. difícil\n  c. dificultoso\n2. duro
hard-on	tesão
harden	/hɑːdn/\n\n1. endurecer\n2. enrijar\n3. temperar
harder	mais difícil
hardest	[adjective]\no mais difícil
hardly	/hɑːdliː/\n\n[adverb]\n\n1. dificilmente\n2. quase não
hardworking	/hɑːdwəːkiŋ/\n\n[adjective]\n\n1. a. aplicado\n  b. assíduo\n  c. diligente\n  d. esforçado\n2. a. laborioso\n  b. operoso\n  c. trabalhador
hare	/hɛər/\n\n[s]\nlebre
harem	/hɑːriːm/\n\n[s]\nharém
haricot	/hærikɔt/\n\nfeijão
harm	/hɑːm/\n\n[s]\n[vt]\n\n1. a. desvantagem\n  b. inconveniente\n2. a. danificar\n  b. prejudicar
harmful	/hɑːmful/\n\n[adjective]\n\n1. daninho\n2. nocivo
harmless	[adjective]\n\n1. inofensivo\n2. inócuo\n3. que não causa danos
harmonic	[s]\n[adjective]\nharmônico
harmonious	/hɑːmouniəs/\n\n[adjective]\nharmonioso
harmoniously	[adverb]\nharmoniosamente
harmonize	/hɑːmənaiz/\n\nestar em harmonia
harmony	/hɑːməniː/\n\n[s]\nharmonia
harness	/hɑːnəs/\n\n1. atrelar\n2. jungir
harp	/hɑːp/\n\n[s]\nharpa
harrow	/hærou/\n\n1. estorrar\n2. gradar
harsh	/hɑːʃ/\n\n1. acerbo\n2. adstringente\n3. a. brutal\n  b. pecuário\n4. a. arisco\n  b. brusco\n  c. rabugento\n5. a. agreste\n  b. grosseiro\n  c. ríspido\n  d. rude\n  e. tosco
harvest	/hɑːvist/\n\n1. ceifar\n2. colher
hash	/hæʃ/\n\n1. diese\n2. sustenido
hashish	/hæʃiːʃ/\n\nhaxixe
haste	/heist/\n\npressa
hasten	[vt]\napressar
hastily	/heistiliː/\n\nprecipitadamente
hat	/heit/\n\n[s]\n\n1. chapéu\n2. sombreiro
hatch out	/hætʃaut/\n\nchocar o tempo suficiente até que os filhotes saiam do ovo
hate	/heit/\n\n[s]\n[vt]\n\n1. ódio\n2. odiar
hatred	ódio
haul	/hɔːl/\n\n1. sacar\n2. puxar\n3. tirar
haunt	/hɔːnt/\n\n1. aparacer como se fosse fantasma\n2. infestar
have	/hæv/\n\n[vt]\n\n1. ter\n2. a. haver\n  b. obter\n  c. receber
have a bath	/hævəbɑːθ/\n\nbanhar-se
have a fever	/hævəfiːvər/\n\nestar com febre
have a good time	/hævəgudtaim/\n\n1. brincar\n2. distrair-se\n3. divertir-se
have a tendency	/hævətendənsiː/\n\nter tendência a
have at one's disposal	/hæveitwʌnzdispouzl/\n\n1. dispor de\n2. ter à disposição
have compassion on	/hævkəmpæʃənwʌn/\n\n1. apiedar-se de\n2. compadecer-se\n3. lastimar
have confidence in	/hævkɔnfidənsin/\n\n1. confiar\n2. contar com\n3. crer\n4. ter confiança em
have effect	/hævefikt/\n\n1. atuar\n2. agir\n3. produzir efeito\n4. ser eficaz
have faith	/hævfeiθ/\n\nter fé
have faith in	/hævfeiθin/\n\n1. ter fé\n2. ter fé em
have got	/hævgɔt/\n\nter
have sex	/hævseks/\n\n1. copular\n2. transar
have the right to	/hævðraittou/\n\nter o direito de
have to	/hævtou/\n\n1. dever\n2. ter a obrigação\n3. ter de\n4. ter que
hawk	/hɔːk/\n\n1. acípitre\n2. açor
hay	/hei/\n\nfeno
haystack	/heistæk/\n\nmontão de feno
hazard	/hæzəd/\n\n1. a. acaso\n  b. azar\n  c. casualidade\n2. a. arriscar\n  b. avançar\n  c. aventurar\n3. risco
hazardous	[adjective]\n\n1. perigoso\n2. arriscado
hazardously	[adverb]\n\n1. arriscadamente\n2. perigosamente
haze	/heiz/\n\n1. aperrear\n2. atazanar\n3. chicanear\n4. falarchicanas\n5. fuxicar
hazel	/heizl/\n\n1. avelãzeira\n2. aveleira
hazel-tree	1. avelãzeira\n2. aveleira
hazelnut	/heizelnʌt/\n\navelã
he	/h/\n\nele
head	/hed/\n\n[s]\n[vt]\n\n1. cabeça\n2. a. conduzir\n  b. dirigir\n  c. guiar
head of a department	/hedɔfədipɑːtmənt/\n\n[s]\nchefe de secção
head of cattle	/hedɔfkætl/\n\n1. animal\n2. bruto\n3. rês
head of state	/hedɔfsteit/\n\n[s]\nchefe de Estado
head up	/hedʌp/\n\n1. administrar\n2. dirigir
headache	/hedeik/\n\n[s]\n\n1. dor de cabeça\n2. cefaléia
headboard	[s]\ncabeceira
header	/hedər/\n\n[s]\ncabeçalho
heading	/hediŋ/\n\n1. cabeçalho\n2. epígrafe\n3. título
headless	[adjective]\nsem cabeça
headlight	/hedlait/\n\n[s]\n\n1. farol\n2. projetor\n3. refletor
headman	[s]\n\n1. líder\n2. chefe\n3. cabeça
headmaster	[s]\ndiretor de colégio
headmastership	[s]\ndiretoria de um colégio
headphone	[s]\nfone de ouvido
headquarter	[s]\nquartel general
headset	[s]\nfone de ouvido
headship	[s]\ndiretoria
headword	[s]\nverbete
heal	/hiːl/\n\n[s]\n[vt]\n[vi]\n\n1. cura\n2. a. curar\n  b. sarar\n3. cicatrizar
healer	[s]\ncurandeiro
healing	/hiːl/\n\n[s]\ncura
health	/helθ/\n\n[s]\nsaúde
healthful	[adjective]\nsaudável
healthier	[adjective]\nmais saudável
healthiest	[adjective]\no mais saudável
healthy	/helθiː/\n\n1. saudável\n2. sadio\n3. são\n4. bom
heap	/hiːp/\n\n1. a. acumular\n  b. juntar em excesso\n2. a. amontoar\n  b. empilhar\n3. a. acervo\n  b. acúmulo\n  c. chusma\n  d. cúmulo\n  e. montão\n  f. multidão\n  g. pilha\n  h. ruma\n4. a. colecção\n  b. grupo\n  c. reunião
hear	/hiər/\n\n[vt]\n\n1. a. ouvir\n  b. ouvir dizer\n2. informar-se
hearing aid	/hiəriŋeid/\n\n[s]\nfone
hearsay	/hiəsei/\n\n[s]\n\n1. fama\n2. renome
heart	/hɑːt/\n\n[s]\ncoração
heartache	[s]\n\n1. desgosto\n2. dor\n3. amargura
heartbreak	[s]\n\n1. desgosto\n2. dor\n3. amargura
heartburn	[s]\n\n1. pirose\n2. queimação
hearten	[vt]\n\n1. dar coragem\n2. encorajar
hearth	/hɑːθ/\n\n[s]\n\n1. chaminé\n2. lareira
heartland	[s]\n\n1. coração\n2. centro\n3. área central
hearty	/hɑːtiː/\n\n[adjective]\n\n1. cordial\n2. do coração\n3. cardíaco
heat	/hiːt/\n\n1. a. ardor\n  b. brasa\n  c. incêndio\n2. aquecer\n3. cio\n4. calor
heater	/hiːtər/\n\n[s]\naquecedor
heath	/hiːθ/\n\n1. a. charneca\n  b. tojal\n2. urze
heating	[s]\ncalefação
heatproof	[adjective]\nà prova de calor
heaven	/hevn/\n\n[s]\n\n1. alturas\n2. céu\n3. olimpo
heavenly	/hevnliː/\n\n1. celeste\n2. celestial
heavenly body	/hevnliːboudiː/\n\n[s]\nastro
heavily	[adverb]\n\n1. pesadamente\n2. excessivamente\n3. profundamente
heavy	/heviː/\n\n[adjective]\n\n1. oneroso\n2. pesado
heavyweight	[s]\npeso pesado
Hebrew	/hiːbruː/\n\n1. judaico\n2. judeu
hecatomb	[s]\nhecatombe
heck	[s]\neufemismo para "inferno"
hectic	1. agitado\n2. febril
hectograma	[s]\nhectograma
hectoliter	[s]\nhectolitro
hectometer	[s]\nhectômetro
hedge	/hedʒ/\n\n[s]\ncerca viva
heel	/hiːl/\n\n1. a. calcanhar\n  b. talão\n2. salto de sapato
hefty	[adjective]\npesado
hegemonic	[adjective]\nhegemônico
hegemony	[s]\nhegemonia
height	/hait/\n\n[s]\n\n1. a. altura\n  b. altitude\n2. eminência
heinous	[adjective]\n\n1. hediondo\n2. abominável\n3. monstruoso
helicoidal	[adjective]\nhelicoidal
helicopter	[s]\nhelicóptero
heliocentric	[adjective]\nheliocêntrico
heliolatry	[s]\nheliolatria
heliotropic	[adjective]\nheliotrópico
heliotropism	[s]\nheliotropismo
helix	/hiːliks/\n\n[s]\n\n1. espira\n2. hélice\n3. rosca
hell	/hel/\n\n[s]\ninferno
hellebore	/helbɔːr/\n\nheléboro
hello	/helou/\n\n1. alô\n2. olá
helm	/helm/\n\n[s]\n\n1. leme\n2. guidão\n3. volante
helmet	/helmit/\n\n[s]\n\n1. capacete\n2. elmo
helminth	[s]\nhelminto
help	/help/\n\n1. a. assistência\n  b. ajuda\n  c. auxílio\n  d. socorro\n2. a. ajudar\n  b. auxiliar\n  c. socorrer\n  d. assistir
helper	/helpər/\n\n[s]\nassistente
helpful	/helpfəl/\n\nserviçal
hem	pigarrear
hemagglutination	[s]\nhemaglutinação
hemangioma	[s]\nhemangioma
hematocrit	[s]\nhematócrito
hematologic	[adjective]\nhematológico
hematological	[adjective]\nhematológico
hematologist	[s]\nhematologista
hematology	[s]\nhematologia
hematoma	[s]\nhematoma
hematopoietic	[adjective]\nhematopoiético
hematoporphyrin	[s]\nhematoporfirina
hematuria	[s]\nhematúria
heme	[s]\n\n1. heme\n2. pigmento da hemoglobina
hemicycle	[s]\nsemicírculo
hemiparesis	[s]\nhemiparesia
hemiplegia	[s]\nhemiplegia
hemiplegic	[adjective]\nhemiplégico
hemisphere	/hemisfiər/\n\n[s]\nhemisfério
hemithorax	[s]\nhemitórax
hemochromatosis	[s]\nhemocromatose
hemoconcentration	[s]\nhemoconcentração
hemodialysis	[s]\nhemodiálise
hemodilution	[s]\nhemodiluição
hemodynamic	[adjective]\nhemodinâmico
hemodynamically	[adverb]\nhemodinamicamente
hemoglobin	[s]\nhemoglobina
hemoglobinopathy	[s]\nhemoglobinopatia
hemoglobinuric	[adjective]\nhemoglobinúrico
hemolytic	[adjective]\nhemolítico
hemophilia	[s]\nhemofilia
hemopneumothorax	[s]\nhemopneumotórax
hemopoietic	[adjective]\nhemopoiético
hemoprotein	[s]\nhemoproteína
hemoptysis	[s]\nhemoptise
hemorrhagic	[adjective]\nhemorrágico
hemorrhoid	[s]\nhemorróida
hemorrhoidal	[adjective]\nhemorroidário
hemosiderin	[s]\nhemossiderina
hemostatic	[adjective]\nhemostático
hemothorax	[s]\nhemotórax
hen	/hen/\n\n[s]\nfrango
hence	1. assim\n2. desta maneira
henceforth	[adverb]\n\n1. a partir de agora\n2. de agora em diante
hennery	[s]\ncapoeira
heparin	[s]\nheparina
hepatic	[adjective]\nhepático
hepatitis	[s]\nhepatite
hepatocellular	[adjective]\nhepatocelular
hepatocyte	[s]\nhepatócito
hepatomegaly	[s]\nhepatomegalia
hepatotoxic	[adjective]\nhepatotóxico
hepatotoxicity	[s]\nhepatotoxicidade
her	/hər/\n\n1. dela\n2. a. seu\n  b. sua
herald	/herəld/\n\n1. a. anunciar\n  b. apregoar\n2. a. arauto\n  b. pregoeiro
herb	/həːb/\n\n[s]\nerva
herbarium	[s]\nherbário
herbicide	[s]\nherbicida
herbivore	[adjective]\nherbívoro
herculean	[adjective]\n\n1. hercúleo\n2. de Hércules
Hercules	[s]\nHércules
herd	/həːd/\n\n1. a. colecção\n  b. grupo\n  c. reunião\n2. a. gado\n  b. grei\n  c. rebanho
here	/her/\n\n1. aqui\n2. cá
here are	/herɛər/\n\n1. eis\n2. eis aí\n3. eis ali\n4. eis aqui
here is	/heriz/\n\n1. eis\n2. eis aí\n3. eis ali\n4. eis aqui
hereafter	[s]\n[adverb]\n\n1. futuro\n2. vida após a morte\n3. futuramente\n4. subsequentemente
hereditary	[adjective]\nhereditário
heredity	[s]\nhereditariedade
heresy	/herəsiː/\n\n[s]\nheresia
heretic	/herətik/\n\nherege
heretical	/herətikl/\n\nherético
herewith	/hewiθ/\n\naqui anexo
heritable	[adjective]\nherdável
heritage	[s]\n\n1. herannça\n2. patrimônio
hermaphrodite	[adjective]\nhermafrodita
hermaphroditism	[s]\nhermafroditismo
hermetic	[adjective]\nhermético
hermetically	[adverb]\n\n1. hermeticamente\n2. de forma hermética
hermit	/həːmit/\n\n[s]\neremita
hernia	[s]\nhérnia
herniation	[s]\nherniação
hero	/hiərou/\n\n[s]\nherói
heroic	/hirouik/\n\n[adjective]\nheróico
heroin	/herɔin/\n\nheroína
heroine	/herouin/\n\nheroína
heroism	[s]\nheroísmo
heron	/herən/\n\n1. airão\n2. garça
herpes	/həps/\n\n[s]\nherpes
herring	/heriŋ/\n\narenque
hers	dela
herself	/həːself/\n\n1. mesmo\n2. próprio
hesitate	/heziteit/\n\n1. hesitar\n2. vacilar
hesitation	/heziteiʃən/\n\n[s]\nhesitação
heterochromatin	[s]\nheterocromatina
heterogeneous	[adjective]\nheterogêneo
heterosexual	[adjective]\nheterossexual
heterosexuality	[s]\nheterossexualidade
heterozygote	[s]\nheterozigoto
heuristic	[adjective]\nheurístico
hew	[s]\n[vt]\n\n1. corte\n2. cortar com machado
hexadecimal	[adjective]\nhexadecimal
hexagon	/heksəgən/\n\n[s]\nhexágono
hexagonal	[adjective]\nhexagonal
hexahedron	[s]\nhexaedro
hey	/hei/\n\n1. a. hei\n  b. psiu\n2. olá
hey there	/heiðər/\n\nalô
hi	oi
hibernate	[vi]\nhibernar
hibernation	[s]\nhibernação
hiccough	[s]\n[vi]\n\n1. soluço\n2. soluçar
hiccup	/hikʌp/\n\n[s]\n[vi]\n\n1. soluço\n2. soluçar
hidden	[adjective]\nescondido
hide	/haid/\n\n1. a. pele\n  b. pele de animal com pelos\n2. a. acobertar\n  b. esconder\n  c. ocultar
hide-and-seek	esconde-esconde
hideous	/hidiəs/\n\n1. abominável\n2. repugnante
hierarchic	[adjective]\nhierárquico
hierarchical	[adjective]\nhierárquico
hierarchy	hierarquia
high	/hai/\n\n1. alto\n2. elevado\n3. eminente
high school	/haisʃuːl/\n\nginásio
high society	/haisəsaiətiː/\n\n1. altaroda\n2. altasociedade
high tide	/haitaid/\n\n1. premear\n2. fluxo
high-flown	extravagante
high-level	[s]\nalto nível
high-quality	[s]\nalta qualidade
higher	mais alto
highest	o mais alto
highjack	[s]\n[vt]\n\n1. a. roubo\n  b. rapto\n2. a. roubar\n  b. raptar
highlight	[s]\n[vt]\n\n1. destaque\n2. destacar
highly	[adverb]\n\n1. altamente\n2. muito
highness	[s]\naltura
highway	/haiwei/\n\n1. estradaderodagem\n2. rodovia
hijack	[s]\n[vt]\n\n1. a. roubo\n  b. rapto\n2. a. roubar\n  b. raptar
hike	[s]\n[vi]\n\n1. passeio\n2. passear
hilarious	[adjective]\nhilariante
hill	/hil/\n\n1. chegarterra\n2. a. colina\n  b. morro
hill up	/hilʌp/\n\nchegarterra
hillside	/hilsit/\n\n1. declive\n2. encosta\n3. ladeira\n4. rampa\n5. vertente
him	/him/\n\nele
himself	/himself/\n\n1. mesmo\n2. próprio
hind	/haind/\n\ncorça
hinder	/hindər/\n\n1. dificultar\n2. a. atrapalhar\n  b. prejudicar\n3. a. importunar\n  b. incomodar\n  c. molestar
hindrance	[s]\n\n1. impedimento\n2. obstáculo\n3. dificuldade
Hindu	/hinduː/\n\nhindu
hinge	/hindʒ/\n\n1. charneira\n2. dobradiça\n3. gonzo
hint	/hint/\n\n[s]\n[vt]\n\n1. dica\n2. dar dica\n3. a. aludir\n  b. fazer alusão a\n  c. reportar-se
hip	/hip/\n\n[s]\nquadril
hire	/haiər/\n\n1. a. assalariar\n  b. contratar\n  c. empregar\n  d. engajar\n  e. tomar a serviço\n2. a. alugar\n  b. fretar
hirsutism	[s]\nhirsutismo
his	/haiz/\n\n1. seu\n2. sua
hiss	/his/\n\n1. assobiar\n2. sibilar
histamine	[s]\nhistamina
histiocyte	[s]\nhistiócito
histochemical	[adjective]\nhistoquímico
histochemistry	[s]\nhistoquímica
histocompatibility	[s]\nhistocompatibilidade
histogram	[s]\nhistograma
histologic	[adjective]\nhistológico
histological	[adjective]\nhistológico
histologist	[s]\nhistologista
histology	[s]\nhistologia
histopathologic	[adjective]\nhistopatológico
histopathological	[adjective]\nhistopatológico
histopathologist	[s]\nhistopatologista
histopathology	[s]\nhistopatologia
historian	/histɔːriən/\n\ncronista
historical	[adjective]\nhistórico
historically	[adverb]\nhistoricamente
history	/histriː/\n\nhistória
hit	/hit/\n\n1. a. bater\n  b. dar pancada\n  c. maçar\n  d. malhar\n2. a. golpear\n  b. percutir\n3. a. furor\n  b. moda\n  c. voga\n4. a. acertar\n  b. atingir\n  c. dar no alvo
hither	/hiðər/\n\ncá
hive	[s]\ncolméia
hoarse	/hɔːs/\n\n1. rouco\n2. rouquenho
hoarseness	[s]\nrouquidão
hoax	/houks/\n\n1. trote\n2. a. burlar\n  b. ludibriar\n  c. mistificar
hobbit	[s]\nhobbit
hobby	/hɔbiː/\n\nhobby
hockey	/hɔkiː/\n\n[s]\nhóquei
hoe	/hou/\n\n[s]\nenxada
hog	/hɔg/\n\n[s]\nporco
hoist	/hɔist/\n\n1. alçar\n2. içar\n3. levantar
hoist up	/hɔistʌp/\n\n1. alçar\n2. içar\n3. levantar
hold	/hould/\n\n1. porão\n2. a. manter\n  b. segurar\n  c. sustenar\n  d. ter
hold back	/houldbæk/\n\n1. deter\n2. reter
holder	/houldər/\n\n[s]\n\n1. bainha\n2. estojo
hole	/houl/\n\n[s]\n\n1. a. cava\n  b. fossa\n2. a. abertura\n  b. buraco
holiday	/hɔlədiː/\n\n[s]\n\n1. feriado\n2. dia de folga\n3. sueto
holiness	[s]\nsantidade
holistic	[adjective]\nholístico
Holland	/hɔlənd/\n\n1. Holanda\n2. PaísesBaixos
Hollander	/hɔləndər/\n\nholandês
hollow	/hɔlou/\n\n1. côncavo\n2. oco\n3. vazio
holly	/hɔliː/\n\n1. azevim\n2. azevinho
hologram	[s]\nholograma
holography	[s]\nholografia
holy	/houliː/\n\n1. sacro\n2. sagrado\n3. santo
holy day	[s]\n\n1. dia santo\n2. feriado religioso
homage	/hɔmidʒ/\n\n1. homenagem\n2. preito
home	/houm/\n\ncasa
homemade	[adjective]\n\n1. feito em casa\n2. caseiro
homemaker	[s]\ndona de casa
homeopath	[s]\nhomeopata
homeopathic	[adjective]\nhomeopático
homeopathy	[s]\nhomeopatia
homeostasis	[s]\n\n1. hemostasia\n2. processo para manutenção do equilíbro corporal
homeostatic	[adjective]\nhomeostático
homeothermic	[adjective]\nhomeotérmico
homeothermy	[s]\nhomeotermia
homepage	[s]\npágina da internet
homesickness	saudades de casa
homework	[s]\ndever de casa
homicidal	[adjective]\nhomicida
homicide	[s]\nhomicídio
homogenisation	[s]\nhomogenização
homogenization	[s]\nhomogenização
homogenize	[vt]\nhomogenizar
homophony	[s]\nhomofonia
homosexual	[adjective]\nhomossexual
homosexuality	[s]\nhomossexualidade
homosexually	[adverb]\nhomossexualmente
homozygote	[s]\nhomozigoto
honest	/ɔnist/\n\nhonesto
honestly	honestamente
honesty	[s]\nhonestidade
honey	/hʌniː/\n\nmel
honeycomb	[s]\nfavo de mel
honeymoon	/hʌnimuːn/\n\nlua-de-mel
honeymooner	[s]\n\n1. quem está na lua de mel\n2. recém-casado
honor	/ɔnər/\n\n1. a. homenagear\n  b. honrar\n2. a. decoro\n  b. honra
honorific	[adjective]\nhonorífico
honour	/ɔnər/\n\n1. a. homenagear\n  b. honrar\n2. a. decoro\n  b. honra
hood	/hud/\n\n1. a. apache\n  b. bigorrilha\n  c. vadio\n2. a. capô\n  b. capote\n3. a. capuz\n  b. pano de chaminé\n4. a. capa\n  b. cobertura\n  c. tampa
hoodlum	/huːdləm/\n\n1. bandido\n2. gângster
hoof	/huːf/\n\ncasco
hook	/huk/\n\n1. a. cochete\n  b. colchetemacho\n2. anzol\n3. a. adunco\n  b. curvo\n4. gancho\n5. a. enganchar\n  b. engatar\n  c. pendurar
hooker	/hukər/\n\n1. puta\n2. prostituta
hooter	/huːtər/\n\n1. buzina\n2. a. chifre\n  b. corno
hop	/houp/\n\nsaltitar
hope	/houp/\n\n[s]\n[vt]\n\n1. esperança\n2. a. esperar\n  b. ter esperança
hope for	/houpfər/\n\n1. aspirar\n2. desejar vivamente\n3. pretender
hopeful	[adjective]\nesperançoso
hopefully	/houpfuliː/\n\n[adverb]\nesperançosamente
hopeless	[s]\n[adjective]\n\n1. a. desespero\n  b. falta de esperança\n2. a. desesperado\n  b. sem esperanças
hopelessly	[adverb]\n\n1. desesperadamente\n2. sem esperanças
horizon	/həraizn/\n\n[s]\nhorizonte
horizontal	/hɔrizɔntl/\n\n[adjective]\nhorizontal
horizontality	[s]\nhorizontalidade
horizontally	[adverb]\nhorizontalmente
hormonal	[adjective]\nhormonal
horn	/hɔːn/\n\n1. buzina\n2. chifre\n3. corno
horned viper	/hɔːndvaipər/\n\n1. cerasta\n2. ceraste\n3. víbora cornuda
horrible	/hɔrəbl/\n\n[adjective]\n\n1. a. horrível\n  b. horrendo\n  c. abominável\n  d. repugnante\n2. a. desagradável\n  b. enjoado
horribly	[adverb]\nhorrivelmente
horrify	[vt]\nhorrorizar
horror	/hɔrər/\n\n[s]\n\n1. horror\n2. terror
horse	/hɔːs/\n\n[s]\n[vi]\n\n1. cavalo\n2. a. cavalgar\n  b. montar a cavalo
horse-	[adjective]\n\n1. cavalar\n2. hípico
horse-chestnut	[s]\ncastanha
horse-radish	1. rábanodecavalo\n2. rábano-silvestre
horseman	[s]\ncavaleiro
horsemanship	[s]\nequitação
horsepower	/hɔːspauər/\n\n[s]\ncavalo-vapor
horseradish	/hɔːsrædiʃ/\n\n1. rábanodecavalo\n2. rábano-silvestre
horseshoe	/hɔːsiʃou/\n\nferradura
horticulture	[s]\nhorticultura
horticulturist	[s]\nhorticulturista
hosanna	[s]\nhosana
hospitable	/hɔspitəbl/\n\nhospitaleiro
hospital	/hɔspitəl/\n\nhospital
hospitality	/hɔspitælitiː/\n\nhospitalidade
hospitalization	[s]\nhospitalização
hospitalize	[vt]\nhospitalizar
host	/houst/\n\nanfitrião
hostage	/hɔstidʒ/\n\nrefém
hostel	/hɔstl/\n\nhospedaria
hostess	[s]\nanfitriã
hostile	[adjective]\nhostil
hostility	[s]\nhostilidade
hot	/hɔt/\n\n1. ardente\n2. forgoso
hotel	/houtel/\n\nhotel
hothouse	estufa
hour	/auər/\n\nhora
house	/haus/\n\n1. casa\n2. habitação\n3. vivenda
house of worship	/hausɔfwəːʃip/\n\n1. casadeoração\n2. igreja\n3. templo
housefly	/hausflai/\n\nmosca
household	[s]\n\n1. familiar\n2. pessoa da família que mora na mesma casa
houseless	[adjective]\nsem casa
housewife	[s]\ndona de casa
hovel	/hɔvəl/\n\n1. cabana\n2. casebre\n3. choça
hover	/hɔvər/\n\n1. adejar\n2. esvoaçar\n3. librar-se\n4. pairar
how	/hau/\n\n1. como\n2. de que modo\n3. qual\n4. na qualidade de
how are you?	/hauɛərjau/\n\n1. como está?\n2. como você está passando
how do you do?	/haudoujaudou/\n\n1. como está?\n2. como você está passando
how many	/haumeniː/\n\nquantos
how much	/haumʌtʃ/\n\n1. quanto\n2. que quantidade
however	/hauwevər/\n\n1. contudo\n2. embora\n3. entretanto\n4. todavia\n5. porém
howl	/haul/\n\n1. a. uivar\n  b. ulular\n2. a. bramir\n  b. mugir\n  c. rugir
hub	/hʌb/\n\n1. cubo\n2. cubo de roda
hue	/hʌ/\n\n1. matiz\n2. nuança
hug	/hʌg/\n\n1. abarcar\n2. abraçar
huge	/hjuːdʒ/\n\n1. gigantesco\n2. a. enorme\n  b. imenso
hull	/hʌl/\n\ncasco
hum	/hʌm/\n\n1. zumbir\n2. zunir
human	/hjuːmən/\n\nhumano
human being	/hjuːmənbiːiŋ/\n\nhomem
human race	/hjuːmənreis/\n\nhumanidade
humane	/hjuːmein/\n\n1. humanitário\n2. humano
humanely	[adverb]\nhumanamente
humanist	/hjuːmənist/\n\nhumanista
humanity	[s]\nhumanidade
humanization	[s]\nhumanização
humanize	[vt]\nhumanizar
humankind	[s]\nhumanidade
humanly	[adverb]\nhumanamente
humble	/hʌmbl/\n\n1. humilde\n2. ignoto\n3. obscuro
humeral	[adjective]\n\n1. umeral\n2. do úmero
humerus	[s]\número
humid	/hjuːmid/\n\n1. úmido\n2. húmido
humidification	[s]\numidificação
humidifier	[s]\nhumidificador
humidify	[vt]\numidificar
humidity	[s]\nhumidade
humiliate	[vt]\nhumilhar
humiliation	[s]\nhumilhação
humility	/hjuːmilitiː/\n\nhumildade
humming	zumbido
humor	/hjuːmər/\n\nhumorismo
humoral	[adjective]\nhumoral
humorous	[adjective]\nhumorístico
humour	/hjuːmər/\n\n1. humor\n2. humorismo
humourous	/hjuːmərəs/\n\nhumorístico
hump	/hʌmp/\n\n1. corcova\n2. corcunda\n3. giba
hunchback	/hʌntʃbæk/\n\n1. corcunda\n2. giboso
hundred	/hʌndrəd/\n\n[s]\n\n1. cem\n2. centena
Hungarian	/hʌŋgɛəriən/\n\nhúngaro
Hungary	/hʌŋgəriː/\n\nHungria
hunger	/hʌŋgər/\n\nfome
hungry	/hʌŋgriː/\n\n1. esfomeado\n2. faminto
hunt	/hʌnt/\n\n[vt]\n\n1. caçar\n2. montear\n3. andar à caça de
hunter	/hʌntər/\n\n[s]\ncaçador
huntsman	[s]\ncaçador
hurray	/hʌrei/\n\n1. hurra\n2. viva
hurricane	/hʌrikən/\n\n[s]\n\n1. furacão\n2. tempestade
hurriedly	/hʌridliː/\n\n[adverb]\nprecipitadamente
hurry	/hʌriː/\n\n1. apressar-se\n2. a. apressar\n  b. instar
hurt	/həːt/\n\n[vt]\n\n1. a. causar dor\n  b. doer\n2. fazer com que outro sinta dor\n3. a. machucar\n  b. ferir\n  c. vulnerar
husband	/hʌzbənd/\n\n[s]\n\n1. cônjuge\n2. esposo\n3. marido
husbandman	[s]\n\n1. chefe de família\n2. fazendeiro
husbandry	[s]\n\n1. cuidados domésticos\n2. agricultura
husk	/hʌsk/\n\n[s]\n\n1. casca\n2. crosta
hut	/hʌt/\n\n[s]\n\n1. cabana\n2. choça\n3. choupana
hybrid	[adjective]\n\n1. híbrido\n2. misturado\n3. proveniente de duas espécies distintas
hybridization	[s]\nhibridização
hydrate	[s]\n[vt]\n\n1. hidrato\n2. hidratar
hydrocarbon	[s]\nhidrocarboneto
hydrocele	[s]\nhidrocele
hydrocephaly	[s]\nhidrocefalia
hydrocortisone	[s]\nhidrocortisona
hydrogen bomb	/haidrədʒənbɔm/\n\n[s]\nbomba de hidrogênio
hydrolysis	[s]\nhidrólise
hydrothorax	[s]\nhidrotórax
hygiene	/haidʒiːn/\n\n[s]\nhigiene
hygienic	/haidʒiːnik/\n\n[adjective]\nhigiênico
hymen	[s]\nhímen
hymenal	[adjective]\nhimenal
hymn	/him/\n\n[s]\nhino
hype	[s]\n\n1. a. moda\n  b. modismo\n2. a. tititi\n  b. falatório
hyperacidity	[s]\nhiperacidez
hyperactive	[adjective]\nhiperativo
hyperactivity	[s]\nhiperatividade
hyperacusis	[s]\nhiperacusia
hyperaggressive	[adjective]\nhiperagressivo
hyperbaric	[adjective]\n\n1. hiperbárico\n2. de alta pressão
hyperbola	[s]\nhipérbole
hypercalcemia	[s]\n\n1. hipercalcemia\n2. níveis de cálcio altos no sangue
hypercalciuria	[s]\nhipercalciúria
hypercapnia	[s]\nhipercapnia
hypercoagulability	[s]\nhipercoagulabilidade
hyperdynamic	[adjective]\nhiperdinâmico
hyperemia	[s]\nhiperemia
hyperesthesia	[s]\nhiperestesia
hyperexcitability	[s]\nhiperexcitabilidade
hyperexcitable	[adjective]\nhiperexcitável
hyperexcretion	[s]\nhiperexcreção
hyperextension	[s]\nhiperextensão
hyperfunction	[s]\nhiperfunção
hyperglycemia	[s]\nhiperglicemia
hyperglycemic	[adjective]\nhiperglicêmico
hyperimmunization	[s]\nhiperimunização
hyperinflation	[s]\nhiperinflação
hyperinsulinism	[s]\nhiperinsulinismo
hyperirritability	[s]\nhiperirritabilidade
hyperirritable	[adjective]\nhiperirritável
hyperkalemia	[s]\n\n1. hipercalemia\n2. hipopotassemia\n3. níveis de potássio altos no sangue
hypermagnesemia	[s]\n\n1. hipermagnesemia\n2. níveis de magnésio altos no sangue
hypermetabolic	[adjective]\nhipermetabólico
hypermetabolism	[s]\nhipermetabolismo
hypernatremia	[s]\n\n1. hipernatremia\n2. níveis de sódio altos no sangue
hyperphagia	[s]\nhiperfagia
hyperpigmentation	[s]\nhiperpigmentação
hyperpituitarism	[s]\nhiperpituitarismo
hyperplasia	[s]\nhiperplasia
hyperpolarization	[s]\nhiperpolarização
hyperproduction	[s]\nhiperprodução
hyperreactive	[adjective]\nhiperreativo
hyperreactivity	[s]\nhiperreatividade
hyperresponsive	[adjective]\nhiperresponsivo
hyperresponsiveness	[s]\nhiperresponsividade
hypersalivation	[s]\nhipersalivação
hypersecretion	[s]\nhipersecreção
hypersensitive	[adjective]\nhipersensível
hypersensitivity	[s]\nhipersensibilidade
hypertense	[adjective]\nhipertenso
hypertension	[s]\nhipertensão
hypertensive	[adjective]\nhipertensivo
hypertext	[s]\nhipertexto
hyperthyroidism	[s]\nhipertireoidismo
hypertonia	[s]\nhipertonia
hypertonic	[adjective]\nhipertônico
hypertonicity	[s]\nhipertonicidade
hypertrophic	[adjective]\nhipertrófico
hypertrophy	[s]\nhipertrofia
hyperuricemia	[s]\nhiperuricemia
hypervelocity	[s]\nhipervelocidade
hyperventilate	hiperventilar
hyperventilation	[s]\nhiperventilação
hyperviscosity	[s]\nhiperviscosidade
hyphen	[s]\nhífen
hyphenate	[vt]\ncolocar hífen
hyphenation	[s]\n\n1. colocação de hífens\n2. divisão da palavra no final da linha
hypnosis	/hipnousis/\n\nhipnose
hypnotic trance	/hipnɔtiktrɑːns/\n\nhipnose
hypnotist	/hipnətist/\n\nhipnotizador
hypnotize	/hipnətaiz/\n\nhipnotizar
hypoacidity	[s]\nhipoacidez
hypoallergenic	[adjective]\nhipoalergênico
hypocalcemia	[s]\n\n1. hipocalcemia\n2. níveis de cálcio baixos no sangue
hypocalcemic	[adjective]\nhipocalcêmico
hypocalciuria	[s]\nhipocalciúria
hypochlorhydria	[s]\nhipocloridria
hypochlorite	[s]\nhipoclorito
hypochondriac	[s]\n[adjective]\nhipocondríaco
hypocrisy	[s]\nhipocrisia
hypocrite	/haipəkrit/\n\n[adjective]\nhipócrita
hypocritical	/haipəkritikl/\n\nhipócrita
hypoderm	[s]\nhipoderme
hypoesthesia	[s]\nhipoestesia
hypogastric	[adjective]\nhipogástrico
hypoglycemia	[s]\nhipoglicemia
hypokalemia	[s]\n\n1. hipocalemia\n2. hipopotassemia\n3. níveis de potássio baixos no sangue
hypokalemic	[adjective]\nhipocalêmico
hypomagnesemia	[s]\n\n1. hipomagnesemia\n2. níveis de magnésio baixos no sangue
hyponatremia	[s]\n\n1. hiponatremia\n2. níveis de sódio baixos no sangue
hypoparathyroidism	[s]\nhipoparatireoidismo
hypopharynx	[s]\nhipofaringe
hypopigmentation	[s]\nhipopigmentação
hypopituitarism	[s]\nhipopituitarismo
hypoplasia	[s]\nhipoplasia
hypopnea	[s]\nhipopnéia
hypotension	[s]\nhipotensão
hypotensive	[adjective]\nhipotensivo
hypothermia	[s]\nhipotermia
hypothesis	/haipɔθəsis/\n\n[s]\nhipótese
hypothesize	/haipɔθəsaiz/\n\n[vt]\nfazer a hipótese de
hypothetical	/haipəθetikl/\n\n[adjective]\nhipotético
hypothetically	[adverb]\nhipoteticamente
hypothyroidism	[s]\nhipotireoidismo
hypotonia	[s]\nhipotonia
hypotonic	[adjective]\nhipotônico
hypotonicity	[s]\nhipotonicidade
hypovolemic	[adjective]\nhipovolêmico
hypoxemia	[s]\nhipoxemia
hypoxemic	[adjective]\nhipoxêmico
hypoxia	[s]\nhipóxia
hysterectomy	[s]\nhisterectomia
hysteria	/histiəriə/\n\n[s]\nhisteria
hysteric	[adjective]\nhistérico
hysterical	/histerikl/\n\n[adjective]\nhistérico
hysterically	[adverb]\n\n1. histericamente\n2. de forma histérica
I.D.	/aid/\n\ncarteira de identidade
iatrogenic	[adjective]\niatrogênico
iatrogenically	[adverb]\niatrogenicamente
iberian	[adjective]\nibérico
iberian peninsula	[s]\npenínsula ibérica
ibuprofen	[s]\nibuprofeno
ice	/ais/\n\n1. sorvete\n2. gelo
iceberg	/aisbəːg/\n\n[s]\niceberg
icecream	/aisiːkriːm/\n\n[s]\nsorvete
Iceland	/aislənd/\n\nIslândia
Icelandic	/aisləndik/\n\nislândes
icon	ícone
icosahedron	[s]\nicosaedro
icteric	[adjective]\nictérico
icterus	icterícia
icy	/aisiː/\n\n1. gelado\n2. glacial
ID	/aid/\n\ncarteira de identidade
idea	/aidiə/\n\n1. idéia\n2. conceito
ideal	/aidiəl/\n\nideal
idealism	[s]\nidealismo
idealist	/aidiəlist/\n\nidealista
idealization	[s]\nidealização
ideally	[adverb]\nidealmente
identical	/aidentikl/\n\nidêntico
identically	[adverb]\n\n1. igualmente\n2. da mesma forma\n3. de forma idêntica
identifiable	[adjective]\nidentificável
identification	[s]\nidentificação
identifier	[s]\nidentificador
identify	/aidentifai/\n\nidentificar
identity	identidade
ideogram	[s]\nideograma
ideologist	[s]\nideologista
ideology	/aidiɔlədʒiː/\n\nideologia
idiocy	/idiəsiː/\n\nidiotia
idiom	/idiəm/\n\n1. a. idioma\n  b. língua\n2. idiotismo
idiopathic	[adjective]\nidiopático
idiopathically	[adverb]\nidiopaticamente
idiosyncrasy	[s]\nidiossincrasia
idiot	/idiət/\n\n1. idiota\n2. imbecil\n3. parvo
idiotic	/idiɔtik/\n\nidiota
idle	[adjective]\nocioso
idleness	[s]\nociosidade
idol	/aidl/\n\nídolo
idolator	/aidɔlətər/\n\nidólatra
idolatry	[s]\nidolatria
if	/aif/\n\n1. se\n2. na suposição de\n3. no caso de
ignite	[vt]\n\n1. acender\n2. incendiar
ignition	/igniʃən/\n\n[s]\nignição
ignorance	[s]\nignorância
ignorant	ignorante
ignore	/ignɔːr/\n\n[vt]\n\n1. ignorar\n2. não tomar conhecimento
il-	in-
ileum	[s]\níleo
iliac	[adjective]\nilíaco
ill	/il/\n\n1. doente\n2. enfermo
ill fate	/ilfeit/\n\nfatalidade
ill humor	/ilhjuːmər/\n\nbaço
ill humour	/ilhjuːmər/\n\nbaço
ill-fated	fatal
illegal	[adjective]\nilegal
illegality	[s]\nilegalidade
illicit	ilícito
illiterate	/ilitərət/\n\nanalfabeto
illness	/ilnəs/\n\ndoença
illuminate	/iluːmineit/\n\niluminar
illusion	/iluːʒn/\n\nilusão
illustrate	/iləstreit/\n\nilustrar
illustration	/iləstreiʃən/\n\nilustração
im-	in-
image	/imidʒ/\n\n1. imagem\n2. figura
imaginable	[adjective]\nimaginável
imaginary	[adjective]\nimaginário
imagination	/imædʒineiʃən/\n\nimaginação
imagine	/imædʒin/\n\nimaginar
imbalance	[s]\ndesequilibrio
imbecility	[s]\nimbecilidade
imbue	ensopar
imitate	/imiteit/\n\n1. copiar\n2. imitar
imitation	/imiteiʃən/\n\nimitação
imitator	[s]\nimitador
immaculate	[adjective]\nimaculado
immaterial	/imətiəriəl/\n\nindiferente
immature	imaturo
immediate	/imiːdieit/\n\nimediato
immediately	/imiːdaiætiːliː/\n\n1. a. directamente\n  b. imediatamente\n  c. semdelonga\n  d. diretamente\n2. semdemora
immense	/imens/\n\n1. enorme\n2. imenso
immensely	[adverb]\nimensamente
immerse	/iməːs/\n\n1. imergir\n2. molhar com líquido
immigrate	/imigreit/\n\nimigrar
imminence	[s]\niminência
immobility	[s]\nimobilidade
immortal	[adjective]\nimortal
immortality	imortalidade
immune	/imjuːn/\n\nimune
immunity	[s]\nimunidade
immunization	[s]\nimunização
immunoglobulin	[s]\n\n1. imunoglobulina\n2. anticorpo
immunohistochemistry	[s]\nimunohistoquímica
immunologic	[adjective]\nimunológico
immunologically	[adverb]\nimunologicamente
immunoprophylaxis	[s]\nimunoprofilaxia
immutable	[adjective]\n\n1. imutável\n2. inalterável
impact	impacto
impair	[vt]\n\n1. deteriorar\n2. tornar pior
impaired	[adjective]\n\n1. atingido\n2. deteriorado\n3. lesionado
impale	/impeil/\n\nempalar
impartial	/impɑːʃl/\n\n1. neutro\n2. imparcial
impatience	[s]\nimpaciência
impatient	[adjective]\nimpaciente
impatiently	[adverb]\nimpacientemente
impeccable	[adjective]\nimpecável
impediment	[s]\n\n1. impedimento\n2. obstáculo\n3. dificuldade
impel	/impel/\n\n1. impulsionar\n2. a. impelir\n  b. incitar\n  c. instigar\n3. a. tanger\n  b. tocar
impenetrable	/impenitrəbl/\n\nimpermeável
imperfect	[adjective]\nimperfeito
imperfection	[s]\nimperfeição
imperfectly	[adverb]\nimperfeitamente
imperial	[adjective]\nimperial
imperialism	/impiəriəlizəm/\n\nimperialismo
imperialist	/impiəriəlist/\n\nimperialista
imperious	[adjective]\nimperioso
impertinence	/impəːtinəns/\n\nimpertinência
impertinency	[s]\nimpertinência
impertinent	/impəːtinənt/\n\n1. atrevido\n2. impertinente\n3. insolente
impetuosity	[s]\nimpetuosidade
impetuous	[adjective]\nimpetuoso
impetus	/impitəs/\n\n1. a. arrancada\n  b. ímpeto\n2. a. arranco\n  b. impulso
implacable	[adjective]\nimplacável
implement	[s]\n[vt]\n\n1. implemento\n2. implementar
implementation	[s]\nimplementação
implicate	/implikeit/\n\n1. enredar\n2. envolver\n3. implicar
implicit	[adjective]\nimplícito
implicitly	[adverb]\nimplicitamente
imply	/implai/\n\n1. a. abranger\n  b. compreender\n  c. implicar\n2. a. denotar\n  b. querer dizer\n  c. significar
import	importar
importance	importância
important	/impɔːtnt/\n\nimportante
impose	/impouz/\n\n1. ditar\n2. impor\n3. obrigar
imposing	/impouziŋ/\n\nimponente
imposition	[s]\nimposição
impossibility	[s]\nimpossibilidade
impossible	/impɔsəbl/\n\nimpossível
imposter	/impɔstər/\n\n1. capadócio\n2. charlatão\n3. curandeiro\n4. impostor
impostor	[s]\nimpostor
impotence	[s]\nimpotência
impotent	1. impotente\n2. incapaz\n3. ineficaz
impractical	[adjective]\n\n1. impraticável\n2. inviável
imprecise	[adjective]\n\n1. impreciso\n2. vago
impregnation	[s]\nimpregnação
impress	/impres/\n\n1. impor\n2. a. causar impressão\n  b. impressionar
impressible	/impresəbl/\n\n1. impressionável\n2. sensível
impression	/impreʃən/\n\n1. a. efeito\n  b. impressão\n2. sensação
impressive	[adjective]\nimpressionante
improbable	improvável
improve	/impruːv/\n\nmelhorar
improvement	1. melhoria\n2. melhoramento
impulse	/impʌls/\n\n1. arranco\n2. impulso
impulsive	/impʌlsiv/\n\n1. frívolo\n2. leviano
in	/in/\n\n1. dentro de\n2. em
in a hurry	/inəhʌriː/\n\nprecipitadamente
in a way	/inəwei/\n\n1. como que\n2. como se
in action	/inækʃən/\n\n1. activo\n2. agencioso\n3. diligente
in addition	/inədiʃən/\n\n1. além disso\n2. demais\n3. a. em continuação\n  b. mais\n  c. mais a diante
in Arabic	/inærəbik/\n\nem árabe
in cash	/inkæʃ/\n\ndinheiro
in English	/iniŋgliʃ/\n\nem inglês
in every way	/inevriːwei/\n\n1. de todo o modo\n2. de qualquer maneira\n3. por todas as formas
in exchange for	/inikstʃeindʒfər/\n\n1. contra\n2. de fronte de\n3. em frente de\n4. em troca de
in fact	/infækt/\n\n1. com efeito\n2. de fato\n3. efetivamente
in front of	/infrʌntɔf/\n\n1. antes de\n2. diante de\n3. em frente de\n4. em presença de\n5. perante
in good condition	/ingudkəndiʃən/\n\n1. abastado\n2. próspero
in no way	/innouwei/\n\n1. de forma nenhuma\n2. de modo nenhum\n3. de nenhuma maneira
in order to	/inɔːdərtou/\n\n1. afim de\n2. para\n3. para que
in principle	/inprinsəpl/\n\nem princípio
in question	/inkwestʃən/\n\n1. concernente\n2. respectivo
in rows	/inrouz/\n\n1. em fila\n2. um após ooutro
in runtime	[adverb]\ndurante a execução
in short supply	/inʃɔːtsəplai/\n\n1. escasso\n2. insuficiente\n3. raro
in spite of	/inspaitɔf/\n\n1. a. a despeito de\n  b. apesar de\n  c. não obstante\n2. a. por acinte\n  b. por desafio
in that way	/inðætwei/\n\nde tal modo
in the evening	/inðiːvniŋ/\n\n1. à tarde\n2. de tarde
in the morning	/inðmɔːniŋ/\n\n1. de manhã\n2. pela manhã
in time	/intaim/\n\n1. a propósito\n2. a tempo
in turn	/intəːn/\n\npor sua vez
in vain	/invein/\n\n1. debalde\n2. em vão\n3. inutilmente
in what way	/inwɔtwei/\n\n1. como\n2. de que modo\n3. qual\n4. na qualidade de\n5. quanto
in-	in-
in-between	[adjective]\n\n1. intermediário\n2. entre dois extremos
inability	[s]\n\n1. incapacidade\n2. inabilidade
inaccessible	[adjective]\n\n1. inacessível\n2. que não pode ser acessado
inadequacy	[s]\n\n1. inadequação\n2. insuficiência
inadequate	1. inadequado\n2. inapropriado
inasmuch	[conjunction]\n\n1. na medida que\n2. considerando que
inaugural	/inɔːgjurəl/\n\ninaugural
inaugurate	/inɔːgjureit/\n\ninaugurar
inauguration	/inɔːgjureiʃən/\n\ninauguração
incandescent	/inkændesnt/\n\nincandescente
incapability	[s]\nincapacidade
incapable	[adjective]\n\n1. incapaz\n2. inapto
incendiary	/insendiəriː/\n\nincendiário
incendiary bomb	/insendiəriːbɔm/\n\nbomba incendiária
incense	/insens/\n\nincenso
inception	[s]\n\n1. origem\n2. gênese\n3. iniciação
incessantly	1. incessantemente\n2. constantemente\n3. continuamente
incest	/insest/\n\nincesto
inch	/intʃ/\n\npolegada
incidence	incidência
incident	[s]\nincidente
incidental	/insidentl/\n\n1. acessório\n2. apenso\n3. lateral
incinerate	/insinəreit/\n\n1. incinerar\n2. calcinar\n3. reduzir a cinzas
incision	[s]\nincisão
incite	/insait/\n\n1. a. agitar\n  b. amotinar\n  c. sacolejar\n  d. sacudir\n2. a. concitar\n  b. incitar\n  c. provocar\n3. a. desafiar\n  b. reptar\n4. a. esporar\n  b. esporear
inclinable	[adjective]\ninclinável
inclination	/inklineiʃən/\n\n1. afeição\n2. inclinação
incline	/inklain/\n\nestar inclinado a
inclined to travel	/inklaindtoutrævəl/\n\nque tem gosto por viagens
inclose	[vt]\n\n1. demarcar\n2. confinar
include	/inkluːd/\n\n1. a. conter\n  b. incluir\n2. a. abarcar\n  b. abranger
including	/inkluːdiŋ/\n\n1. inclusivamente\n2. inclusive
inclusion	[s]\ninclusão
inclusive	/inkluːsiv/\n\ninclusivo
inclusively	/inkluːsivliː/\n\n1. inclusivamente\n2. inclusive
income	/iŋkʌm/\n\n[s]\n\n1. provento\n2. rendimento\n3. renda\n4. receita
incomparable	[adjective]\nincomparável
incompatibility	[s]\nincompatibilidade
incompatible	[adjective]\nincompatível
incomplete	[adjective]\nincompleto
incompletely	[adverb]\n\n1. incompletamente\n2. de forma incompleta
incomprehensibility	[s]\nincompreensibilidade
incomprehensible	[adjective]\nincompreensível
inconclusive	[adjective]\ninconclusivo
inconsistent	/inkənsistənt/\n\n[adjective]\ninconsistente
inconstancy	[s]\ninconstância
inconstant	[adjective]\ninconstante
incontestability	[s]\nincontestabilidade
incontestable	[adjective]\n\n1. incontestável\n2. que não se pode contestar
incontestably	[adverb]\n\n1. incontestavelmente\n2. de forma incontestável
incontinence	[s]\nincontinência
incontinency	[s]\nincontinência
incontinent	[adjective]\nincontinente
incontrovertible	[adjective]\nincontestável
inconvenience	[s]\ninconveniência
inconvenient	/inkənviːniənt/\n\n[adjective]\ninconveniente
incorporate	[adjective]\n[vt]\n\n1. incorporado\n2. incorporar
incorporation	[s]\nincorporação
incorrect	/inkərekt/\n\n[adjective]\n\n1. incorreto\n2. inexato\n3. impreciso
incorrectly	[adverb]\n\n1. incorretamente\n2. de forma incorreta
increase	/inkriːs/\n\n[s]\n[vt]\n\n1. aumento\n2. aumentar\n3. a. altear\n  b. elevar\n  c. elevar-se\n  d. subir
increasingly	/inkriːsiŋliː/\n\n1. mais e mais\n2. cada vez mais
incredible	/inkredəbl/\n\n[adjective]\nincrível
incredibly	[adverb]\nincrivelmente
increment	[s]\n[vt]\n\n1. incremento\n2. incrementar
incremental	[adjective]\nincremental
incubate	/inkjubeit/\n\n[vt]\n\n1. chocar\n2. incubar
incubator	estufa
incubus	/inkjubəs/\n\n[s]\n\n1. íncubo\n2. pesadelo
incurable	[adjective]\nincurável
indeed	/indiːd/\n\n1. a. de fato\n  b. efetivamente\n  c. com efeito\n  d. na verdade\n  e. sem dúvida\n2. a. deveras\n  b. na realidade\n  c. verdadeiramente
indefinite	[adjective]\nindefinido
indefinitely	[adverb]\n\n1. indefinidamente\n2. de forma indefinida
indemnify	[vt]\n\n1. a. dar segurança\n  b. proteger\n  c. dar garantias\n2. a. compensar\n  b. restituir
indent	/indənt/\n\ncomeçar nova linha com a línea
independent	/indipendənt/\n\n[adjective]\n\n1. autônomo\n2. independente
independently	[adverb]\nindependentemente
index	/indeks/\n\n[s]\n[vt]\n\n1. índice\n2. a. indexar\n  b. pôr um índice
India	/indiə/\n\n[s]\nÍndia
Indian	/indiən/\n\n[adjective]\n\n1. da Índia\n2. a. hindu\n  b. indiano\n3. a. índio\n  b. pele vermelha
Indian corn	/indiənkɔːn/\n\nmilho
indicate	/indikeit/\n\n1. indicar\n2. a. apontar\n  b. assinalar\n  c. mostrar
indication	/indikeiʃən/\n\n1. a. adivinhação\n  b. agouro\n  c. augúrio\n  d. presságio\n  e. profecia\n2. indicação
indicator	[s]\nindicador
indictment	/indaitmənt/\n\nacusação
indifference	/indifrəns/\n\n1. calma\n2. fleuma\n3. impassibilidade
indifferent	/indifrənt/\n\nindiferente
indifferently	[s]\n\n1. indiferentemente\n2. de forma indiferente
indigenous	[adjective]\n\n1. nativo\n2. a. inerente\n  b. inato
indigestion	/indidʒestʃən/\n\n1. dispepsia\n2. indigestão
indignation	[s]\nindignação
indignity	[s]\nindignidade
indirect	[adjective]\nindireto
indirectly	[adverb]\nindiretamente
indispensable	[adjective]\n\n1. indispensável\n2. que não pode ser dispensado\n3. obrigatório
indisposition	[s]\nindisposição
indissoluble	[adjective]\nindissolúvel
indistinguishable	[adjective]\n\n1. indistiguivel\n2. que não pode ser distinguido
individual	/individʒeəl/\n\n1. individual\n2. a. indivíduo\n  b. pessoa\n  c. sujeito
individually	[adverb]\nindividualmente
Indo-China	Indochina
indolent	[adjective]\n\n1. indolente\n2. vagaroso\n3. preguiçoso
Indonesia	/indəniːziə/\n\nIndonésia
induce	/indjuːs/\n\n1. concluir\n2. depreender\n3. tirarconclusãode
induction	indução
indulge	/indʌldʒ/\n\n1. poupar\n2. serindulgentepara
indulgence	[s]\nindulgência
indulgent	[adjective]\nindulgente
industrial	/indʌstriəl/\n\nindustrial
industrialist	/indʌstriəlist/\n\nindustrial
industrious	/indʌstriəs/\n\n1. aplicado\n2. assíduo\n3. diligente\n4. esforçado
industry	/indʌstriː/\n\n1. a. aplicação\n  b. assiduidade\n  c. diligência\n2. indústria
inebriate	embraigar
inebriety	/inibraiətiː/\n\n1. bebedeira\n2. ebriedade\n3. embriaguez
ineffective	[adjective]\n\n1. ineficaz\n2. inútil
inefficent	[adjective]\nineficiente
inefficiency	[s]\nineficiência
inefficient	[adjective]\nineficiente
inelegant	deselegante
ineligible	[adjective]\n\n1. inelegível\n2. inadequado
inequality	[s]\ndesigualdade
inert	/inəːt/\n\n[adjective]\ninerte
inestimable	[adjective]\ninestimável
inevitable	[adjective]\ninevitável
inevitably	[adverb]\ninevitavelmente
inexorable	[adjective]\ninexorável
inexpensive	/inikspensiv/\n\n[adjective]\nbarato
inexplicable	[adjective]\ninexplicável
inexpressive	[adjective]\n\n1. inexpressivo\n2. sem expressão
infallible	[adjective]\ninfalível
infallibly	[adverb]\ninfalivelmente
infamous	[adjective]\n\n1. infame\n2. abominável
infamy	[s]\ninfâmia
infancy	primeira infância
infant	/infənt/\n\n1. lactente\n2. criança
infantry	/infəntriː/\n\ninfantaria
infarct	[s]\n\n1. infarto\n2. enfarte
infatuated	[adjective]\n\n1. apaixonado\n2. enfatuado\n3. enfeitiçado
infeasible	[adjective]\n\n1. impraticável\n2. não realizável
infect	/infekt/\n\ninfectar
infected	/infektid/\n\ninfectado
infection	/infekʃən/\n\ninfecção
infectious	[adjective]\ninfeccioso
infective	[adjective]\n\n1. infectivo\n2. que pode infectar
infer	/infəːr/\n\n1. concluir\n2. depreender\n3. tirarconclusãode
inference	/infərəns/\n\nconclusão
inferior	/infiəriər/\n\ninferior
inferiority	[s]\ninferioridade
infernal	/infəːnl/\n\ninfernal
inferolateral	[adjective]\ninferolateral
inferoposterior	[adjective]\ninferoposterior
infertile	[adjective]\n\n1. infértil\n2. estéril
infertility	[s]\ninfertilidade
infest	/infest/\n\ninfestar
infestation	[s]\ninfestação
infidelity	[s]\ninfidelidade
infiltrate	[s]\n[vt]\n\n1. infiltrado\n2. infiltrar
infiltration	[s]\ninfiltração
infinite	[s]\ninfinito
infinitely	[adverb]\ninfinitamente
infinitive	[s]\ninfinitivo
infirm	/infəːm/\n\n1. aleijado\n2. estropiado
inflammation	[s]\ninflamação
inflammatory	[adjective]\ninflamatório
inflate	/infleit/\n\ntornarinchado
inflation	/infleiʃən/\n\ninflação
inflationary	[adjective]\ninflacionário
inflection	[s]\n\n1. flexão\n2. conjugação
inflexible	[adjective]\ninflexível
influence	/infleəns/\n\n1. influenciar\n2. influência
influenza	/influenzə/\n\ngripe
inform	/infɔːm/\n\n1. a. informar\n  b. noticiar\n  c. participar\n2. notificar
informal	[adjective]\ninformal
information	/infəmeiʃən/\n\ninformação
infrastructure	[s]\ninfraestrutura
infrequent	[adjective]\ninfrequënte
infrequently	[adverb]\n\n1. infrequentemente\n2. de forma infrequente
infringe	[vt]\ninfringir
infringement	[s]\ninfração
infusion	infusão
ingenious	/indʒiːniəs/\n\ngenial
ingrain	[s]\n[vt]\n\n1. tecido tingido\n2. a. impregnar\n  b. tingir\n3. a. imprimir\n  b. gravar
ingredient	ingrediente
inhabit	[vt]\nhabitar
inhabitable	[adjective]\nhabitável
inhabitant	/inhæbitənt/\n\n1. habitante\n2. morador
inhalation	[s]\ninalação
inhale	/inheil/\n\n1. aspirar\n2. inalar
inherent	[adjective]\ninerente
inherently	[adverb]\n\n1. inerentemente\n2. de forma inerente
inherit	/inherit/\n\n[vt]\nherdar
inheritance	/inheritəns/\n\n[s]\nherança
inhibit	/inhibit/\n\n[vt]\n\n1. inibe\n2. atrapalhar\n3. prejudicar
inhibition	[s]\ninibição
inhibitor	[s]\ninibidor
iniquity	[s]\niniqüidade
initial	inicial
initialize	[s]\ninicializar
initially	[adverb]\ninicialmente
initiate	/iniʃieit/\n\n1. iniciar\n2. tomar a iniciativa
initiation	[s]\n\n1. iniciação\n2. início
initiative	[s]\n[adjective]\n\n1. iniciativa\n2. introdução\n3. a. introdutório\n  b. inicial\n  c. inaugural
initiator	[s]\n\n1. iniciador\n2. promotor
inject	/indʒekt/\n\n1. injectar\n2. injetar
injection	[s]\ninjeção
injunction	[s]\ninjunção
injure	/indʒər/\n\n1. arruinar\n2. avariar\n3. danificar\n4. deteriorar\n5. estragar
injurious	[adjective]\n\n1. injuriante\n2. injusto
injury	/indʒəriː/\n\n1. injúria\n2. ferida\n3. ferimento\n4. lesão
injustice	[s]\ninjustiça
ink	/iŋk/\n\ntinta
ink-well	tinteiro
inkpot	/iŋkpɔt/\n\ntinteiro
inlet	/inlet/\n\n[s]\n\n1. a. conduto\n  b. entrada\n  c. acesso\n2. material inserido\n3. a. baia pequena\n  b. golfo estreito\n  c. fiorde
inn	/in/\n\n1. hospedaria\n2. taberna
innate	[adjective]\n\n1. inato\n2. congênito
inner	/inər/\n\n1. interior\n2. interno
inner tube	/inərtjuːb/\n\ncâmara de ar
innervation	[s]\ninervação
innocence	[s]\ninocência
innocency	[s]\ninocência
innocent	[adjective]\ninocente
innocuous	[adjective]\ninócuo
innovate	[vt]\ninovar
innovation	[s]\ninovação
innovative	[adjective]\ninovador
innovator	[s]\ninovador
innumerable	[adjective]\n\n1. inumerável\n2. incontável
inoculate	[vt]\ninocular
inoculum	[s]\ninóculo
inoperable	inoperável
inordinate	/inɔːdineit/\n\n1. demasiado\n2. excessivo
inotropy	[s]\ninotropia
inpatient	[s]\npaciente internado
inquiry	/inkwaiəriː/\n\n1. inquérito\n2. investigação\n3. sindicância
inquiry-office	escritóriodeinformações
inquisition	[s]\ninquisição
inquisitive	/inkwizətiv/\n\ncurioso
insane	/insein/\n\n1. insano\n2. louco
insane asylum	/inseinəsailəm/\n\nhospitalpsiquiátrico
insanity	[s]\ninsanidade
insatiable	[adjective]\ninsaciável
inscribe	[vt]\n\n1. inscrever\n2. gravar
inscription	[s]\ninscrição
insect	/insekt/\n\n1. insecto\n2. inseto
insecure	inseguro
insensate	[adjective]\ninsensível\n\ninsensato
insensible	[adjective]\ninsensível
insensitive	insensível
insensitivity	[s]\ninsensibilidade
inseparable	inseparável
insert	/insəːt/\n\n1. inserir\n2. introduzir
insertion	[s]\n\n1. inserção\n2. adição\n3. acréscimo
inside	/insaid/\n\n1. a. dentrode\n  b. em\n2. a. interior\n  b. interno
insidious	/insidiəs/\n\ninsidioso
insidiously	[adverb]\ninsidiosamente
insight	[s]\n\n1. a. discernimento\n  b. percepção\n2. sexto sentido
insightful	[adjective]\n\n1. claro\n2. explícito\n3. com clareza
insignia	/insigniə/\n\ninsígnia
insignificant	/insignifikənt/\n\ninsignificante
insincerity	[s]\n\n1. falsidade\n2. falta de sinceridade
insinuate	[vt]\ninsinuar
insinuation	[s]\ninsinuação
insist	/insist/\n\n1. insistir\n2. instar
insolence	atrevimento
insolent	[adjective]\ninsolente
insomnia	[s]\ninsônia
inspect	/inspekt/\n\n1. fiscalizar\n2. inspecionar\n3. vistoriar
inspection	/inspekʃən/\n\ninspeção
inspector	/inspektər/\n\n1. inspector\n2. inspetor
inspiration	/inspəreiʃən/\n\ninspiração
inspire	/inspaiər/\n\n1. incutir\n2. infundir\n3. inspirar
inspiring	/inspaiəriŋ/\n\nsugestivo
instability	[s]\ninstabilidade
install	instalar
installation	instalação
installer	[s]\ninstalador
instalment	/insteilmənt/\n\nanuidade
instant	/instənt/\n\n1. instante\n2. momento
instantaneous	[adjective]\ninstantâneo
instantly	/instəntliː/\n\n1. instantaneamente\n2. imediatamente\n3. sem delonga
instead	/instid/\n\nao invés de
instead of	/instidɔf/\n\n1. em lugar de\n2. em vez de\n3. por
instigate	/instigeit/\n\n1. impelir\n2. incitar\n3. instigar
instigation	[s]\ninstigação
instinct	/instiŋkt/\n\ninstinto
institute	/institjuːt/\n\ninstituto
institution	/institjuːʃən/\n\ninstituição
instruct	[vt]\ninstruir
instruction	/instrʌkʃən/\n\ninstrução
instructor	/instrʌktər/\n\n1. mestre\n2. professor
instrument	/instrumənt/\n\ninstrumento
instrumental	[adjective]\ninstrumental
insubordinate	/insəbɔːdineit/\n\nrebelde
insufficiency	[s]\ninsuficiência
insufficient	[adjective]\ninsuficiente
insulate	/insjulət/\n\n[vt]\n\n1. ilhar\n2. insular\n3. isolar
insulator	/insjuleitər/\n\n[s]\nisolador
insulin	[s]\ninsulina
insult	/insʌlt/\n\n[s]\n[vt]\n\n1. a. injúria\n  b. insulto\n2. a. injuriar\n  b. insultar\n  c. ofender\n  d. ultrajar
insupportable	[adjective]\ninsuportável
insurance	/inʃeərəns/\n\n[s]\n\n1. seguro\n2. contrato de seguro
insurance policy	/inʃeərənspɔləsiː/\n\n[s]\napólice
insure	/inʃeər/\n\n1. garantir\n2. segurar\n3. assegurar
insurer	/inʃərər/\n\nsegurador
intact	[adjective]\nintacto
integral	/intigrəl/\n\n1. integral\n2. completo
integrate	[vt]\nintegrar
integration	integração
integrity	[s]\nintegridade
intellect	/intəlekt/\n\n1. intelecto\n2. inteligência
intellectual	/intəlektʃeəl/\n\n1. intelectual\n2. inteligente
intelligence	/intelidʒəns/\n\ninteligência
intelligent	/intelidʒənt/\n\ninteligente
intelligently	[adverb]\n\n1. inteligentemente\n2. de forma inteligente
intend	/intend/\n\n1. a. apontar\n  b. mirar\n  c. tender\n  d. teremvista\n  e. terporfim\n  f. visara\n2. a. intentar\n  b. pretender\n  c. tencionar
intense	/intens/\n\n1. forte\n2. intensivo\n3. intenso
intensely	intensamente
intensify	[vt]\n\n1. intensificar\n2. aumentar
intensity	[s]\n\n1. intensidade\n2. força\n3. veemência
intensive	/intensiv/\n\n[adjective]\n\n1. forte\n2. intensivo\n3. intenso
intensive care unit	[s]\nunidade de tratamento intensivo (UTI)
intention	/intenʃən/\n\nintenção
intentional	/intenʃənl/\n\nintencional
intentionally	[adverb]\n\n1. intencionalmente\n2. de forma intencional
inter	/intər/\n\n1. enterrar\n2. sepultar
interact	[vt]\ninteragir
interaction	interação
interactive	[adjective]\ninterativo
interactively	[adverb]\n\n1. interativamente\n2. de forma interativa
intercede	/intəsiːd/\n\ninterceder
interception	[s]\nintercepção
intercessor	/intəsesər/\n\nadvogado
interchange	/intətʃeindʒ/\n\n1. permutar\n2. trocar
interchangeable	[adjective]\nintercambiável
intercostal	[adjective]\n\n1. intercostal\n2. entre as costelas
intercostal space	[s]\nespaço intercostal
interdependency	[s]\ninterdependência
interdependent	[adjective]\ninterdependente
interdiction	[s]\ninterdição
interest	/intrəst/\n\n1. interesse\n2. a. juros\n  b. renda\n  c. renda de capital\n3. interessar
interesting	/intrəstiŋ/\n\n1. interessante\n2. a. curisoso\n  b. notável\n  c. singular
interface	[s]\ninterface
interfere	[vt]\ninterferir
interfere with	/intəfiərwið/\n\n1. causarperturbação\n2. perturbar
interference	/intəfiərəns/\n\nperturbação
interior	/intiəriər/\n\ninterior
intermediate	[adjective]\nintermediário
intermission	/intəmiʃən/\n\n1. pausa\n2. suspensão
intermittent	/intəmitnt/\n\nintermitente
intermodulation	[s]\nintermodulação
intermolecular	[adjective]\nintermolecular
intern	[s]\n[vt]\n[vi]\n\n1. a. interno\n  b. aluno de um internato\n2. internar\n3. confinar\n4. refugiar\n5. fazer um internato
internal	/intəːnl/\n\n1. interior\n2. interno
internal combustion engine	/intəːnlkəmbʌstʃənendʒin/\n\nmotordeexplosão
internally	internamente
international	/intənæʃənl/\n\ninternacional
internationalisation	[s]\ninternacionalização
internationalism	[s]\ninternacionalismo
internationally	[adverb]\ninternacionalmente
internship	[s]\ninternato
interoperate	[vt]\n\n1. interoperar\n2. operar entre si
interpose	[vt]\ninterpor
interpret	/intəːprit/\n\n1. entender\n2. interpretar\n3. traduzir
interpretation	/intəːpriteiʃən/\n\ninterpretação
interpreter	/intəːpritər/\n\nintéprete
interpunction	/intəpʌŋkʃən/\n\npontuação
interrelationship	[s]\n\n1. interrelação\n2. interrelacionamento
interrogate	/interəgeit/\n\ninterrogar
interrupt	/intərʌpt/\n\ninterromper
interruption	[s]\ninterrupção
intersection	[s]\n\n1. intersecção\n2. cruzamento
interval	/intəvəl/\n\nintervalo
intervene	/intəviːn/\n\nintervir
interview	/intəvjuː/\n\n1. entrevistar\n2. entrevista
interviewer	[s]\nentrevistador
intestinal	[adjective]\n\n1. intestinal\n2. do intestino
intestine	/intestin/\n\nintestino
intimate	/intimət/\n\n1. familiar\n2. íntimo\n3. particular\n4. privado
intimately	[adverb]\n\n1. intimamente\n2. com intimidade
intimation	[s]\nintimação
into	/intə/\n\n1. dentrode\n2. em
intolerable	[adjective]\nintolerável
intolerably	[adverb]\n\n1. intoleravelmente\n2. de forma intolerável
intolerance	[s]\nintolerância
intontation	[s]\nentonação
intoxicate	[vt]\n\n1. intoxicar\n2. embriagar
intoxicated	/intɔksikeitid/\n\n1. bêbado\n2. embriagado\n3. ébrio
intracellular	[adjective]\nintracelular
intracranial	[adjective]\nintracraniano
intractable	[adjective]\n\n1. a. intratável\n  b. desobediente\n2. não governável
intramural	[adjective]\nintramural
intravascular	[adjective]\nintravascular
intravenous	[adjective]\nintravenoso
intrepid	/intrepit/\n\n1. audaz\n2. arriscado\n3. ousado
intrigue	/intriːg/\n\n1. enredar\n2. intrigar
introduce	/intrədjuːs/\n\n1. apresentar\n2. oferecer
introducer	[s]\nintrodutor
introduction	introdução
introductory	[adjective]\nintrodutório
introspection	[s]\nintrospecção
intrude	/intruːd/\n\nmeter o nariz em assunto alheio
intrusion	[s]\nintrusão
intrust	[vt]\nconfiar algo a alguém
intubation	[s]\nintubação
intuitive	intuitivo
intuitively	intuitivamente
inundation	[s]\ninundação
inutility	[s]\ninutilidade
invade	/inveid/\n\ninvadir
invalid	[adjective]\ninválido
invaluable	[adjective]\n\n1. sem valor\n2. inestimável\n3. impagável
invariably	invariavelmente
invariant	[adjective]\n\n1. invariável\n2. constante
invasion	/inveiʒn/\n\ninvasão
invasive	[adjective]\ninvasivo
invent	/invent/\n\ninventar
invention	/invenʃən/\n\ninvenção
inventor	/inventər/\n\ninventor
inventory	/invəntriː/\n\n1. arrolamente\n2. inventário
inversion	[s]\ninversão
inverted comma	/invəːtidkɔmə/\n\naspas
investigate	/investigeit/\n\n1. buscar\n2. escavar\n3. explorar\n4. investigar\n5. pesquisar
investigation	/investigeiʃən/\n\n1. a. exame\n  b. prova\n  c. teste\n2. a. inquérito\n  b. investigação\n  c. sindicância
investment	[s]\ninvestimento
inveterate	[adjective]\ninveterado
invincible	/invinsəbl/\n\ninvencível
inviolable	[adjective]\ninviolável
invisible	[adjective]\ninvisível
invitation	/inviteiʃən/\n\n[s]\nconvite
invite	/invait/\n\n1. convidar\n2. invitar
invite tenders for	/invaittendəzfər/\n\nadjudicar
invocation	[s]\ninvocação
invoice	/invɔis/\n\n1. facturar\n2. a. factura\n  b. nota
invoke	/invouk/\n\n1. apelar\n2. chamar\n3. invocar
involve	[vt]\nenvolver
involvement	[s]\nenvolvimento
invulnerable	[adjective]\ninvulnerável
iodine	/aiədiːn/\n\n[s]\niodo
ipsilateral	[adjective]\n\n1. ipsilateral\n2. do mesmo lado
Iran	/irɑːn/\n\n[s]\nIrã
Iranian	/ireiniən/\n\niraniano
Ireland	/aiələnd/\n\n[s]\nIrlanda
Irish	/airiʃ/\n\nirlandês
Irishman	/airiʃmən/\n\nirlandês
iron	/aiən/\n\n[s]\n[adjective]\n[vt]\n\n1. ferro\n2. a. ferro de engomar\n  b. ferro de passar roupa\n3. férreo\n4. a. engomar\n  b. passar a ferro
iron clothes	/aiənklouðz/\n\n1. engomar\n2. passar a ferro
ironic	/airɔnik/\n\n[adjective]\nirônico
ironically	[adverb]\n\n1. ironicamente\n2. de forma irônica
ironing board	/aiərəniŋbɔːd/\n\ntábua de passar roupa
irony	/aiərəniː/\n\n[s]\nironia
irrecoverable	[adjective]\nirrecuperável
irrefutability	[s]\nirrefutabilidade
irrefutable	[adverb]\nirrefutável
irrefutably	[adverb]\n\n1. irrefutavelmente\n2. de forma irrefutável
irregular	[adjective]\nirregular
irrelevant	[adjective]\nirrelevante
irreparable	[adjective]\nirreparável
irresistible	/irizistəbl/\n\n[adjective]\nirresistível
irresistibly	[adverb]\nirresistivelmente
irrestible	[adjective]\nirresistível
irreversible	[adjective]\nirreversível
irreversibly	[adverb]\nirreversivelmente
irrevocable	[adjective]\nirrevogável
irrigate	/irigeit/\n\n[vt]\n\n1. irrigar\n2. molhar
irritability	[s]\nirritabilidade
irritation	[s]\nirritação
ischaemic	[adjective]\nisquêmico
ischemia	[s]\nisquemia
ischemic	[adjective]\nisquêmico
Islam	/izlɑːm/\n\n[s]\n\n1. islã\n2. islamismo\n3. maometismo
Islamic	/izlæmik/\n\nislâmico
island	/ailənd/\n\n[s]\nilha
isoenzyme	[s]\nisoenzima
isoimmunization	[s]\nisoimunização
isolate	/aisələt/\n\n[vt]\n\n1. ilhar\n2. insular\n3. isolar
isolated	/aisəleitid/\n\n[adjective]\nisolado
isolation	[s]\nisolamento
Israel	/izreil/\n\n[s]\nIsrael
Israelite	/izrilit/\n\nisraelita
issue	/iʃuː/\n\n[s]\n[vt]\n\n1. a. questão\n  b. tema\n2. fascículo\n3. a. editar\n  b. emitir\n  c. proferir\n  d. publicar\n4. proclamar
IT	[s]\ntecnologia da informação\n\n/it/\n\n[pronoun]\nisto
it doesn't matter	/itdountmætər/\n\n1. não importa\n2. pouco importa
Italian	/itæliən/\n\nitaliano
italic	[adjective]\nitálico
Italy	/itəliː/\n\n[s]\nItália
itch	/itʃ/\n\n1. a. coceira\n  b. comichão\n  c. prurido\n2. a. dar coceira\n  b. estar com coceira\n  c. formigar\n  d. prurir
itching	[s]\n\n1. comichão\n2. coceira\n3. prurido
item	/aitəm/\n\n[s]\n\n1. item\n2. elemento
its	/its/\n\n1. seu\n2. sua
itself	/itself/\n\n1. si mesmo\n2. próprio
ivory	/aivəriː/\n\n1. ebúrneo\n2. marfim
Ivory Coast	/aivəriːkoust/\n\nCosta do Marfim
ivy	/aiviː/\n\n1. hera\n2. trepadeira
jack	/dʒæk/\n\n1. a. gaiato\n  b. galopim\n2. macaco
jackal	/dʒækɔːl/\n\nchacal
jacket	/dʒækit/\n\n1. casaco\n2. jaqueta\n3. paletó
jade	/dʒeid/\n\njade
jaguaro	/dʒægərou/\n\n1. jaguar\n2. onça
jail	/dʒeil/\n\n1. cadeia\n2. prisão
jam	/dʒæm/\n\n1. compota\n2. bloquear
Jamaica	/dʒəmeikə/\n\nJamaica
January	/dʒænjuriː/\n\nJaneiro
Japan	/dʒəpæn/\n\nJapão
Japanese	/dʒæpəniːz/\n\n[s]\n[adjective]\njaponês
jargon	/dʒɑːgɔn/\n\n[s]\n\n1. calão\n2. gíria\n3. jargão
jaundice	[s]\nicterícia
Java	/dʒɑːvə/\n\nJava
jaw	/dʒɔː/\n\n[s]\n\n1. maxila\n2. queixada
jawbone	/dʒɔːboun/\n\n[s]\n\n1. maxila\n2. queixada
jaws	/dʒɔːz/\n\n1. a. fauce\n  b. goela\n2. a. abertura\n  b. boca
jealous	/dʒeləs/\n\n1. invejoso\n2. a. cioso\n  b. ciumento
jealousy	/dʒeləsiː/\n\nciúme
jeer at	/dʒiəreit/\n\n1. caçoar\n2. escarnecer\n3. zombar
Jehovah	/dʒihouvə/\n\nJeová
Jehovah's Witness	/dʒihouvəzwitnəs/\n\ntestemunhadeJeová
jennet	burra
jeopard	[vt]\n\n1. ameaçar\n2. arriscar
jeopardize	[vt]\n\n1. ameaçar\n2. arriscar
jeopardy	[s]\n[vt]\n\n1. ameaça\n2. risco\n3. ameaçar\n4. arriscar
jerk	merda
jest	/dʒest/\n\n1. brincar\n2. caçoar\n3. gracejar
jester	/dʒestər/\n\narlequim
jet plane	/dʒetplein/\n\naviãoajato
Jew	/dʒjuː/\n\njudeu
jewel	/dʒuːəl/\n\njóia
jeweller	/dʒuːələr/\n\njoalheiro
Jewish	/dʒuːiʃ/\n\n1. judaico\n2. judeu
jingle	/dʒiŋgl/\n\n1. a. tilintar\n  b. tinir\n  c. retinir\n2. tinido
jinks	[s]\nbrincadeira perversa
job	/dʒɔb/\n\n1. a. labor\n  b. trabalho\n2. a. cargo\n  b. emprego\n  c. lugar\n  d. ofício\n3. a. carga\n  b. empreitada\n  c. tarefa
jocular	/dʒɔkjulər/\n\n1. brincalhão\n2. gracejador
join	/dʒɔin/\n\n1. a. aderir\n  b. filiar-se\n  c. incorporar-se\n2. a. unir\n  b. reunir\n3. a. unir-se\n  b. reunir-se\n  c. associar-se\n4. a. amarrar\n  b. atar\n  c. ligar\n5. unificar
joint	/dʒɔint/\n\n[s]\n[adjective]\n\n1. a. junta\n  b. união\n2. encaixe\n3. articulação\n4. comum
joke	/dʒouk/\n\n1. a. brincar\n  b. caçoar\n  c. gracejar\n2. a. brincadeira\n  b. caçoada\n  c. chiste\n  d. gracejo\n  e. piada
jollity	[s]\nalegria
journal	/dʒəːnl/\n\njornal
journalist	/dʒəːnəlist/\n\njornalista
journey	/dʒəːniː/\n\n[s]\n\n1. jornada\n2. viagem
jovial	[adjective]\njovial
joy	/dʒɔi/\n\n1. alegria\n2. gozo
joyfully	[adverb]\n\n1. alegremente\n2. com prazer
joyfulness	[s]\nalegria
joystick	/dʒɔistik/\n\n1. guidão\n2. volante
jubilant	/dʒuːbilənt/\n\njubiloso
jubilation	/dʒuːbileiʃən/\n\njúbilo
jubilee	/dʒuːbiliː/\n\njubileu
Judaism	/dʒuːdeiizəm/\n\njudaísmo
judge	/dʒʌdʒ/\n\n1. julgar\n2. juiz
judgement	[s]\njulgamento
judgment	/dʒuːdgmənt/\n\n1. juízo\n2. julgamento\n3. sentença
judicial	[adjective]\njudicial
judicially	[adverb]\n\n1. judicialmente\n2. de forma judicial
judiciary	[s]\njudiciário
judiciously	[adverb]\n\n1. judiciosamente\n2. criteriosamente\n3. sensatamente
jug	/dʒʌg/\n\n1. a. bilha\n  b. cântaro\n  c. jarra\n2. a. panela\n  b. pote\n  c. vaso\n3. a. caixa\n  b. continente\n  c. jarro\n  d. vasilha
juggernaut	[s]\njamanta
juggle	/dʒʌgl/\n\n1. escamotear\n2. prestidigitar
juggler	/dʒʌglər/\n\nprestidigitador
jugular	[s]\n[adjective]\njugular
juice	/dʒuːs/\n\n1. seiva\n2. suco\n3. sumo
July	/dʒuːlai/\n\nJulho
jumbled up	/dʒʌmbldʌp/\n\n1. confuso\n2. vago
jump	/dʒʌmp/\n\n1. a. pular\n  b. saltar\n2. a. pulo\n  b. salto
junction	[s]\njunção
June	/dʒuːn/\n\nJunho
june bug	/dʒuːnbʌg/\n\nbesouro
jungle	/dʒʌŋgl/\n\n1. floresta\n2. mata\n3. selva
jurisdiction	[s]\njurisdição
jurisprudence	/dʒeərispruːdns/\n\n1. direito\n2. jurisprudência
jurist	/dʒeərist/\n\njurista
jury	[s]\njuri
just	/dʒʌst/\n\n1. a. eqüitativo\n  b. justo\n  c. reto\n2. a. não...mais que\n  b. só\n  c. somente\n  d. apenas\n3. a. directamente\n  b. imediatamente\n  c. sem demora\n4. a. comprecisão\n  b. exactamente\n  c. exatamente\n  d. justamente\n5. a. agora mesmo\n  b. neste instante
just now	/dʒʌstnau/\n\n1. agora mesmo\n2. neste instante
justice	/dʒʌstis/\n\njustiça
justification	[s]\njustificativa
justify	[vt]\njustificar
kangaroo	/kæŋgəruː/\n\ncanguru
keel	/kiːl/\n\nquilha
keen	/kiːn/\n\n1. ágil\n2. alerta\n3. animado\n4. bem disposto\n5. vivo
keep	/kiːp/\n\n1. a. criar\n  b. cultivar\n  c. melhorar\n2. a. guardar\n  b. velar\n  c. vigiar\n3. conservar\n4. observar\n5. a. cumprir\n  b. desempenhar\n6. a. salvar\n  b. poupar
keep an eye on	/kiːpæniːwʌn/\n\n1. espiar\n2. espionar
keep house	/kiːphaus/\n\nadministrarcasa
keep on	/kiːpwʌn/\n\n1. continuar\n2. durar\n3. permanecer\n4. prolongar-se
keeper	[s]\nguardião
kernel	/kəːnl/\n\n1. âmago\n2. caroço\n3. cerne\n4. núcleo
kerosene	/kerəsiːn/\n\nquerosene
kettle	/ketl/\n\n1. chaleira\n2. caldeirão
key	/kiː/\n\n1. a. gama\n  b. escala\n2. chave
key chain	[s]\nchaveiro
keyboard	[s]\nteclado
keyword	[s]\npalavra-chave
kibbutz	/kibʌts/\n\nkibboutz
kick	/kik/\n\n[s]\n[vt]\n\n1. a. chute\n  b. pontapé\n2. coice\n3. a. chutar\n  b. dar pontapé
kid	/kid/\n\n[s]\n[vt]\n\n1. criança\n2. cabrito\n3. a. brincar\n  b. fazer blague\n  c. mistificar por pilhéria
kidnap	[vt]\nsequestrar
kidney	/kidniː/\n\n[s]\nrim
kill	/kil/\n\n[vt]\nmatar
killer	[s]\n\n1. matador\n2. assassino
kiln	/kiln/\n\n[s]\n\n1. fogão\n2. forno
kilogram	[s]\nquilograma
kilometre	/kilɔmitər/\n\n[s]\nquilômetro
kind	/kaind/\n\n[s]\n[adjective]\n\n1. a. tipo\n  b. espécie\n  c. género\n  d. jaez\n  e. laia\n  f. qualidade\n2. a. afável\n  b. amável\n  c. bondoso\n  d. gentil\n  e. lhano\n3. a. atencioso\n  b. obsequioso
kindle	/kaindl/\n\nacender
kindly	[adjective]\n[adverb]\n\n1. a. benevolente\n  b. humano\n2. beneficente\n3. natural\n4. a. generosamente\n  b. gentilmente\n5. naturalmente
kindness	/kaindnəs/\n\n[s]\n\n1. afabilidade\n2. amabilidade\n3. fineza\n4. gentileza
king	/kiŋ/\n\n[s]\nrei
kingdom	/kiŋdəm/\n\n[s]\nreino
kingfisher	/kiŋfiʃər/\n\n[s]\n\n1. alcedo\n2. alcíone
kiss	/kis/\n\n[s]\n[vt]\n\n1. beijo\n2. beijar
kitchen	/kitʃin/\n\n[s]\ncozinha
kitten	/kitn/\n\n1. bichano\n2. gatinho
klaxon	/klæksn/\n\n1. buzina\n2. chifre\n3. corno
knapsack	/næpsæk/\n\n1. alforje\n2. mochila
knapwood	/næpwud/\n\ncentáurea
knee	/niː/\n\njoelho
knife	/naif/\n\nfaca
knight	/nait/\n\n1. cavaleiro\n2. cavalo
knit	/nit/\n\n1. fazer meias\n2. fazer rendas
knitting needle	/nitiŋniːdl/\n\nagulha de meia
knob	/nɔb/\n\n1. asa\n2. cabo
knock	/nɔk/\n\n1. bater\n2. golpear\n3. percutir
knock off	/nɔkɔf/\n\n1. debater\n2. discutir
knockout	maravilha
knot	/nɔt/\n\n1. encruzilhada\n2. laço\n3. nó\n4. vínculo
know	/nou/\n\n1. conhecer\n2. saber
know how	/nouhau/\n\n1. conhecimento\n2. a. conhecer\n  b. saber
know-how	[s]\n\n1. conhecimento adquirido\n2. tecnologia
knowledge	/nɔlidʒ/\n\nconhecimento
kook	maluco
Koran	/kərɑːn/\n\nAlcorão
Korea	/kəriə/\n\n1. Coreia\n2. Coréia
Korean	/kəriən/\n\ncoreano
kudos	1. glória\n2. fama
label	/leibl/\n\n1. dístico\n2. etiqueta\n3. marca\n4. rótulo
labor agreement	/læbərəgriːmənt/\n\ncontratodetrabalho
laboratory	/læbərətriː/\n\nlaboratório
laborer	/ləbɔːrər/\n\n1. obreiro\n2. operário\n3. trabalhador
labour	/leibər/\n\n1. daràluz\n2. parir\n3. ter
labour agreement	/leibərəgriːmənt/\n\ncontratodetrabalho
labour contract	/leibərkɔntrækt/\n\ncontratodetrabalho
labour-union	sindicato
labourer	/leibərər/\n\n1. obreiro\n2. operário\n3. trabalhador
labyrinth	[s]\nlabirinto
lace	/leis/\n\nrenda
lack	/læk/\n\n1. a. carência\n  b. falta\n2. a. não ter\n  b. ter falta de\n  c. ter carência de
lackluster	[adjective]\n\n1. sem brilho\n2. sem vitalidade
lacquer	/lækər/\n\n1. envernizar\n2. verniz
lacrimation	[s]\nlacrimejamento
lad	/leid/\n\n1. menino\n2. rapaz
ladder	/lædər/\n\n1. a. escada\n  b. escadademão\n2. escala
laddie	/lædiː/\n\n1. menino\n2. rapaz
lady	/leidiː/\n\n1. dama\n2. mulher\n3. senhora
Lady Day	/leidiːdei/\n\nAnunciação
lady help	/leidiːhelp/\n\nassistente
lady's mantle	/leidaizmæntl/\n\n1. a. alquemila\n  b. pé-de-leão\n2. pé-del-leão
ladybug	/leidibʌg/\n\ncoccinela
lagoon	/ləguːn/\n\nlaguna
lagophthalmos	[s]\nlagoftalmo
lair	cova
laity	[s]\n\n1. a massa leiga\n2. os fiés que não fazem parte do clero
lake	/leik/\n\nlago
Lake Aral	/leikærəl/\n\nAral
Lake Erie	Erié
Lake Eyre	Erié
lamb	/læm/\n\ncordeiro
lambast	[vt]\n\n1. desaprovar\n2. reprovar\n3. bater
lambda	[s]\nlambda
lame	/leim/\n\n[adjective]\n\n1. coxo\n2. manco\n3. capenga
lament	/læmənt/\n\n1. lamentar-se\n2. queixar-se
lamentable	[adjective]\nlamentável
lamentably	[adverb]\nlamentavelmente
lamentation	[s]\nlamentação
lamp	/læmp/\n\n1. lâmpada\n2. candeia
LAN	rede local (local area network)
land	/lænd/\n\n1. alcançaramargem\n2. a. aterrar\n  b. aterrissar\n3. a. país\n  b. terra\n4. a. chão\n  b. solo
landing-stage	1. ancoradouro\n2. cais de atracação
landless	[adjective]\nsem terra
landscape	/lændskeip/\n\npaisagem
lane	/lein/\n\nbeco
language	/læŋgwidʒ/\n\n1. idioma\n2. língua\n3. linguagem
lantern	/læntən/\n\nlanterna
Laos	/lɑːɔs/\n\nLaus
lap	/leip/\n\n1. bater\n2. estalar\n3. marulhar\n4. patinhar
laparoscopic	[ad]\nlaparoscópico
Lapland	/læpleind/\n\nLapônia
Laplander	/læpleindər/\n\n1. lapão\n2. lapônio
Lapp	/leip/\n\n1. a. lapão\n  b. lapônia\n2. lapônio
Lappish	/læpiʃ/\n\n1. lapão\n2. lapônia
lapse	/læps/\n\nrecair
lapsed	/læpst/\n\n1. caduco\n2. decrépito\n3. frágil
laptop	[s]\ncomputador portátil
larboard	[s]\n[adjective]\n\n1. bombordo\n2. a bombordo
larch	/lɑːtʃ/\n\nlárix
larder	/lɑːdər/\n\naparador
large	/lɑːdʒ/\n\n1. grande\n2. magno\n3. maiúsculo
largely	[adverb]\n\n1. largamente\n2. grandemente\n3. enormemente
largeness	[s]\nlargura
larger	maior
largest	[adjective]\no maior
lark	/lɑːk/\n\n1. calhandra\n2. cotovia\n3. laverca
larkspur	/lɑːkspəːr/\n\n1. delfínio\n2. esporeira\n3. espora-dos-jardins
larva	/lɑːvə/\n\nlarva
laryngitis	/lærindʒaitis/\n\nlaringite
laryngospasm	[s]\n\n1. laringoespasmo\n2. espasmo da laringe
larynx	/læriŋks/\n\nlaringe
lass	/læs/\n\n1. garota\n2. menina\n3. moça\n4. rapariga
last	/lɑːst/\n\n[adjective]\n[vi]\n\n1. último\n2. derradeiro\n3. em último lugar\n4. a. continuar\n  b. durar\n  c. permanecer\n  d. prolongar-se
last night	/lɑːstnait/\n\na noite passada
lasting	/lɑːstiŋ/\n\n[adjective]\n\n1. duradouro\n2. a. contínuo\n  b. constante\n  c. ininterrupto
lastly	[adverb]\n\n1. por fim\n2. por último
late	/leit/\n\n[adjective]\ntardio
lately	/lətəliː/\n\n[adverb]\n\n1. recentemente\n2. ultimamente
latency	[s]\nlatência
latent	[adjective]\nlatente
later	1. mais tarde\n2. posterior
laterally	[adverb]\nlateralmente
latest	1. último\n2. o mais recente
lath	/lɑːθ/\n\n1. ripa\n2. sarrafo
lathe	/lɑːð/\n\ntorno
latin	/lætin/\n\n[s]\n[adjective]\n\n1. latim\n2. latino
Latin America	/lætinəmerikə/\n\nAmérica Latina
latinate	[s]\n\n1. latino\n2. derivado ou imitando o Latim
latrine	/lətriːn/\n\n[s]\n\n1. latrina\n2. privada
Latvia	/lætviə/\n\nLetônia
Latvian	/lætviən/\n\nletão
laud	/lɔːd/\n\n1. a. glorificar\n  b. santificar\n2. a. elogiar\n  b. gabar\n  c. louvar
laugh	/lɑːf/\n\n1. riso\n2. a. rir\n  b. rir-se
laughable	[adjective]\n\n1. a. engraçado\n  b. divertido\n2. ridículo
laughter	/lɑːftər/\n\nriso
launch	[s]\n\n1. lançamento\n2. lancha\n3. lançar
launcher	[s]\nlançador
launching	[s]\nlançamento
laundry	/lɔːndriː/\n\n[s]\nlavanderia
laurel	/lɔrəl/\n\n1. louro\n2. loureiro
lava	/lɑːvə/\n\nlava
lavish	[adjective]\n[vt]\n\n1. a. extravagante\n  b. exuberante\n2. a. excessivo\n  b. generoso\n3. gastar excessivamente\n4. usar sem moderação
law	/lɔː/\n\n[s]\n\n1. lei\n2. a. direito\n  b. jurisprudência
lawless	/lɔːləs/\n\n[adjective]\n\n1. árdego\n2. desenfreado\n3. imoderado\n4. impetuoso
lawlessly	[adverb]\nilegalmente
lawn	/lɔːn/\n\n1. a. batista\n  b. cambraia\n2. gramado\n3. relva
lawsuit	/lɔːsuːt/\n\n[s]\n\n1. ação\n2. pleito\n3. processo
lawyer	/lɔːjər/\n\n[s]\n\n1. advogado\n2. jurista
laxative	/læksətiv/\n\nlaxativo
laxity	[adjective]\n\n1. fraqueza\n2. debilidade
lay	/lei/\n\n1. deitar\n2. estender
lay down	/leidaun/\n\n1. colocar\n2. meter\n3. pôr
lay hold of	/leihouldɔf/\n\n1. pegar\n2. tirar\n3. tomar
lay out	/leiaut/\n\n1. deitar\n2. desenvolver\n3. estender\n4. expor\n5. fazer cair
layer	/leiər/\n\n[s]\n\n1. camada\n2. estrato\n3. filão\n4. lençol
layman	/leimən/\n\n1. laico\n2. leigo
laypeople	[s]\n\n1. leigo\n2. pessoa leiga
laziness	/leizinəs/\n\n[s]\n\n1. preguiça\n2. indolência
lazy	/leiziː/\n\n[adjective]\n\n1. indolente\n2. mandrião\n3. negligente\n4. preguiçoso
lead	/led/\n\n[s]\n[adjective]\n[vt]\n\n1. liderança\n2. chumbo\n3. a. plúmbeo\n  b. de chumbo\n4. a. liderar\n  b. conduzir\n  c. dirigir\n  d. guiar
leader	/liːdər/\n\n[s]\n\n1. líder\n2. chefe\n3. diretor
leadership	[s]\nliderança
leading article	/lediŋɑːtikl/\n\nartigo de fundo
leaf	/liːf/\n\n[s]\nfolha
leaf through	/liːfθruː/\n\nfolhear
leaflet	/liːflit/\n\n[s]\n\n1. brochura\n2. opúsculo
league	/liːg/\n\n[s]\n\n1. aliança\n2. liga
leak	escoar
leakage	[s]\n\n1. escoamento\n2. derrame
lean	/liːn/\n\n[adjective]\n\n1. magro\n2. a. delgado\n  b. fino\n  c. delicado\n3. a. apoiar\n  b. arrimar\n  c. encostar\n  d. reclinar\n4. apoiar-se
leaner	[adjective]\n\n1. mais magro\n2. mais fino
leap	/liːp/\n\n[s]\n\n1. a. pulo\n  b. salto\n2. a. pular\n  b. saltar
leap-year	ano bissexto
learn	/ləːn/\n\naprender
learn of	/ləːnɔf/\n\ninformar-se
lease	/liːs/\n\narrendar
leather	/leðər/\n\n[s]\n[adjective]\n\n1. couro\n2. de couro
leave	/liːv/\n\n[s]\n[vt]\n[vi]\n\n1. licença\n2. abandonar\n3. a. legar\n  b. testar\n4. a. deixar\n  b. largar\n  c. permitir\n5. a. afastar-se\n  b. ausentar-se\n  c. partir\n  d. retirar-se
leave behind	/liːvbiːhaind/\n\n1. deixar\n2. transmitir
leave out	/liːvaut/\n\n1. deixar passar\n2. escapar\n3. omitir\n4. preterir
leave out of account	/liːvautɔfəkaunt/\n\n1. fingir ignorar\n2. não tomar conhecimento
Lebanese	/lebəniːz/\n\n[adjective]\nlibanês
Lebanon	/lebənən/\n\nLíbano
lectern	/lektən/\n\n[s]\n\n1. carteira\n2. estante
lector	/lektər/\n\n[s]\n\n1. professor\n2. professor universitário
lecture	/lektʃər/\n\n[s]\n\n1. a. aula\n  b. preleção\n2. fazer uma preleção
lecturer	/lektʃərər/\n\n[s]\n\n1. professor\n2. professor universitário
leech	[s]\nsanguessuga
leek	/liːk/\n\n[s]\nalho
left	/left/\n\n[s]\n[adjective]\n\n1. esquerda\n2. esquerdo\n3. canhoto
leg	/leg/\n\n[s]\nperna
legacy	[s]\n\n1. legado\n2. herança
legal	/liːgl/\n\n[adjective]\n\n1. legal\n2. lícito
legality	[s]\nlegalidade
legalization	[s]\nlegalização
legalize	[vt]\nlegalizar
legally	[adverb]\n\n1. legalmente\n2. pela lei
legend	/ledʒənd/\n\n[s]\nlenda
legendary	/ledʒəndriː/\n\n[adjective]\n\n1. legendário\n2. lendário
legible	/ledʒəbl/\n\n[adjective]\nlegível
legion	/lidʒən/\n\n[s]\nlegião
legionellosis	[s]\nlegionelose
legislate	[vi]\nlegislar
legislation	[s]\nlegislação
legislative	[adjective]\nlegislativo
legislator	[s]\nlegislador
legitimate	[adjective]\n[vt]\n\n1. legítimo\n2. legitimar
legitimation	[s]\nlegitimação
legitimize	/lidʒitimaiz/\n\n1. legalizar\n2. legitimar
leishmaniasis	[s]\nleishimaniose
leisure	[s]\n\n1. a. lazer\n  b. ócio\n2. a. desocupado\n  b. livre
lemon	/lemən/\n\nlimão
lemon-tree	limoeiro
lemonade	/lemənɑːd/\n\nlimonada
lend	/lend/\n\n1. emprestar\n2. dar por empréstimo
length	/leŋθ/\n\n[s]\n[vt]\n[vi]\n\n1. a. comprimento\n  b. extensão\n  c. longitude\n2. a. alongar\n  b. fazer mais comprido\n  c. fazer mais longo\n3. a. alongar-se\n  b. tornar-se mais comprido\n  c. tornar-se mais longo
lengthen	[vt]\n[vi]\n\n1. a. alongar\n  b. fazer mais comprido\n  c. fazer mais longo\n2. a. alongar-se\n  b. tornar-se mais comprido\n  c. tornar-se mais longo
lengthwise	/leŋθwaiz/\n\n1. ao comprido\n2. ao longo
lengthy	[adjective]\n\n1. prolongado\n2. comprido
lens	/lenz/\n\n1. lente\n2. lupa
lentil	/lentl/\n\nlentilha
leopard	/lepəd/\n\nleopardo
leper	/lepər/\n\nleproso
leprosy	/leprəsiː/\n\nlepra
leptospirosis	[s]\nleptospirose
lesion	[s]\nlesão
less	/les/\n\nmenos
less and less	/lesændles/\n\nmenosemenos
Lesser Antilles	/lesəræntilz/\n\nPequenasAntilhas
lesson	/lesn/\n\n1. aula\n2. ensinamento\n3. lição
let	/let/\n\n1. a. deixar\n  b. largar\n  c. permitir\n2. a. alugar\n  b. dar de aluguel
let know	/letnou/\n\n1. informar\n2. noticiar\n3. notificar
let's start	/letzstɑːt/\n\n1. comecemos\n2. vamos
lethal	[adjective]\nletal
lethargic	[adjective]\nletárgico
lethargy	/leθədʒiː/\n\nletargia
Lett	/let/\n\nletão
letter	/letər/\n\n1. epístola\n2. a. carta\n  b. missiva\n3. letra
letter of credit	/letərɔfkredit/\n\ncartadecrédito
letterbox	/letəbɔks/\n\n1. caixadecorreiro\n2. caixapostal
Lettish	/letiʃ/\n\nletão
lettuce	/letis/\n\nalface
leukocyte	[s]\nleucócito
leukopenia	[s]\nleucopenia
level	/levəl/\n\n1. a. chão\n  b. chato\n  c. plano\n  d. raso\n2. a. aplanar\n  b. alisar\n  c. nivelar\n3. a. igual\n  b. parelho\n4. a. acertar\n  b. ajustar\n  c. igualar\n5. horizontal\n6. nível
level crossing	/levəlkrɔsiŋ/\n\npassagemdenível
lever	/liːvər/\n\n[s]\n[vt]\n\n1. alavanca\n2. a. elevar\n  b. erguer\n  c. suspender
levity	[s]\nleveza
levy	[s]\n\n1. imposto\n2. tributo\n3. cobrança
lewd	/ljuːd/\n\n1. devasso\n2. impudico\n3. lascivo
liability	[s]\n\n1. responsabilidade\n2. obrigações
liable	[adjective]\n\n1. sujeito a\n2. capaz de\n3. possível de
liberal	/librəl/\n\nliberal
liberality	[s]\nliberalidade
libertine	[adjective]\nlibertino
liberty	[s]\nliberdade
librarian	/laibrɛəriən/\n\nbibliotecário
library	/laibrəriː/\n\nbiblioteca
licence	/laisns/\n\nlicença
license	/laisns/\n\nlicença
licentious	/laisenʃəs/\n\n1. árdego\n2. desenfreado\n3. imoderado\n4. impetuoso
lichenification	[s]\nliquenificação
licit	lícito
lick	/lik/\n\nlamber
lid	/lid/\n\n1. capa\n2. cobertura\n3. tampa
lidocaine	[s]\nlidocaína
lie	/liː/\n\n[s]\n[vt]\n[vi]\n\n1. mentira\n2. a. posição\n  b. disposição\n3. a. estar deitado\n  b. estar situado\n  c. ficar\n  d. jazer\n4. mentir
lie down	/liːdaun/\n\n[vi]\n\n1. deitar-se\n2. estender-se
lie encamped	/liːinkæmpt/\n\nacampar
lieutenant	/laiətenənt/\n\ntenente
life	/laif/\n\n1. vida\n2. viver
life-belt	salva-vidas
life-boat	barcosalva-vidas
lifebelt	/laifbelt/\n\nsalva-vidas
lifecycle	[s]\nciclo de vida
lifeless	[adjective]\nsem vida
lifelong	[adjective]\npor toda vida
lifespan	[s]\n\n1. vida\n2. vida útil
lifestyle	[s]\nestilo de vida
lifetime	[s]\n\n1. vida\n2. duração de uma vida
lift	/lift/\n\n1. a. elevar\n  b. erguer\n  c. suspender\n2. levantar-se\n3. a. ascensor\n  b. elevador
ligament	[s]\nligamento
ligation	[s]\nligação
light	/lait/\n\n1. acender\n2. a. claro\n  b. luminoso\n  c. luzente\n3. luz\n4. a. débil\n  b. fraco\n5. ligeiro
light-headed	[adjective]\ntonto
light-switch	comutador
lighter	/laitər/\n\nfuzil
lighthouse	/laithaus/\n\nfarol
lightness	[s]\nleveza
lightning	/laitniŋ/\n\n1. corisco\n2. raio\n3. relâmpago
lightweight	[s]\n[adjective]\n\n1. peso-leve\n2. leve\n3. a. sem importância\n  b. supérfluo
likable	/laikəbl/\n\nestimável
like	/laik/\n\n1. como\n2. a. semelhante\n  b. similar\n  c. parecido\n3. a. estimar\n  b. gostar de\n  c. prezar
like that	/laikðæt/\n\n1. assim\n2. daquela maneira\n3. desta maneira\n4. deste modo
like this	/laikðaiz/\n\nde tal modo
likelier	[adjective]\n\n1. mais provável\n2. mais agradável\n3. a. mais semelhante\n  b. mais igual
likeliest	[adjective]\n\n1. o mais provável\n2. o mais agradável\n3. a. o mais semelhante\n  b. o mais igual
likelihood	[s]\nprobabilidade
likely	/laikliː/\n\nprovável
likeness	[s]\nsemelhança
likewise	/laikjuːiːz/\n\n1. a. ainda\n  b. idem\n  c. outrossim\n  d. também\n2. a. ídem\n  b. igualmente
lilac	/lailək/\n\nlilás
lily	/liliː/\n\nlírio
limb	/lim/\n\nmembro
lime	/laim/\n\ncal
lime-tree	tília
limelight	[s]\n\n1. a. fama\n  b. notoriedade\n2. luz de cálcio
limestone	[s]\ncalcário
limit	/limit/\n\n[s]\n[vi]\n\n1. a. limite\n  b. fronteira\n2. a. limitar\n  b. restringir\n  c. demarcar
limitation	[s]\nlimitação
limitless	[adjective]\nsem limites
limp	/limp/\n\n1. capengar\n2. coxear
linden-tree	tília
line	/lain/\n\n[s]\n[vt]\n\n1. linha\n2. a. delinear\n  b. delimitar\n3. a. fazer uma linha\n  b. alinhar\n4. a. revestir\n  b. encher
lineage	/liniidʒ/\n\n[s]\norigem
linen	/linin/\n\n[s]\n\n1. pano\n2. tela
lineseed oil	/lainiːsiːdɔil/\n\n[s]\nóleo de linhaça
linguist	/liŋgwist/\n\n[s]\n\n1. linguista\n2. lingüista
link	/liŋk/\n\n[s]\n[vt]\n[vi]\n\n1. a. ligação\n  b. âncora\n2. a. elo\n  b. argola\n3. a. ligar\n  b. montar\n  c. ancorar\n4. estar conectado
linoleum	/linouliəm/\n\n[s]\nlinóleo
Linux	[s]\n\n1. Sistema operacional semelhante ao UNIX sendo originalmente desenvolvido por Linus Torvalds a partir de 1991\n2. e que\n3. desde então\n4. vem se evoluindo graças à cooperação de vários volutários e empresas através da Internet.
lion	/laiən/\n\nleão
lioness	[s]\nleoa
lip	/lip/\n\nlábio
lipid	[s]\n\n1. lipídeo\n2. gordura
liposome	[s]\nlipossomo
lipstick	[s]\nbatom
liqueur	/likjeər/\n\nlicor
liquid	/likwid/\n\n[s]\n\n1. líquido\n2. fluido
liquidate	/likwideit/\n\n1. a. ajustar pagando\n  b. liquidar\n2. matar
liquor	/likər/\n\n[s]\n\n1. licor\n2. bebida alcoólica
Lisbon	/lizbən/\n\nLisboa
lisp	/lisp/\n\ncecear
list	/list/\n\n[s]\n[vt]\n\n1. lista\n2. listar
listen	/lisn/\n\n1. dar atenção a\n2. escutar\n3. ouvir
listener	/lisnər/\n\n1. aluno\n2. auditor\n3. ouvinte
lit	[adjective]\n[vt]\n\n1. iluminado\n2. acender
litany	/litəniː/\n\nladainha
liter	/litər/\n\nlitro
literal	/litərəl/\n\ntextual
literally	literalmente
literary	/litərəriː/\n\nliterário
literature	/litrətʃər/\n\nliteratura
Lithuania	/liθweiniə/\n\n[s]\nLituânia
Lithuanian	/liθweiniən/\n\n[s]\n[adjective]\nlituânio
litigate	/litigeit/\n\n1. acionar\n2. processar
litre	/liːtər/\n\nlitro
litter	[vt]\nbagunçar
little	/litl/\n\npequeno
little bird	/litlbəːd/\n\npassarinho
little brother	/litlbrʌðər/\n\nmaninho
little by little	/litlbiːlitl/\n\npoucoapouco
Little Red Ridinghood	/litlridraidiŋud/\n\nChapeuzinhoVermelho
Little Snow White	/litlsnouwait/\n\nBranca-de-Neve
little stick	/litlstik/\n\nbastonete
liturgy	/litədʒiː/\n\nliturgia
livable	[adjective]\nhabitável
live	/laiv/\n\n1. a. estarhospedado\n  b. habitar\n  c. morar\n2. viver
live through	/laivθruː/\n\n1. atravessar\n2. viver
lively	/laivliː/\n\n1. engraçado\n2. espirituoso
liver	/livər/\n\nfígado
livestock	/laivstɔk/\n\n1. gado\n2. rebanho
living room	/liviŋruːm/\n\nsala
living-room	sala
load	/loud/\n\n[s]\n[vt]\n\n1. a. carga\n  b. carregamento\n2. carregar\n3. a. estivar\n  b. pôr carga em
loadable	[adjective]\ncarregável
loaf	/louf/\n\n1. a. carga\n  b. carregamento\n2. pão
loan	/loun/\n\nemprestar
loath	[adjective]\n\n1. odioso\n2. aversivo\n3. desgostoso
loathe	/louð/\n\n1. abominar\n2. detestar\n3. ter nojo de
loathful	[adjective]\nnojento
loathing	[s]\n\n1. abominação\n2. execração\n3. ódio
loathly	[adverb]\n\n1. desgostosamente\n2. relutantemente
loathsome	[adjective]\n\n1. nauseante\n2. desgostoso\n3. ofensivo\n4. aversivo
lobe	lobo
lobster	/lɔbstər/\n\nlagosta
local	/loukl/\n\n1. local\n2. locativo
localize	[vt]\nlocalizar
locally	[adverb]\nlocalmente
locate	/loukeit/\n\n1. acomodar\n2. colocar
location	/loukeiʃən/\n\n1. local\n2. lugar\n3. paragem\n4. sítio
loch	/lɔk/\n\n1. fiorde\n2. lago
lock	/lɔk/\n\n1. fechadura\n2. fechar
locksmith	/lɔksmiθ/\n\nchaveiro
locus	[s]\nlocal
locust	/loukəst/\n\ngafanhoto
lodge	[vt]\nalojar
lofty	/lɔftiː/\n\n1. alto\n2. elevado\n3. eminente
log	[s]\n[vt]\n\n1. a. agenda\n  b. registro\n  c. diário\n2. a. registrar\n  b. colocar no registro\n  c. colocar no diário
logic	/lɔdʒik/\n\nlógica
logical	/lɔdʒikl/\n\nlógico
logical reasoning	/lɔdʒiklriːzniŋ/\n\nrazão
London	/lʌndən/\n\nLondres
loneliness	[s]\nsolidão
lonely	/lounliː/\n\nsolitário
long	/lɔŋ/\n\n1. comprido\n2. longo
long for	/lɔŋfər/\n\n1. darais\n2. suspirar\n3. ter saudades de
long-term	[s]\nlongo prazo
longer	[adjective]\n[adverb]\n\n1. a. maior\n  b. mais longo\n  c. mais comprido\n2. por mais tempo
longest	1. o mais longo\n2. o mais comprido
longevity	[s]\nlongevidade
longitude	/lɔndʒitjuːd/\n\nlongitude
longitudinally	[adverb]\nlongitudinalmente
look	/luk/\n\n1. a. aparência\n  b. aspecto\n  c. semblante\n2. olhadela\n3. a. representar\n  b. ter aparência de\n  c. ter aspecto de\n4. a. observar\n  b. mirar\n  c. olhar
look after	/lukɑːftər/\n\n1. a. guardar\n  b. velar\n  c. vigiar\n2. cuidar de criança
look askance	/lukæskəns/\n\n1. servesgo\n2. vesguear
look at	/lukeit/\n\n1. observar\n2. mirar\n3. olhar
look back	[vi]\nrecordar
look for	/lukfər/\n\n1. buscar\n2. investigar\n3. procurar
look in	[vt]\nencarar
look out	[vt]\nprocurar
looking-glass	espelho
lookup	[s]\n\n1. procura\n2. busca
loom	/luːm/\n\ntear
loop	/luːp/\n\n[s]\n\n1. a. alça\n  b. laço\n2. laçada\n3. malha
loose	/luːs/\n\n1. laxante\n2. laxativo
loosely	[adverb]\n\n1. de forma relaxada\n2. relaxadamente
loosen	[vt]\nsoltar
lord	/lɔːd/\n\n1. amo\n2. patrão\n3. senhor
lorry	/lɔriː/\n\ncaminhão
lose	/luːz/\n\nperder
loser	[s]\nperdedor
loss	/lɔs/\n\nperda
lost	[adjective]\n\n1. perdido\n2. desnorteado
lot	/lɔt/\n\n1. lote\n2. parcela
lottery	/lɔtəriː/\n\n[s]\n\n1. loteria\n2. rifa
lotus	/loutəs/\n\n[s]\nlótus
loud	/laud/\n\n1. alto\n2. forte
louder	[adjective]\n\n1. mais alto\n2. mais forte
loudly	/laudliː/\n\nemvozalta
loudness	[s]\n\n1. barulho\n2. gritaria
lounge	/laundʒ/\n\n1. saladevisitas\n2. salão
louse	/laus/\n\npiolho
lovable	/lʌvəbl/\n\n1. amável\n2. amorável
love	/lʌv/\n\n[s]\n[vt]\n[vi]\n\n1. a. amor\n  b. afeição\n2. a. amar\n  b. gostar muito\n3. apaixonar-se
loved	/lʌvd/\n\namado
loved one	/lʌvdwʌn/\n\n1. a. amada\n  b. namorada\n2. amado
lovely	/lʌvliː/\n\n1. a. agradável\n  b. ameno\n  c. aprazível\n2. a. belo\n  b. bonito\n  c. formoso\n  d. pulcro\n3. a. esplêndido\n  b. soberbo\n  c. sublime\n4. querido\n5. a. encantador\n  b. maravilhoso\n6. a. atraente\n  b. cativante\n  c. delicioso\n  d. fascinante
lover	/lʌvər/\n\n1. amante\n2. a. amada\n  b. namorada\n3. amado
loving	/lʌviŋ/\n\nqueama
low	/lou/\n\nbaixo
low relief	/louriliːf/\n\nbaixo-relevo
low tide	/loutaid/\n\nbaixamar
lower	/louər/\n\n[adjective]\n[vt]\n\n1. mais baixo\n2. abaixar
lower case letter	/louərkeisletər/\n\nminúscula
lower part of the body	/louərpɑːtɔfðboudiː/\n\n1. abdome\n2. barriga\n3. ventre
lower-arm	antebraço
lowercase	[adjective]\nminúsculo
lowest	o mais baixo
loyal	/lɔiəl/\n\n1. fiel\n2. leal
loyalty	[s]\n\n1. fidelidade\n2. lealdade
lubricant	lubrificante
lubrication	lubrificação
lucid	[adjective]\nlúcido
Lucifer	/luːsifər/\n\n1. Lucifer\n2. Satã\n3. Satanás
luck	/lʌk/\n\n1. a. destino\n  b. sina\n  c. sorte\n2. a. chance\n  b. ensejo
lucky	sortudo
lucrative	[adjective]\n\n1. lucrativo\n2. rentável
lues	[s]\n\n1. lues\n2. sífilis
luggage	/lʌgidʒ/\n\n1. bagagem\n2. embrulho
luggage-van	furgão
lukewarm	/luːkwɔːm/\n\n1. morno\n2. tépido
lull	/lʌl/\n\n1. embalar\n2. ninar
lullaby	/lʌləbai/\n\n1. acalento\n2. cantigadeninar
lumbar	[adjective]\nlombar
lumbosacral	[adjective]\nlombo-sacral
lumen	[s]\nlúmen
lump	/lʌmp/\n\n1. a. bola\n  b. torrão\n2. fragmento\n3. a. conjunto\n  b. massa\n4. a. bocado\n  b. pedaço\n  c. naco
lunar	/luːnər/\n\nlunar
lunatic	/luːnətik/\n\nlouco
lunch	/lʌntʃ/\n\n1. merenda\n2. lanche
lung	/lʌŋ/\n\npulmão
lungwort	/lʌŋgət/\n\npulmonária
lure	/leər/\n\n1. atrair\n2. engodar\n3. seduzir
lurid	/leərid/\n\nsensacional
lust	/lʌst/\n\n1. a. ardor\n  b. paixão\n2. a. sensualidade\n  b. volúpia
lute	/luːt/\n\nalaúde
lutheran	[adjective]\nluterano
luxurious	/lʌkʃəriəs/\n\n1. luxuoso\n2. luxuriante
luxury	/lʌkʃəriː/\n\n1. luxúria\n2. luxo
lying-in woman	parturiente
lyisis	[s]\nlise
lymphadenopathy	[s]\nlinfadenopatia
lymphocyte	[s]\nlinfócito
lymphocytosis	[s]\nlinfocitose
lymphoma	[s]\nlinfoma
lymphoproliferative	[adjective]\nlinfoproliferativo
lyric	/lirik/\n\n1. letra\n2. teor\n3. texto
lysosome	[s]\nlisossomo
macaw	/məkɔː/\n\narara
mach	/mɑːk/\n\nMach
machine	/məʃiːn/\n\nmáquina
machinery	/məʃiːnəriː/\n\n[s]\n\n1. maquinário\n2. maquinaria\n3. mecanismo\n4. dispositivo
mackerel	/mækrəl/\n\ncavala
macrophage	[s]\nmacrófago
maculate	[vt]\nmacular
mad	/meid/\n\n1. a. insano\n  b. louco\n2. a. hidrofóbico\n  b. raivoso
madam	/mædəm/\n\n1. dama\n2. senhora
madly	[adverb]\nloucamente
madman	[s]\nmaluco
madness	[s]\nloucura
maestro	/maistrou/\n\nmestre
magazine	/mægəziːn/\n\n1. a. gazeta\n  b. folha\n2. revista
magic	/mædʒik/\n\n[s]\n[adjective]\n\n1. mágica\n2. mágico
magical	/mædʒikl/\n\n[adjective]\n\n1. mágico\n2. que tem efeito extraordinário
magically	[adverb]\nde forma mágica
magician	/mədʒiʃən/\n\n[s]\n\n1. ilusionista\n2. mágico
magnanimous	/mægnæniməs/\n\n1. brioso\n2. magnânimo
magnesium	magnésio
magnet	/mægnit/\n\n1. ímã\n2. magnete
magnetic	/mægnetik/\n\nmagnético
magnetism	/mægnitizəm/\n\nmagnetismo
magnifying glass	/mægnifaiiŋglɑːs/\n\nlupa
magnitude	[s]\nmagnitude
maid	/meid/\n\n1. criada\n2. a. arrumadeira\n  b. camareira\n  c. criada de quarto
maidenhair	/meidənhɛər/\n\navenca
mail	/meil/\n\ncorreio
mailbox	/meilbɔks/\n\n1. caixadecorreiro\n2. caixapostal
mailman	/meilmæn/\n\ncarteiro
main	/mein/\n\n1. básico\n2. capital\n3. principal
mainland	/meinlənd/\n\ncontinente
mainly	/meinliː/\n\n1. em especial\n2. principalmente\n3. sobretudo
mainstay	[s]\n\n1. principal apoio\n2. suporte principal
mainstream	[s]\n\n1. fluxo principal\n2. pensamento predominante
maintain	/meintein/\n\n1. argumentar\n2. a. conservar\n  b. guardar
maintainer	[s]\nmantenedor
maintainership	[s]\nmanutenção
maintenance	[s]\nmanutenção
maize	/meiz/\n\nmilho
majestic	/mədʒestik/\n\n1. majestoso\n2. soberbo
majesty	/mædʒəstiː/\n\n1. majestade\n2. títulogeraldecortesia
major	/meidʒər/\n\n1. maior\n2. a. básico\n  b. capital\n  c. principal
majority	/mədʒɔritiː/\n\n[s]\n\n1. maioria\n2. maioridade
make	/meik/\n\n1. fazer\n2. formar\n3. executar
make a contract	/meikəkɔntrækt/\n\n1. ajustar\n2. fretar\n3. contratar
make a draft	/meikədrɑːft/\n\nsacar
make a mistake	/meikəmisteik/\n\n1. cairemerro\n2. enganar-se\n3. equivocar-se\n4. errar
make a noise	/meikənɔiz/\n\n1. farfalhar\n2. fazerbarulho
make a note	/meikənout/\n\n1. escrevernotasobre\n2. tomarnotade
make a project of	/meikəprədʒektɔf/\n\n1. planejar\n2. projetar
make a stroke	/meikəstrouk/\n\n1. riscar\n2. traçar
make a will	/meikəwil/\n\ntestar
make an offer of	/meikænɔfərɔf/\n\noferecer
make available	/meikəveiləbl/\n\ndisponibilizar
make clean	/meikkliːn/\n\n1. assear\n2. limpar\n3. purificar
make fast	/meikfɑːst/\n\n1. aprazar\n2. cravar\n3. determinar\n4. fixar
make for	/meikfər/\n\n1. dirigir-sea\n2. encaminhar-separa
make fun of	/meikfənɔf/\n\n1. caçoar\n2. escarnecer\n3. zombar
make glad	/meikglæd/\n\n1. alegrar\n2. contentar\n3. darprazer
make inroads into	consumir parte de
make love	/meiklʌv/\n\namarsexualmente
make music	/meikmjuːzik/\n\nmusicar
make smooth	/meiksmuːθ/\n\n1. alisar\n2. polir
make up	/meikʌp/\n\n1. a. compor\n  b. constituir\n  c. estabelecer\n2. maquilar\n3. maquilagem
make up one's mind	/meikʌpwʌnzmaind/\n\n1. decidir-se\n2. tomarumaresolução
make use of	/meikjuːzɔf/\n\n1. utilizar\n2. a. empregar\n  b. servir-sede\n  c. usar
make war	/meikər/\n\n1. combatar\n2. fazercampanha\n3. guerrear
make-up	maquilagem
makeshift	[s]\n[adjective]\n\n1. substituto\n2. a. temporário\n  b. provisório
makeup	[s]\n\n1. composição\n2. constituição\n3. a. maquiagem\n  b. cosmético
making	/meikiŋ/\n\n1. fabricação\n2. fabrico
malaise	1. mal-estar\n2. indisposição
malaria	/məlɛəriə/\n\nmalária
Malaysia	/məleiziə/\n\nMalásia
male	/meil/\n\n1. macho\n2. masculino\n3. varonil
malfunction	/mælfʌŋkʃən/\n\nenguiçar
malicious	/məliʃəs/\n\n1. malicioso\n2. malvado\n3. perverso
malignancy	[s]\nmalignidade
mam	/mɑːm/\n\n1. mamãe\n2. mãezinha
mammal	/mæml/\n\nmamífero
mammalian	[adjective]\nmamífero
mammy	/mæmiː/\n\n1. mamãe\n2. mãezinha
man	/mein/\n\n1. homem\n2. varão
man of genius	/meinɔfdʒiːniəs/\n\ngênio
manage	/mænidʒ/\n\n1. a. administrar\n  b. gerenciar\n  c. gerir\n  d. reger\n2. a. dirigir\n  b. encaminhar\n  c. governar\n  d. guiar\n3. administrar casa
manageable	[adjective]\n\n1. a. administrável\n  b. gerenciável\n2. manipulável
management	/mænidʒmənt/\n\n[s]\n\n1. manuseio\n2. a. administração\n  b. gerenciamento
manager	/mænidʒər/\n\n1. a. administrador\n  b. gerente\n2. a. diretor\n  b. regente\n3. gerenciador
mandate	/mændeit/\n\nmandato
mandatory	[adjective]\n\n1. mandatório\n2. obrigatório
maneuver	/mænvər/\n\nmanobra
manger	/meindʒər/\n\ncocho
mangle	1. calandra\n2. a. mutilar\n  b. lacerar
mangosteen	/mæŋgəstiːn/\n\nmangostão
mangrove	[s]\nmangue
manifacture	/mænifæktʃər/\n\n1. fabricação\n2. fabrico
manifest	/mænifest/\n\n1. a. declarar\n  b. manifestar\n2. manifesto
manifestation	[s]\nmanifestação
manipulate	/mənipjuleit/\n\n1. manejar\n2. manipular
manipulation	manipulação
manipulator	[s]\nmanipulador
mankind	/mænkaind/\n\nhumanidade
manner	/mænər/\n\n1. forma\n2. maneira\n3. modo
manoeuvre	/mənuːvər/\n\n1. manobrar\n2. manobra
mansion	/mænʃən/\n\nmansão
mantle	/mæntl/\n\ncapa
mantra	[s]\nmantra
manual	manual
manually	[adverb]\nmanualmente
manufacture	/mænjufæktʃər/\n\nfabricar
manure	/mənjeər/\n\n1. esterco\n2. estrume
manuscript	/mænjuskript/\n\nmanuscrito
many	/meniː/\n\nmuitos
map	/meip/\n\n1. cartão\n2. mapa
maple	/meipl/\n\n1. ácer\n2. bordo\n3. roble
marasmus	[s]\nmarasmo
marble	/mɑːbl/\n\n1. glóbulo\n2. marmóreo\n3. mármore
march	/mɑːtʃ/\n\n[s]\n[vi]\n\n1. marcha\n2. março\n3. a. andar\n  b. caminhar\n  c. marchar
march off	/mɑːtʃɔf/\n\n[vi]\n\n1. andar\n2. decorrer\n3. passar-se
Marcus	/mɑːkəs/\n\nMarco
margin	/mɑːdʒin/\n\n[s]\nmargem
marginal	[adjective]\nmarginal
marguerite	/mɑːgəriːt/\n\nmargarida
marijuana	[s]\nmaconha
marionette	/mæriənet/\n\n1. fantoche\n2. marionete
mark	/mɑːk/\n\n1. a. assinalar\n  b. marcar\n2. a. marca\n  b. sinal\n3. marco\n4. a. aceno\n  b. signo\n5. ponto\n6. estampar
marker	[s]\nmarcador
market	/mɑːkit/\n\n1. bazar\n2. feira\n3. mercado
marketplace	/mɑːkitpleis/\n\nmercado
marmelade	/mɑːməleid/\n\ncompota
marriage	/mæridʒ/\n\n1. casamento\n2. matrimônio
married	/mærid/\n\ncasado
married people	/mæridpiːpl/\n\nesposo e esposa
marrow	[s]\nmedula
marry	/mæriː/\n\n1. casar\n2. casar-se
Mars	/mɑːz/\n\nMarte
marsh	/mɑːʃ/\n\n1. brejo\n2. lodaçal\n3. pântano
martial	/mɑːʃl/\n\nbelicoso
martyr	/mɑːtər/\n\nmártir
marvel	/mɑːvəl/\n\n1. admirar-se\n2. estranhar
marvel at	/mɑːvəleit/\n\n1. admirar-se\n2. estranhar
marvelous	[adjective]\nmaravilhoso
Mary	/mɛəriː/\n\nMário
masculine	/mæskjulin/\n\n1. macho\n2. masculino\n3. varonil
mask	/mɑːsk/\n\n1. máscara\n2. mascarar
masochist	[s]\nmasoquista
Mason	/meisn/\n\nmaçom
masonic	/məsɔnik/\n\nmaçônico
mass	/mæs/\n\n1. a. acervo\n  b. acúmulo\n  c. chusma\n  d. cúmulo\n  e. montão\n  f. multidão\n  g. pilha\n  h. ruma\n2. a. conjunto\n  b. massa\n3. missa
mass produce	/mæsprədjuːs/\n\nproduzir em grande quantidade
massacre	/mæsəkər/\n\n1. massacrar\n2. a. carnificina\n  b. massacre
Massacre of Saint Bartholomew	/mæsəkərɔfseintbɑːθɔləmjuː/\n\nNoitedeSãoBartolomeu
massage	/mæsidʒ/\n\n1. massagear\n2. a. fricção\n  b. massagem
massive	/mæsiv/\n\n1. compacto\n2. maciço
mast	/mɑːst/\n\n1. mastro\n2. pau
master	/mɑːstər/\n\n[s]\n[vt]\n\n1. mestre\n2. dominar\n3. se tornar mestre em
masturbate	[vt]\nmasturbar
masturbation	[s]\nmasturbação
match	/mætʃ/\n\n1. a. fósforo\n  b. palito de fósforo\n2. a. jogo\n  b. partida\n  c. encontro esportivo de dois atletas ou times\n3. igual\n4. a. casar\n  b. emparelhar\n5. a. igualar\n  b. combinar\n6. pedir em casamento
match-make	pedir em casamento
matchless	[adjective]\n\n1. incomparável\n2. sem comparação
material	/mətiəriəl/\n\nmaterial
maternal	maternal
maternity	[s]\nmaternidade
mathematical	/mæθəmætikl/\n\nmatemático
mathematician	/mæθəmətiʃən/\n\nmatemático
mathematics	/mæθəmætiks/\n\nmatemática
matrimony	/meitriməniː/\n\n1. casamento\n2. matrimônio
matter	/mætər/\n\n1. a. assunto\n  b. caso\n  c. causa\n  d. negócio\n  e. questão\n  f. matéria\n2. a. substância\n  b. coisa
mattress	/mætrəs/\n\ncolchão
mature	/mətjeər/\n\n1. maduro\n2. sazonado
maturity	[s]\nmaturidade
matutinal	[adjective]\n\n1. matutino\n2. de manhã\n3. pela manhã
matzo	/mæsou/\n\n1. hóstia\n2. pãoázimo
maw	/mɔː/\n\n1. abertura\n2. boca\n3. goela
maxim	/mæksim/\n\n1. adágio\n2. conceito\n3. sentença
maximize	[vt]\nmaximizar
maximum	/mæksiməm/\n\n[adjective]\nmáximo
may	/mei/\n\n[s]\n[vt]\n\n1. maio\n2. poder
maybe	/meiib/\n\n1. talvez\n2. acaso\n3. por ventura\n4. possivelmente
mayhap	/meiieip/\n\n1. acaso\n2. por ventura\n3. possivelmente\n4. talvez
mayor	/mɛər/\n\n[s]\nprefeito
meadow	/medou/\n\nprado
meager	/miigər/\n\n[adjective]\n\n1. magro\n2. miserável
meal	/miːl/\n\n[s]\n\n1. a. comida\n  b. refeição\n2. farinha
mealies	/miːliz/\n\nmilho
mean	/miːn/\n\n[s]\n[adjective]\n[vt]\n\n1. a. centro\n  b. meio\n  c. metade\n2. a. central\n  b. mediano\n  c. médio\n3. a. intentar\n  b. pretender\n  c. tencionar\n4. a. denotar\n  b. querer dizer\n  c. significar
meaning	/miːniŋ/\n\n[s]\n\n1. intenção\n2. a. sentido\n  b. significado
meaningful	1. significativo\n2. sério
meaningfully	[adverb]\nde forma significativa
meaningless	[adjective]\n\n1. sem significado\n2. insignificante
means	/miːnz/\n\n1. a. ferramenta\n  b. instrumento\n2. a. expediente\n  b. meio\n  c. recurso
meantime	[adverb]\n\n1. entretanto\n2. por enquanto\n3. provisoriamente
meanwhile	[adverb]\n\n1. entretanto\n2. enquanto isso
measles	/miːzlz/\n\nsarampo
measurable	[adjective]\n\n1. mensurável\n2. que pode ser medido
measure	/meʒər/\n\n1. a. balizar\n  b. medir\n2. a. medição\n  b. medida
measure out	/meʒəraut/\n\ndosar
measured	/miːəʒeəd/\n\n1. ceremonioso\n2. pomposo\n3. solene
measureless	[adjective]\n\n1. sem medida\n2. sem tamanho
measurement	/meʒəmənt/\n\n1. dimensão\n2. a. medição\n  b. medida
meat	/miːt/\n\n1. carne\n2. vianda
mechanic	/mikænik/\n\nmecânico
mechanical	mecânico
mechanics	/mikæniks/\n\nmecânica
mechanism	[s]\nmecanismo
meconium	[s]\nmecônio
medal	/medl/\n\nmedalha
median	[s]\n\n1. mediana\n2. mídia
mediastinum	[s]\nmediastino
mediator	[s]\n\n1. mediador\n2. intermediário
medical	médico
medicament	1. medicamento\n2. remédio
medicate	medicar
medication	1. medicamento\n2. remédio
medicine	/medsn/\n\n[s]\n[vt]\n\n1. a. remédio\n  b. medicamento\n2. medicina\n3. medicar
meditate	/mediteit/\n\n1. pensarmaduramente\n2. refletirmuito
meditation	[s]\nmeditação
Mediterranean	/meditəreiniən/\n\nMediterrâneo
mediterranean basin	[s]\nbacia do mediterrâneo
medium	[s]\n[adjective]\n\n1. meio\n2. midia\n3. média\n4. médio
meercat	/miəkeit/\n\ncercopiteco
meet	/miːt/\n\n1. reunir-se\n2. a. achar\n  b. encontrar
meet the expense of	arcar com a despesa de
meet with	/miːtwið/\n\nsatisfazer
meeting	/miːtiŋ/\n\n1. encontro\n2. a. sessão\n  b. reunião\n3. grande reunião popular
melancholy	/meləŋkɔliː/\n\n1. melancolia\n2. melancólico
melee	corpo-a-corpo
melodrama	/melədrɑːmə/\n\nmelodrama
melodramatic	/melədrəmætik/\n\nmelodramático
melody	/melədiː/\n\n1. melodia\n2. toada
melon	/melən/\n\n1. melão\n2. meloeiro
melt	/melt/\n\n1. a. degelar\n  b. derreter-se\n2. derreter
melting	/meltiŋ/\n\ndegelo
member	/membər/\n\n1. cidadão\n2. membro\n3. sócio
member of parliament	/membərɔfpɑːləmənt/\n\nparlamentar
memorable	/memərəbl/\n\n[adjective]\n\n1. memorável\n2. digna de recordação
memorial	[s]\n[adjective]\nmemorial
memorize	/meməraiz/\n\n[vt]\nmemorizar
memory	/meməriː/\n\n[s]\nmemória
menace	/menəs/\n\n1. a. ameaçar\n  b. intimidar\n2. ameaça
mend	/mend/\n\n1. consertar\n2. remendar
meningitis	[s]\nmeningite
meningoencephalitis	[s]\nmeningoencefalite
menopausal	[adjective]\nda menopausa
menses	menstruação
menstrual	menstrual
menstruate	menstruar
menstruation	menstruação
mental	/mentl/\n\nmental
mentality	[s]\nmentalidade
mentally	mentalmente
mention	/menʃən/\n\n1. a. citar\n  b. mencionar\n  c. relatar\n2. a. referência\n  b. relato\n  c. menção
menu	/menjuː/\n\n1. cartão\n2. a. cardápio\n  b. lista\n  c. menu
merchandise	/məːtʃəndaiz/\n\n1. fazenda\n2. mercadoria
merchant	/məːtʃənt/\n\n1. comerciante\n2. negociante
merciful	[adjective]\nmisericordioso
merciless	[adjective]\nsem misericÃ³rdia
Mercury	/məːkjuriː/\n\nMércurio
mercy	[s]\n\n1. compaixão\n2. clemência\n3. misericórdia\n4. pena\n5. piedade
mere	/miər/\n\n1. mero\n2. simples\n3. só
merely	[adverb]\n\n1. meramente\n2. simplesmente\n3. somente
merge	[vt]\n[vi]\n\n1. a. unir\n  b. misturar\n  c. fundir\n  d. intercalar\n2. a. unir-se\n  b. fundir-se
merger	[s]\nfusão
meridian	[s]\nmeridiano
merit	/merit/\n\n1. a. merecer\n  b. valer\n2. a. merecimento\n  b. mérito
mermaid	[s]\nsereia
merriment	[s]\nalegria
merry	/meriː/\n\n1. alegre\n2. festivo\n3. jovial
merry-go-round	carrossel
merrymaking	[s]\nalegria
mesenteric	[adjective]\nmesentérico
mesh	/meʃ/\n\n1. laçada\n2. laço\n3. malha
mess	/mes/\n\n[s]\n[vt]\n[vi]\n\n1. a. bagunça\n  b. desordem\n  c. zona\n2. a. mingau\n  b. papas\n  c. purê\n3. a. bagunçar\n  b. desordenar\n4. fazer bagunça
message	/mesidʒ/\n\n[s]\nmensagem
messenger	[s]\nmensageiro
messy	[s]\n\n1. bagunça\n2. desordem
metabolic	[adjective]\nmetabólico
metabolism	[s]\nmetabolismo
metabolite	[s]\nmetabólito
metadatum	[s]\nmetadado
metal	/metl/\n\n[s]\nmetal
metallic	/mitælik/\n\n[adjective]\nmetálico
metaphor	/metəfər/\n\nmetáfora
metaphysical	[adjective]\nmetafÃ­sico
metaphysics	[s]\nmetafísica
metastasis	[s]\nmetástase
meteoric stone	/miːtiɔrikstoun/\n\naerólito
meteorite	/miːtiərait/\n\naerólito
method	/meθəd/\n\nmétodo
methodical	/miθɔdikl/\n\nmetódico
Methodist	/meθədist/\n\nmetodista
methodology	[s]\nmetodologia
methylated spirit	/meθileitidspirit/\n\nálcooldesnaturado
meticulous	[adjective]\nmeticuloso
metre	/miːtər/\n\nmetro
metric	/metrik/\n\nmétrico
metropolis	/mətrɔpəlis/\n\n1. metrópole\n2. capital
microbe	/maikroub/\n\nmicróbio
microbiology	[s]\nmicrobiologia
microcolony	[s]\nmicrocolônia
microcosm	[s]\nmicrocosmo
microenvironment	[s]\nmicroambiente
microphone	/maikrəfoun/\n\nmicrofone
microphthalmia	[s]\nmicroftalmia
microprocessor	[s]\nmicroprocessador
microscope	/maikrəskoup/\n\nmicroscópio
microscopic	[s]\nmicroscópico
microscopy	[s]\nmicroscopia
microvascular	[adjective]\nmicrovascular
microwave oven	[s]\nforno de microondas
midclavicular	[adjective]\nmédio-clavicular
midclavicular line	[s]\nlinha médio-clavicular
midday	/middei/\n\nmeio-dia
midday meal	/middeimiːl/\n\njantar
middle	/midl/\n\n1. a. centro\n  b. meio\n  c. metade\n2. a. central\n  b. mediano\n  c. médio
Middle Ages	/midleidʒiz/\n\nIdade-Média
middle east	[s]\nOriente Médio
middleclass	/midliːklæs/\n\nburguês
middleclass citizen	/midliːklæssitizən/\n\nburguês
midget	/midʒit/\n\n1. anão\n2. nanico
midnight	/midnait/\n\nmeia-noite
midst	[s]\n[preposition]\n[adverb]\n\n1. meio\n2. interior\n3. a. entre\n  b. no meio de
midwife	/midwaif/\n\n1. obstetriz\n2. parteira
might	1. força\n2. poder
mighty	1. poderoso\n2. forte
migrant	/maigrənt/\n\nnômade
migrate	/miːgreit/\n\n1. migrar\n2. transmigrar
migration	[s]\nmigração
mild	/maild/\n\n1. ameno\n2. brando\n3. doce\n4. suave
mile	/mail/\n\nmilha
miliary	[adjective]\nmiliar
military	/militriː/\n\n1. bélico\n2. militar
military division	/militriːdiviʒn/\n\ndivisão
milk	/milk/\n\n1. leite\n2. ordenhar
mill	/mail/\n\n1. a. moenda\n  b. moinho\n  c. casademoinho\n2. usina
millenium	/mileniəm/\n\n1. milénio\n2. milênio
millennium	/mileniəm/\n\n1. milénio\n2. milênio
miller	/milər/\n\nmoedor
millimetre	/milimiːtər/\n\nmilímetro
milliner	/milinər/\n\nmodista
million	/miliən/\n\nmilhão
millionaire	[s]\nmilionário
mince	/mins/\n\ncortarempedaçospequenos
mind	/maind/\n\n1. a. intelecto\n  b. inteligência\n2. mente\n3. observar
mine	/main/\n\nmina
miner	/minər/\n\nmineiro
mineral	/minərəl/\n\nmineral
mingle	/miŋgl/\n\n1. baralhar\n2. mesclar\n3. mexer\n4. misturar
minimal	[adjective]\nmínimo
minimalism	[s]\nminimalismo
minimize	[vt]\nminimizar
minimum	[s]\nmínimo
minister	/ministər/\n\nministro
ministry	/ministriː/\n\nministério
minor	[s]\n[adjective]\n\n1. menor de idade\n2. a. menor\n  b. inferior\n  c. de pouca importância\n  d. secundário
minority	/mainɔritiː/\n\nmenoridade
mint	/mint/\n\n1. hortelã\n2. menta
minus	[s]\n[preposition]\n\n1. menos\n2. sinal de menos
minute	/minit/\n\nminuto
minutes	/minits/\n\n1. acto\n2. protocolo
miracle	/mirəkl/\n\n1. milagre\n2. prodígio
miraculous	/mirækjuləs/\n\nmiraculoso
mirage	/mirɑːʒ/\n\nmiragem
mirror	/mirər/\n\n[s]\n[vt]\n\n1. espelho\n2. refletir
miscarriage	/miskæridʒ/\n\nabortamento
miscarry	/miskæriː/\n\n1. abortar\n2. a. malograr-se\n  b. termauêxito
mischievous	/mistʃivəs/\n\n1. a. malicioso\n  b. malvado\n  c. perverso\n2. a. arteiro\n  b. brincalhão\n  c. travesso
miser	/mizər/\n\navarento
miserable	/mizrəbl/\n\n1. catastrófico\n2. a. coitado\n  b. lastimável\n3. a. mau\n  b. ruim\n4. a. sombrio\n  b. triste\n5. pobre\n6. miserável
miserably	[adverb]\nmiseravelmente
miserly	/maizəliː/\n\n1. avarento\n2. avaro
misery	/mizəriː/\n\nmiséria
misfit	[s]\n\n1. o que não se adapta bem\n2. o que não fica bem
misgiving	1. desconfiança\n2. receio\n3. mau pressentimento
misguide	1. desencaminhar\n2. extraviar\n3. enganar
mislead	1. enganar\n2. induzir ao erro
misleading	/misliːdiŋ/\n\n1. enganoso\n2. errôneo\n3. ilusório
misnomer	[s]\nnome impróprio
miss	/mis/\n\n[s]\n[vt]\n\n1. a. senhorita\n  b. celibatária\n  c. solteira\n2. a. errar o golpe\n  b. falhar\n3. sentir saudades\n4. sentir falta
mission	/miʃən/\n\n[s]\nmissão
missionary	/miʃənriː/\n\n[s]\nmissionário
mist	/mist/\n\n[s]\n\n1. bruma\n2. neblina\n3. névoa
mistake	/misteik/\n\n1. defeito\n2. erro
mistaken	/misteikən/\n\n1. errôneo\n2. errado\n3. enganado
Mister	/mistər/\n\n1. amo\n2. patrão\n3. senhor
mistletoe	/misltou/\n\nvisco
mistress	/mistris/\n\n1. chefa\n2. directoria
mistrust	1. desconfiança\n2. desconfiar
misunderstand	/misʌndəstænd/\n\ncompreender mal
misuse	[s]\n[vi]\n\n1. a. uso impróprio\n  b. uso indevido\n2. a. abuso\n  b. uso excessivo\n3. a. usar inapropriadamente\n  b. usar erradamente\n4. abusar\n5. a. tratar erradamente\n  b. maltratar\n6. usar para propósitos errados
mite	/mait/\n\nácaro
miter	/maitər/\n\nmitra
mitochondrial	[adjective]\nmitocondrial
mitochondrion	[s]\nmitocôndria
mitre	/maitər/\n\nmitra
mitten	/mitn/\n\nluva
mix	/miks/\n\n1. baralhar\n2. mesclar\n3. mexer\n4. misturar
mixture	/mikstʃər/\n\nmistura
moan	/moun/\n\n1. gemido\n2. a. carpir\n  b. gemir\n  c. gemer
mobile	/moubiːl/\n\n1. móbil\n2. móvel
mobility	[s]\nmobilidade
mobilize	/moubilaiz/\n\n1. mobilizar\n2. preparar
mock	/mɔk/\n\n1. caçoar\n2. escarnecer\n3. zombar
modality	[s]\nmodalidade
mode	/moud/\n\n1. a. forma\n  b. maneira\n  c. modo\n2. a. costume\n  b. moda\n  c. mode
model	/mɔdl/\n\n[s]\n[vt]\n\n1. a. modelo\n  b. esquema\n2. a. modelar\n  b. moldar\n  c. tirar molde de
moderate	/mɔdərət/\n\n[adjective]\n[vt]\n\n1. a. brando\n  b. comedido\n  c. moderado\n2. a. abrandar\n  b. moderar\n  c. temperar
moderately	[adverb]\nmoderadamente
moderation	/mɔdəreiʃən/\n\n[s]\n\n1. moderação\n2. temperança
modern	/mɔdn/\n\n[adjective]\n\n1. hodierno\n2. moderno
modernize	/mɔdənaiz/\n\n[vt]\nmodernizar
modest	/mɔdist/\n\n1. modesto\n2. módico\n3. recatado
modesty	/mɔdistiː/\n\n1. a. modéstia\n  b. simplicidade\n2. pudor
modifiable	[adjective]\n\n1. modificável\n2. alterável\n3. mutável
modification	1. modificação\n2. alteração
modify	/mɔdifai/\n\n1. alterar\n2. modificar
modular	[adjective]\n\n1. modular\n2. modularizado\n3. feito em módulos
modulator	[adjective]\nmodulador
module	módulo
moist	/mɔist/\n\n[adjective]\n\n1. úmido\n2. molhado
moisten	[vt]\numedecer
moisture	[s]\numidade
moisturize	[vt]\nhidratar
moisturizer	[s]\nhidratante
mold	/mould/\n\n1. a. modelar\n  b. moldar\n  c. plasmar\n2. a. forma\n  b. molde\n3. mofo
molecule	[s]\nmolécula
mom	/məm/\n\n1. mamãe\n2. mãezinha
moment	/moumənt/\n\n1. instante\n2. momento
momentary	/mouməntriː/\n\n1. efêmero\n2. momentâneo
mommy	/moumiː/\n\n1. mamãe\n2. mãezinha
monarchy	[s]\nmonarquia
monastery	/mənæstəriː/\n\n1. convento\n2. mosteiro
monday	/mʌndiː/\n\nsegunda-feira
monetary	[adjective]\nmonetário
money	/mʌniː/\n\ndinheiro
money box	/mʌniːbɔks/\n\n1. caixa\n2. cofre
money order	/mʌniːɔːdər/\n\nordem de pagamento
money-box	1. caixa\n2. cofre
monitor	[s]\nmonitor
monk	/mʌŋk/\n\n1. frei\n2. monge
monkey	/mʌŋkiː/\n\n1. macaco\n2. símio
monkey puzzle	/mʌŋkiːpʌzl/\n\n1. araucária\n2. pinheirobrasileiro
monkshood	/mʌŋkʃud/\n\nacônito
monocle	/mɔnəkl/\n\nmonóculo
monoclonal	[adjective]\nmonoclonal
monoclonal antibody	[s]\nanticorpo monoclonal
monocyte	[s]\nmonócito
monolithic	[adjective]\nmonolítico
mononeuritis	[s]\nmononeurite
mononeuropathy	[s]\nmononeuropatia
mononuclear	[adjective]\nmononuclear
monophagy	[s]\nmonofagia
monopolize	/mənɔpəlaiz/\n\n1. abarcar\n2. açambarcar\n3. fazer truste
monopoly	/mənɔpəliː/\n\nmonopólio
monotherapy	[s]\n\n1. monoterapia\n2. tratamento com apenas uma medicação
monotonous	/mənɔtənəs/\n\nmonótono
monster	/mɔnstər/\n\nmonstro
monstrous	/mɔnstrəs/\n\nmonstruoso
monstrously	[adverb]\n\n1. monstruosamente\n2. de forma monstruosa
monstruosity	[s]\nmonstruosidade
month	/mʌnθ/\n\nmês
monthly	/mʌnθliː/\n\n1. mensal\n2. mensalmente
monument	/mɔnjumənt/\n\nmonumento
monumental	/mɔnjumentl/\n\nmonumental
mood	/muːd/\n\n1. ambiência\n2. humor
moon	/muːn/\n\nlua
moonlight	1. luar\n2. luz da lua
moor	/meər/\n\n1. estepe\n2. páramo
moorage	/meəəridʒ/\n\nancoradouro
mooring	/meəriŋ/\n\nancoradouro
moose	/muːs/\n\n1. alce\n2. grã-besta
moped	/moupt/\n\nmotocicleta
moral	/mɔrəl/\n\nmoral
morality	/mərælitiː/\n\n1. moralidade\n2. virtude
morals	/mɔrəlz/\n\nmoral
morbidity	morbidade
more	/mɔːr/\n\nmais
more and more	/mɔːrændmɔːr/\n\nmais e mais
moreover	/mɔːriːouvər/\n\n1. a. aliás\n  b. além disso\n  c. demais\n2. a. em continuação\n  b. mais\n  c. mais adiante
mores	/mɔːz/\n\n1. costume\n2. uso
Mormon	/mɔːmən/\n\nmórmon
morning	/mɔːniŋ/\n\nmanhã
Morocco	/mərɔkou/\n\nMarrocos
morphology	[s]\nmorfologia
morsel	/mɔːsl/\n\nbocado
mortal	/mɔːtl/\n\nmortal
mortality	mortalidade
mortally	[adverb]\nmortalmente
morter	/mɔːtər/\n\nargamassa
Moscow	/mɔskou/\n\nMoscovo
Moses	/mousiz/\n\nMoisés
mosque	/mɔsk/\n\nmesquita
mosquito	/məskiːtou/\n\nmosquito
mosquito net	/məskiːtounet/\n\nmosquiteiro
moss	/mɔs/\n\nmusgo
most	/moust/\n\n[s]\n[adjective]\n[adverb]\n\n1. maioria\n2. maior\n3. mais
mostly	/moustliː/\n\n1. principalmente\n2. na maioria das vezes\n3. em maior número das ocasiões
motel	/mɔtel/\n\nmotel
moth	/mɔθ/\n\ntraça
mother	/mʌðər/\n\nmãe
motherboard	[s]\nplaca-mãe
motherhood	[s]\nmaternidade
motility	[s]\nmotilidade
motion	/mouʃən/\n\nresolução
motion picture	/mouʃənpiktʃər/\n\n1. filme\n2. película
motivation	motivação
motive	/moutiv/\n\n[s]\n[vt]\n\n1. a. causa\n  b. motivo\n  c. razão\n2. a. motivar\n  b. dar um motivo\n  c. incentivar
motor	/moutər/\n\nmotor
motor road	/moutərroud/\n\nauto-estrada
motor-boat	barcodemotor
motor-launch	barcodemotor
motorcycle	/moutəsaikl/\n\nmotocicleta
motoring	/moutəriŋ/\n\nautomobilismo
motorist	/moutərist/\n\n1. a. chofer\n  b. motorista\n2. automobilista
motorway	/moutəwei/\n\nauto-estrada
motto	/mɔtou/\n\n1. a. cambial\n  b. divisa\n  c. lema\n2. mote
mould	/mould/\n\n1. a. modelar\n  b. moldar\n  c. plasmar\n2. a. forma\n  b. molde\n3. mofo
mouldy	/mouldiː/\n\nbolorento
mount	/maunt/\n\n1. a. acomodar\n  b. adaptar\n  c. ajeitar\n  d. ajustar\n2. montar
Mount Elbrus	/mauntelbrəs/\n\nElbrus
mountain	/mauntn/\n\n1. montanha\n2. monte
mountain chain	/mauntntʃein/\n\n1. cadeiademontanhasl\n2. serra
mountain climber	/mauntnklaimbər/\n\nalpinista
mountain pasture	/mauntnpɑːstʃər/\n\nalpe
mountain ridge	/mauntnridʒ/\n\naresta
mountaineer	/mauntiniər/\n\nalpinista
mountaineering	/mauntiniəriŋ/\n\nalpinismo
mourn	/mɔːn/\n\nestardeluto
mournful	/mɔːnfəl/\n\n1. a. fúnebre\n  b. lutuoso\n2. a. entristecedor\n  b. melancólico\n  c. nebuloso
mourning	/mɔːniŋ/\n\n1. luto\n2. nojo
mouse	/maus/\n\n1. camundongo\n2. rato
moustache	/məstɑːʃ/\n\nbigodes
mouth	/mauθ/\n\n1. a. fauce\n  b. goela\n2. boca\n3. foz
mouthful	/mauθfəl/\n\nbocado
move	/muːv/\n\n1. a. abalar\n  b. comover\n  c. emocionar\n  d. sensibilizar\n2. a. mexer\n  b. mover\n3. a. mexer-se\n  b. mover-se\n4. a. mudar-se\n  b. transferir-se
movement	/muːvmənt/\n\nmovimento
movie	/muːviː/\n\n1. filme\n2. película
movie theatre	/muːviːθiətər/\n\ncinema
moving	/muːviŋ/\n\n1. comovente\n2. enternecedor
mow	/mou/\n\n1. ceifar\n2. foiçar\n3. roçar\n4. segar
Mr.	/mr/\n\n1. amo\n2. patrão\n3. senhor
Mrs.	/mz/\n\n1. dama\n2. senhora
much	/mʌtʃ/\n\n1. muito\n2. um grande número de
muck	[s]\nporcaria
mucosa	[s]\nmucosa
mucous	/mjuːkəs/\n\nmucoso
mucus	/mjuːkəs/\n\nmuco
mud	/mʌd/\n\n1. lama\n2. lodo
mulberry-tree	amoreira
mule	/mjuːl/\n\n1. a. babucha\n  b. pantufo\n2. mula
multicoloured	/mʌltikʌləd/\n\n1. multicolor\n2. multicor
multifactorial	[adjective]\nmultifatorial
multiple	/mʌltipl/\n\nmúltiplo
multiply	/mʌltiplai/\n\nmultiplicar
multiprotocol	multiprotocolo
multitude	/mʌltitjuːd/\n\n1. acervo\n2. acúmulo\n3. chusma\n4. cúmulo\n5. montão\n6. multidão\n7. pilha\n8. ruma
mumps	[s]\ncaxumba
munition	/mjuːniʃən/\n\n1. munição\n2. muniçãodeguerra
murder	/məːdər/\n\n1. assassinar\n2. assassínio
murderer	[s]\nassassino
murmur	/məːmər/\n\n1. a. murmurar\n  b. resmungar\n2. murmúrio
muscle	/mʌsl/\n\nmúsculo
muscular	/mʌskjulər/\n\nmuscular
museum	/mjuːziəm/\n\nmuseu
mush	/mʌʃ/\n\n1. mingau\n2. papas\n3. purê
mushroom	/mʌʃrum/\n\n1. agárico\n2. a. cogumelo\n  b. fungo
music	/mjuːzik/\n\nmúsica
musical	/mjuːzikl/\n\nmusical
musical time	/mjuːzikltaim/\n\n1. andamento\n2. compasso\n3. tacto\n4. tato\n5. tino
musician	/mjuːziʃən/\n\nmúsico
musk-ox	búfalo
musket	/mʌskit/\n\nmosquete
mussel	/mʌsl/\n\nmexilhão
must	/mʌst/\n\n1. dever\n2. teraobrigação\n3. terde\n4. terque
mustard	/mʌstəd/\n\nmostarda
musty	/mʌstiː/\n\nbolorento
mutable	[adjective]\n\n1. mutável\n2. alterável\n3. modificável
mutation	[s]\nmutação
mute	/mjuːt/\n\n1. calado\n2. mudo
mutiny	/mjuːtiniː/\n\n1. rebelião\n2. revolta
mutter	/mʌtər/\n\n1. murmurar\n2. resmungar
mutton	/mʌtn/\n\ncarnedecarneiro
mutual	/mjuːtʃeəl/\n\n1. mútuo\n2. recíproco
mutual understanding	/mjuːtʃeəlʌndəstændiŋ/\n\nentendimentomútuo
mutually	[adverb]\nmutualmente
muzzle	/mʌzl/\n\n1. a. fauce\n  b. goela\n2. a. açaimo\n  b. açamo\n  c. mordaça
my	/miː/\n\n1. meu\n2. minha
myalgia	1. mialgia\n2. dor muscular
mycophagy	[s]\nmicofagia
myelitis	[s]\nmielite
myocarditis	[s]\nmiocardite
myocardium	[s]\nmiocárdio
myocytes	[s]\nmiócito
myometrium	miométrio
myositis	[s]\nmiosite
myriad	/miriəd/\n\nmiríade
myself	eu mesmo
mysterious	[adjective]\nmisterioso
mysteriously	[adverb]\nmisteriosamente
mystery	/mistəriː/\n\nmistério
mystic	/mistik/\n\nmístico
mystical	/mistikl/\n\nmístico
mystify	/mistifai/\n\n1. burlar\n2. ludibriar\n3. mistificar
myth	/miθ/\n\nmyto
mythical	/miθikl/\n\nmítico
myxedema	[s]\nmixedema
myxoma	[s]\nmixoma
naif	1. cândido\n2. ingênuo
nail	/neil/\n\n1. a. cravar\n  b. pregar\n2. a. cravo\n  b. prego\n3. unha
naive	[adjective]\n\n1. ingênuo\n2. virgem
naked	/neikt/\n\n1. despido\n2. nu
nakedness	[s]\nnudez
name	/neim/\n\n[s]\n[vt]\n\n1. nome\n2. a. nomear\n  b. dar um nome
namely	1. a saber\n2. isto é
namesake	[s]\n\n1. xará\n2. homônimo
namespace	[s]\nespaço de nomes
nap	/neip/\n\n1. cochilar\n2. dormitar
nape	/neip/\n\n1. cerviz\n2. nuca
napkin	/næpkin/\n\nguardanapo
Naples	/neiplz/\n\nNápoles
narcotic	[s]\nnarcótico
narrate	/nəreit/\n\n1. contar\n2. descrever\n3. narrar
narrative	/nærətiv/\n\n1. conto\n2. narrativa
narrow	/nærou/\n\n[s]\n[vt]\n\n1. estreito\n2. estreitar
nasal	/neizl/\n\n[adjective]\nnasal
nasty	/nɑːstiː/\n\n1. antipático\n2. a. desagradável\n  b. enjoado\n3. a. detestável\n  b. odioso\n4. feio\n5. a. abominável\n  b. horrível\n  c. horrendo\n6. a. mau\n  b. ruim\n7. desonesto\n8. a. malicioso\n  b. malvado\n  c. perverso
nation	/næʃən/\n\n1. nação\n2. a. gente\n  b. povo
national	/næʃənl/\n\nnacional
nationality	/næʃənælitiː/\n\nnacionalidade
nationalize	/næʃənəlaiz/\n\nestatizar
native	/neitiv/\n\n1. a. aborígene\n  b. autóctone\n  c. indígena\n2. aborígena
natively	[adverb]\nnativamente
natural	/nætʃrəl/\n\nnatural
naturally	/nætʃræliː/\n\nnaturalmente
nature	/neitʃər/\n\n1. a. carácter\n  b. índole\n  c. temperamento\n2. natureza
naught	/nɔːt/\n\n1. nada\n2. zero
naughtiness	[s]\n\n1. travessura\n2. mal comportamento
naughty	[adjective]\n\n1. a. travesso\n  b. levado\n2. picante
naughty boy	/nɔːtiːbɔi/\n\nrapazola de má conduta
nausea	/nɔːsiə/\n\nnáusea
nauseate	/nɔːsiət/\n\n1. causar náuseas a\n2. enjoar
nauseous	/nɔːsiəs/\n\nnauseante
nave	/neiv/\n\n1. cubo\n2. cuboderoda
navel	/neivəl/\n\n[s]\numbigo
navigate	/nævigeit/\n\n[vt]\n[vi]\n\n1. navegar por\n2. navegar
navigation	/nævigeiʃən/\n\n[s]\nnavegação
navy	/neiviː/\n\n1. armada\n2. forças navais\n3. marinha
Nazi	/nɑːtsiː/\n\n1. nazista\n2. nazi
near	/niər/\n\n1. a. junto\n  b. próximo\n2. a. ao pé de\n  b. junto a\n  c. junto de\n  d. perto de\n  e. próximo a
near to	/niərtou/\n\n1. ao pé de\n2. junto a\n3. junto de\n4. perto de\n5. próximo a
near-sighted	míope
nearby	/niəbiː/\n\n1. a. aopéde\n  b. juntoa\n  c. juntode\n  d. pertode\n  e. próximoa\n2. a. juntamente\n  b. junto\n3. próximo
nearest	[adjective]\n\n1. o mais próximo\n2. o mais perto
nearly	/niːliː/\n\n1. perto de\n2. por pouco\n3. quase
neat	/niːt/\n\n1. a. arrumado\n  b. em ordem\n2. a. bem acabado\n  b. distinto\n  c. líquido\n  d. polido\n3. a. limpo\n  b. asseado\n4. hábil\n5. a. engenhoso\n  b. bem bolado
neatly	[adverb]\n\n1. a. caprichosamente\n  b. com capricho\n2. habilmente
neatness	[s]\n\n1. asseio\n2. habilidade
nebulizer	[s]\nnebulizador
necessarily	necessariamente
necessary	/nesəsəriː/\n\n1. necessário\n2. preciso
necessity	[s]\nnecessidade
neck	/nek/\n\npescoço
necklace	/nekləs/\n\n1. colar\n2. coleira
necktie	/nektai/\n\ngravata
necropsy	[s]\nnecrópsia
necrosis	[s]\nnecrose
necrotic	[adjective]\nnecrotico
need	/niːd/\n\n[s]\n[vt]\n\n1. a. necessidade\n  b. precisão\n2. a. necessitar\n  b. ter necessidade de\n  c. precisar\n  d. ter precisão de
needle	/niːdl/\n\n[s]\n\n1. agulha\n2. alfinete
needless	/niːdləs/\n\n[adjective]\n\n1. desnecessário\n2. inútil
needlessly	[adverb]\n\n1. desnecessariamente\n2. sem necessidade\n3. inutilmente
negation	[s]\nnegação
negative	/negətiv/\n\n[adjective]\nnegativo
negatively	/negətivliː/\n\nnegativamente
neglect	/niglekt/\n\n1. a. distrair\n  b. não prestar atenção\n2. a. descuidar\n  b. desleixar\n  c. negligenciar
negligence	[s]\nnegligência
negligent	/neglidʒənt/\n\n[adjective]\n\n1. negligente\n2. desatencioso\n3. descuidado\n4. sem cuidado\n5. distraído
negotiate	/nigouʃieit/\n\n1. agenciar\n2. negociar
Negro	/niːgrou/\n\nnegro
neighbor	[s]\n[adjective]\n[vt]\n\n1. vizinho\n2. morar como vizinho\n3. ficar perto
neighborhood	/niːibhud/\n\nvizinhança
neighbour	/neibər/\n\n[s]\n[adjective]\n[vt]\n\n1. vizinho\n2. morar como vizinho\n3. ficar perto
neighbourhood	/neibəhud/\n\n[s]\n\n1. anexo\n2. bairro\n3. vizinhança
neighbouring	/neibəriŋ/\n\n[adjective]\npróximo
neither	/naiðər/\n\n1. nem\n2. a. nenhum\n  b. nenhuma\n  c. nenhuma pessoa\n  d. ninguém
neither ... nor	/naiðərnər/\n\nnem...nem
nematode	[s]\nnematódeo
neologism	/niːɔlədʒizəm/\n\nneologismo
neon	/niːɔn/\n\n1. de neônio\n2. a. neónio\n  b. neônio
neonatal	neonatal
neonate	neonato
neoplasm	[s]\n\n1. neoplasia\n2. tumor
nepal	[s]\nNepal
nephew	/nevjuː/\n\nsobrinho
nephritis	[s]\nnefrite
nephrotoxicity	[s]\nnefrotoxicidade
Neptune	/neptjuːn/\n\nNetuno
nerve	/nəːv/\n\nnervo
nervous	/nəːvəs/\n\nnervoso
nervously	[adverb]\nnervosamente
nervousness	[s]\nnervosismo
nest	/nest/\n\n1. fazerseuninho\n2. ninho
net	/net/\n\n1. a. bem acabado\n  b. distinto\n  c. limpo\n  d. líquido\n  e. polido\n2. a. rede\n  b. trama
nettle	/netl/\n\nurtiga
network	/netwəːk/\n\n1. rede\n2. trama
neuritis	[s]\nneurite
neurologic	[adjective]\nneurológico
neurology	[s]\nneurologia
neuropathic	[adjective]\nneuropático
neuropathy	[s]\nneuropatia
neurosyphilis	[s]\nneurosífilis
neurotoxic	[adjective]\nneurotóxico
neurotoxin	[s]\nneurotoxina
neutral	/njuːtrəl/\n\nneutro
neutropenia	[s]\nneutropenia
never	/nevər/\n\n1. jamais\n2. não...nunca\n3. nunca\n4. em tempo algum
never mind	/nevərmaind/\n\n1. não importa\n2. pouco importa
nevertheless	/nivəːθləs/\n\n1. não obstante\n2. a. contudo\n  b. embora\n  c. entretanto\n  d. todavia\n  e. porém
new	/njuː/\n\nnovo
New Amsterdam	/njuːæmstədæm/\n\nNovaIorque
New Delhi	NovaDeli
New York	/njuːjɔːk/\n\nNovaIorque
New York City	/njuːjɔːksitiː/\n\nNovaIorque
New Zealand	/njuːzilənd/\n\nNovaZelândia
newborn	[s]\nrecém-nascido
newcomer	[s]\nrecém-chegado
newer	mais novo
newest	o mais novo
Newfoundland	/njuːfənlənd/\n\nTerraNova
newline	[s]\n\n1. nova linha\n2. a. caracter que indica uma nova linha\n  b. caracter de retorno de carro
newness	/njuːnəs/\n\nnovidade
news	/njuːz/\n\n1. a. notícia\n  b. novidade\n2. noticiário
newspaper	/njuːspeipər/\n\n1. a. gazeta\n  b. folha\n2. jornal
next	/nekst/\n\n1. a. próximo\n  b. seguinte\n  c. em seguida\n2. a. logo\n  b. junto
next to	/neksttou/\n\n1. a. ao pé de\n  b. junto a\n  c. junto de\n  d. perto de\n  e. próximo a\n2. ao lado de
nibble	/nibl/\n\nroer
nice	/nais/\n\n1. a. bom\n  b. bonito\n  c. agradável\n  d. ameno\n  e. aprazível\n2. a. amável\n  b. simpático
nice guy	/naisgiː/\n\n1. bom\n2. virtuoso
nicely	[adverb]\n\n1. belamente\n2. de forma bela
nicer	[adjective]\n\n1. a. melhor\n  b. mais bonito\n  c. mais agradável\n2. mais simpático
niche	/nitʃ/\n\nnicho
nickname	[s]\napelido
nicotine	[s]\nnicotina
niece	/niːs/\n\nsobrinha
nifty	[s]\n\n1. muito bom\n2. a. belo\n  b. atraente
niggard	/nigəd/\n\navarento
night	/nait/\n\nnoite
night-shirt	camisola
nightclub	[s]\nboate
nightdress	[s]\ncamisola
nightfall	[s]\nentardecer
nightingale	/naitiŋgeil/\n\nrouxinol
nightish	[adjective]\nda noite
nightmare	/naitmɛər/\n\n1. íncubo\n2. pesadelo
nightmarish	/naitmɛəriʃ/\n\npesadelar
Nile	/nail/\n\nNilo
nimbus	/nimbəs/\n\nnimbo
nine	/nain/\n\nnove
nineteen	/naintiːn/\n\ndezenove
ninety	/naintiː/\n\nnoventa
ninth	/nainθ/\n\nnono
nip	/nip/\n\naperitivo
nipple	/nipl/\n\n1. mamilo\n2. bico de mamadeira
nirvana	nirvana
nitrogen	[s]\nnitrogênio
nitroglycerin	[s]\nnitroglicerina
no	/nou/\n\nnão
no doubt	/noudaut/\n\n1. sem dúvida\n2. sem dúvida alguma
no longer	/noulɔŋgər/\n\n1. a. jánão\n  b. nãomais\n2. a. já...não\n  b. não...mas
no thoroughfare	passagem proibida
no-one	1. nenhum\n2. nenhuma\n3. nenhumapessoa\n4. ninguém
no-one's	1. depessoaalguma\n2. deninguém
nobleman	/noublmən/\n\nnobre
nobleness	[s]\nnobreza
nobody	/noubədiː/\n\n1. nenhum\n2. nenhuma\n3. nenhumapessoa\n4. ninguém
nocturnal	/nɔktəːnl/\n\nnoturno
nod	/nəd/\n\n1. afirmar com a cabeça\n2. assentir
node	/noud/\n\n1. encruzilhada\n2. laço\n3. nó\n4. vínculo
nodule	[s]\nnódulo
noise	/nɔiz/\n\n1. barulho\n2. ruído
noisy	/nɔiziː/\n\n1. barulhento\n2. ruidoso
nomad	/noumæd/\n\nnômade
nomadic	/noumædik/\n\nnômade
nomenclature	[s]\nnomeclatura
non-military	civil
nonbacterial	[adjective]\nnão bacteriano
none	/nɔn/\n\n1. nenhum\n2. nenhuma\n3. nenhumapessoa\n4. ninguém
nonessential	[adjective]\n\n1. não essencial\n2. não obrigatório
nonetheless	[adverb]\n\n1.  no entanto\n2. apesar disso\n3. contudo
noninfringement	[s]\nausência de violações ou infrações
nonsense	/nɔnsens/\n\n1. a. absurdo\n  b. coisa absurda\n  c. tolice\n2. a. disparate\n  b. insensatez
nonspecific	[adjective]\n\n1. inespecífico\n2. não específico
nontechnical	[adjective]\nnão técnico
nonviable	[adjective]\ninviável
noodles	/nuːdlz/\n\ntalharim
noon	/nuːn/\n\nmeio-dia
nor	/nər/\n\nnem
norm	/nɔːm/\n\n1. norma\n2. padrão
normal	/nɔːml/\n\n1. a. normal\n  b. regular\n2. a. habitual\n  b. natural
normally	normalmente
normoglycemia	[s]\n\n1. normoglicemia\n2. níveis de glicose normais no sangue
north	/nɔːθ/\n\n[s]\nnorte
North Africa	/nɔːθæfrikə/\n\nÁfrica Setentrional
North America	/nɔːθəmerikə/\n\nAmérica do Norte
northeast	[s]\n[adjective]\n[adverb]\n\n1. nordeste\n2. do nordeste\n3. para o nordeste
northeasterly	[adjective]\ndo nordeste
northern	/nɔːðən/\n\n1. boreal\n2. setentrional
northwest	[s]\n[adjective]\n[adverb]\n\n1. noroeste\n2. do noroeste\n3. para o noroeste
northwesterly	[adjective]\ndo noroeste
Norway	/nɔːwei/\n\nNoruega
Norwegian	/nɔːwiːdʒən/\n\nnorueguês
nose	/nouz/\n\nnariz
nosocomial	[adjective]\nnosocomial
nostalgia	/nɔstældʒə/\n\nnostalgia
not	/nout/\n\nnão
not an ace	/noutæneis/\n\n1. nada\n2. nenhumaquantidade
not at all	/nouteitl/\n\n1. a. deformanenhuma\n  b. demodonenhum\n  c. denenhumamaneira\n2. denenhummodo
not easily	/noutiːziliː/\n\ndificilmente
not fitting	/noutfitiŋ/\n\n1. inoportuno\n2. maladequado
not on any account	/noutwʌnæniːəkaunt/\n\n1. deformanenhuma\n2. demodonenhum\n3. denenhumamaneira
not yet	/noutjet/\n\nainda não
notable	[adjective]\n\n1. digno de nota\n2. notável
notably	[adverb]\n\n1. notavelmente\n2. de forma notável\n3. especialmente\n4. memorávelmente
notary	/noutəriː/\n\nnotário
note	/nout/\n\n1. a. apontamento\n  b. nota\n2. a. perceber\n  b. notar\n3. a. escrever nota sobre\n  b. tomar nota de
notebook	/noutbuk/\n\n1. a. caderno\n  b. fascículo\n2. a. agenda\n  b. livro de notas
notepad	[s]\nbloco de notas
noteworthy	[adjective]\n\n1. digno de nota\n2. notável
nothing	/nʌθiŋ/\n\n1. coisa alguma\n2. nada\n3. nenhuma coisa
notice	/noutis/\n\n1. a. cartaz\n  b. edital\n  c. papeleta\n2. a. anúncio\n  b. aviso\n  c. comunicação\n3. a. assinalar\n  b. notar\n  c. observar\n4. a. nota\n  b. observação\n  c. reparo
noticeable	[adverb]\n\n1. detectável\n2. que se pode detectar\n3. percebível\n4. que se pode perceber
notification	/noutifikeiʃən/\n\n1. anúncio\n2. aviso\n3. comunicação
notify	/noutifai/\n\n1. anunciar\n2. avisar\n3. comunicar
notion	/nouʃən/\n\nnoção
notorious	[adjective]\n\n1. notório\n2. famoso\n3. conhecido\n4. público
notwithstanding	/nɔtwiðstændiŋ/\n\n1. adespeitode\n2. apesarde\n3. nãoobstante
nought	/nɔːt/\n\n1. zero\n2. nada
noun	/naun/\n\n1. nome\n2. substantivo
nourish	/nʌriʃ/\n\n1. alimentar\n2. nutrir\n3. sustenar
nourishment	/nʌriʃmənt/\n\nalimento
novel	/nɔvəl/\n\n1. novo\n2. romance
novelty	/nɔvəltiː/\n\n1. coisa nova\n2. inovação\n3. notícia
november	/nouvembər/\n\n[s]\nnovembro
novice	[s]\n[adjective]\n\n1. novato\n2. iniciante
now	/nau/\n\nagora
now and then	/nauændθən/\n\nde quando em quando
nowadays	/nauwɔdeiz/\n\n1. actualmente\n2. atualmente\n3. presentemente
nowhere	/nauwɛər/\n\n[adverb]\n\n1. em nenhum lugar\n2. em parte alguma\n3. nenhures
nuance	/njuːɑːns/\n\n1. matiz\n2. nuança
nuchal	[adjective]\n\n1. nucal\n2. da nuca
nuclear	/njuːkliər/\n\nnuclear
nucleus	/njuːkliəs/\n\n1. âmago\n2. caroço\n3. cerne\n4. núcleo
nude	/njuːd/\n\n1. despido\n2. nu
nudity	[s]\nnudez
nuisance	[s]\n\n1. a. chateação\n  b. pertubação\n2. moléstia
null	/nʌl/\n\n1. nada\n2. zero
nulliparous	[adjective]\n\n1. nulípara\n2. que não tem nenhuma gravidez anterior
number	/nʌmbər/\n\nnúmero
number sign	/nʌmbərsain/\n\n1. diese\n2. sustenido
numberless	[adjective]\n\n1. sem número\n2. incontável\n3. inumerável
numbness	[s]\ndormência
numeral	/njuːmərəl/\n\n1. algarismo\n2. cifra\n3. número
numeric	[adjective]\nnumérico
numerous	[adjective]\nnumeroso
nun	/nʌn/\n\nfreira
nuptial	[adjective]\nnupcial
nurse	/nəːs/\n\n1. a. cuidar\n  b. tratar\n  c. zelar\n2. enfermeira\n3. cuidar de criança\n4. a. aia\n  b. ama-seca
nursemaid	[s]\nbabá
nursery	[s]\n\n1. creche\n2. berçário\n3. viveiro
nurture	[s]\n[vt]\n\n1. nutrição\n2. nutrir
nut	/nʌt/\n\n1. porca\n2. noz\n3. a. parafuso\n  b. tarraxa
nutrient	[s]\nnutriente
nutrition	[s]\nnutrição
nuts	/nʌts/\n\n1. a. ai\n  b. bah\n2. a. insano\n  b. louco
nutty	/nʌtiː/\n\n1. aromática\n2. fragrante
nylon	/nailɔn/\n\n1. denáilon\n2. náilon
nymph	[s]\nninfa
nystagmus	[s]\nnistagmo
o'clock	/əklɔk/\n\nhora
oak	/ouk/\n\n1. carvalhal\n2. carvalho
oaken	/oukən/\n\ncarvalhal
oar	/ɔːr/\n\nremo
oasis	/oueisis/\n\noásis
oat	[s]\naveia
oath	/ouθ/\n\n1. jura\n2. juramento
oats	/outs/\n\naveia
obedience	[s]\nobediência
obedient	/əbiːdiənt/\n\nobediente
obeisance	/oubeisns/\n\n1. mesura\n2. reverência
obese	[adjective]\nobeso
obesity	[s]\nobesidade
obey	/əbei/\n\n1. obedecer\n2. observar
obituary	/əbitʃeəriː/\n\nnecrológio
object	/əbdʒekt/\n\n1. objeto\n2. coisa\n3. artigo
objection	[s]\nobjeção
objectionable	/əbdʒekʃənəbl/\n\nreprovável
objective	objetivo
objectivity	[s]\nobjetividade
obligation	/ɔbligeiʃən/\n\n1. dever\n2. obrigação
obligatory	[adjective]\nobrigatório
obliging	/əblaidʒiŋ/\n\n1. atencioso\n2. obsequioso
oblique	/əbliːk/\n\n1. enviesado\n2. esguelhado\n3. oblíqua
obliteration	[s]\nobliteração
oblivion	[s]\nesquecimento
oblivious	[adjective]\n\n1. distraído\n2. esquecido
obnoxious	[adjective]\n\n1. a. odioso\n  b. detestável\n  c. desagradável\n2. enjoativo
obnubilate	[vt]\nobnubilar
obnubilation	[s]\nobnubilação
oboe	/oubou/\n\noboé
obscene	/əbsiːn/\n\nobsceno
obscenity	[s]\nobscenidade
obscure	[adjective]\nobscuro
observable	[adjective]\nobservável
observance	[s]\nobservância
observation	/ɔbzəveiʃən/\n\n1. nota\n2. observação\n3. reparo
observatory	[s]\nobservatório
observe	/əbzəːv/\n\n1. observar\n2. a. cumprir\n  b. desempenhar
observer	observador
obsess	/əbses/\n\n1. obsedar\n2. obsediar\n3. perseguir
obsession	/əbseʃən/\n\n1. idéia fixa\n2. obsessão
obsessive	[adjective]\nobsessivo
obsessively	[adverb]\n\n1. obsessivamente\n2. compulsivamente
obsolete	[adjective]\nobsoleto
obstacle	/əbstəkl/\n\nobstáculo
obstetric	[adjective]\nobstétrico
obstetrician	[s]\nobstetra
obstetrics	obstetrícia
obstinate	/əbstineit/\n\n1. birrento\n2. obstinado\n3. teimoso
obstruct	/əbstrʌkt/\n\n1. barrar\n2. interceptar\n3. tapar\n4. trancar
obstruction	[s]\nobstrução
obstructive	[adjective]\nobstrutivo
obtain	/əbtein/\n\n1. adquirir\n2. arranjar\n3. obter
obtainable	/əbteinəbl/\n\nadquirível
obtuse	/əbtjuːs/\n\nobtuso
obvious	/ɔbviəs/\n\n[adjective]\n\n1. evidente\n2. inequívoco\n3. manifesto\n4. óbvio\n5. patente
obviously	/ɔbviəzliː/\n\n[adverb]\n\n1. obviamente\n2. evidentemente
occasion	/əkeiʒn/\n\n[s]\n\n1. ocasião\n2. feita\n3. vez
occasional	[adjective]\nocasional
occasionally	[adverb]\nocasionalmente
occident	[s]\n\n1. ocidente\n2. oeste\n3. poente
occipital	[adjective]\noccipital
occlude	[vt]\nocluir
occlusion	[s]\n\n1. oclusão\n2. fechamento
occlusive	[adjective]\noclusivo
occult	/ɔkʌlt/\n\n[adjective]\noculto
occupation	/ɔkjupeiʃən/\n\n[s]\n\n1. ocupação\n2. ofício\n3. profissão
occupy	/ɔkjupai/\n\n[vt]\n\n1. encher\n2. ocupar\n3. preencher
occur	/əkəːr/\n\n1. acontecer\n2. suceder\n3. terlugar
occur intermittently	/əkəːrintəmitentliː/\n\nproduzir-seporintermitências
occurence	/əkjeərəns/\n\n1. acontecimento\n2. ocorrência
occurrence	[s]\nocorrência
ocean	/ouʃən/\n\noceano
oceanic	/ouʃiænik/\n\n1. dooceano\n2. oceânico
octagon	/ɔktəgən/\n\noctágono
octagonal	[adjective]\noctogonal
octahedron	[s]\noctaedro
octane	[s]\noctano
octapeptide	[s]\noctapeptídeo
October	/ɔktoubər/\n\nOutubro
octopus	/ɔktəpəs/\n\npolvo
ocular	[adjective]\nocular
oculist	/ɔkjulist/\n\n1. oculista\n2. oftalmologista
oculomotor	[adjective]\noculomotor
odd	/ɔdd/\n\n[adjective]\n\n1. ímpar\n2. a. estranho\n  b. bizarro\n  c. excêntrico\n  d. esquisito\n3. que não tem o segundo elemento do par
ode	/oud/\n\node
odometer	[s]\nhodômetro
odometry	[s]\nhodometria
odontoblast	[s]\nodontoblasto
odontoblastic	[adjective]\nodontoblástico
odontoid	[adjective]\nodontóide
odor	/oudɔːr/\n\n1. cheiro\n2. hálito\n3. odor
odour	/oudər/\n\n1. cheiro\n2. hálito\n3. odor
oestrogen	[s]\nestrógeno
of	/ɔf/\n\nde
of a horse	/ɔfəhɔːs/\n\n1. cavalar\n2. hípico
of a tree	/ɔfətriː/\n\narbóreo
of an ass	/ɔfænəs/\n\nasenino
of an elephant	/ɔfænelifɑːnt/\n\n1. elefântico\n2. elefantino
of course	/ɔfkɔːs/\n\n1. compreensivelmente\n2. decerto
of fantasy	/ɔffæntəsiː/\n\n1. fantástico\n2. imaginário
of good repute	/ɔfgudripjuːt/\n\ndeboareputação
of ill repute	/ɔfilripjuːt/\n\ndemáreputação
of noble birth	/ɔfnoublbəːθ/\n\nde nobre
of the coast	/ɔfðkoust/\n\n1. costeiro\n2. litorâneo
of the same age	/ɔfðseimeidʒ/\n\nda mesma idade
of use	/ɔfjuːz/\n\n1. apto\n2. capaz\n3. conveniente
of water	/ɔfwɔːtər/\n\n1. aquático\n2. aquoso
of which	/ɔfwitʃ/\n\n1. cujo\n2. de que\n3. de quem\n4. do qual
of yesterday	/ɔfjestədiː/\n\n1. de ontem\n2. hesterno
offence	[s]\nofensa
offend	/əfend/\n\n1. a. injuriar\n  b. insultar\n2. a. ofender\n  b. ultrajar
offensive	/əfensiv/\n\nofensivo
offer	/ɔfər/\n\n1. oferecer\n2. apresentar\n3. propor
offer a toast	/ɔfərətoust/\n\n1. beber à saúde de\n2. brindar\n3. saudar
office	/ɔfis/\n\n1. a. escritório\n  b. repartição\n2. a. cargo\n  b. emprego\n  c. lugar\n  d. ofício
officer	/ɔfisər/\n\n1. oficial\n2. empregado\n3. funcionário
official	/əfiʃl/\n\n1. oficial\n2. empregado\n3. funcionário
officialdom	/əfiʃldəm/\n\nburocracia
officially	[adverb]\n\n1. oficialmente\n2. de forma oficial
offline	[adjective]\n\n1. desligado da rede\n2. sem conexão\n3. fora da linha
offload	[vt]\ndescarregar
offset	/ɔfset/\n\ndistância
offset printing	/ɔfsetprintiŋ/\n\noffset
offspring	/ɔfspriŋ/\n\n1. descendência\n2. a. descendente\n  b. sucessor
often	/ɔfn/\n\n1. amiúde\n2. freqüentemente\n3. muitas vezes
ogle	[s]\n[vt]\n\n1. flerte\n2. flertar
ogre	[s]\nogro
oh	/ɔ/\n\noh
ohm	/ɔm/\n\nOhm
oil	/ɔil/\n\nóleo
oil of olives	/ɔilɔfəlivz/\n\nazeite
oily	[adjective]\noleoso
ointment	/ɔintmənt/\n\n1. pomada\n2. lubrificante\n3. reboco
okay	/oukei/\n\n1. bom\n2. bem\n3. de acordo\n4. a. comprecisão\n  b. exatamente\n  c. justamente
old	/ould/\n\nvelho
old-fashioned	1. antiquado\n2. fora de moda\n3. obsoleto
older	mais velho
oldest	[adjective]\no mais velho
olfactory	[adjective]\nolfatório
oligarch	[s]\noligarca
oligarchic	[adjective]\noligárquico
oligarchical	[adjective]\noligárquico
oligarchy	[s]\noligarquia
oligodendrocyte	[s]\noligodendrócito
oligophagy	[s]\noligofagia
olive	/ɔliv/\n\n1. azeitona\n2. olivo
olive-oil	azeite
olive-tree	oliveira
Olympus	[s]\nOlimpo
omega	[s]\nômega
omen	/oumen/\n\n1. adivinhação\n2. agouro\n3. augúrio\n4. presságio\n5. profecia
ominous	[adjective]\n\n1. ameaçador\n2. de mau agrouro
ominously	[adverb]\nde forma preocupante
omission	[s]\n\n1. omissão\n2. descuido\n3. negligência
omit	/əmit/\n\n[vt]\n\n1. omitir\n2. deixar passar\n3. escapar\n4. preterir
omnibus	/ɔmnibəs/\n\n[s]\n\n1. ônibus\n2. auto-ônibus
omnipotent	/ɔmnipətənt/\n\n[adjective]\nonipotente
omnipresent	/ɔmniprizent/\n\n[adjective]\n\n1. onipresente\n2. ubíquo
omniscient	[adjective]\nonisciente
on	/wʌn/\n\n1. a. adiante\n  b. avante\n  c. para frente\n2. a. dentro de\n  b. em\n3. a. a\n  b. ao\n  c. com\n4. a. através de\n  b. por\n  c. por intermédio de\n  d. por meio de\n5. mais\n6. a. acerca de\n  b. a respeito de\n  c. quanto a\n7. sobre
on account of	/wʌnəkauntɔf/\n\n1. em troca de\n2. pro causa de
on occasion	/wʌnəkeiʒn/\n\n1. outrora\n2. uma vez
on purpose	/wʌnpʌpouz/\n\n1. de propósito\n2. intencionalmente\n3. deliberadamente
on that account	/wʌnðætəkaunt/\n\n1. em vista disso\n2. por este motivo\n3. por isso\n4. por tanto
on the contrary	/wʌnðkɔntrɛəriː/\n\n1. ao contrário\n2. em frente\n3. pelo contrário
on the left	/wʌnðleft/\n\nà esquerda
on the other hand	/wʌnðʌðərhænd/\n\npor outro lado
on the other side of	/wʌnðʌðərsaidɔf/\n\n1. além de\n2. através de\n3. do outro lado de\n4. para lá de
on the right	/wʌnðrait/\n\nà direita
on the whole	/wʌnðhoul/\n\n1. em suma\n2. na sua generalidade\n3. numa palavra
on time	/wʌntaim/\n\n1. exato\n2. pontual
on top	/wʌntoup/\n\n1. acima\n2. para cima
once	/wʌns/\n\n1. uma vez\n2. outrora
once more	/wʌnsmɔːr/\n\n1. uma vez mais\n2. a. de novo\n  b. novamente\n  c. outra vez
oncogene	[s]\noncogene
oncogenesis	[s]\noncogênese
oncogenic	[adjective]\noncogênico
oncogenicity	[s]\noncogenicidade
oncologic	[adjective]\noncológico
oncological	[adjective]\noncológico
oncologist	[s]\noncologista
oncology	[s]\noncologia
one	/wʌn/\n\n1. a. um\n  b. uma\n2. a. alguém\n  b. algum\n  c. uma pessoa
one at a time	/wʌneitətaim/\n\num a um
one hundred	/wʌnhʌndrəd/\n\ncem
one more time	/wʌnmɔːrtaim/\n\n1. bis\n2. mais\n3. outra vez
one thousand	/wʌnθauznd/\n\nmil
one time	/wʌntaim/\n\numa vez
one-way traffic	1. direçãoobrigatória\n2. direcçãoobrigatória\n3. mão-única
onerous	/ɔnərəs/\n\n1. oneroso\n2. pesado
onion	/ʌniən/\n\ncebola
only	/ounliː/\n\n1. a. só\n  b. somente\n  c. apenas\n  d. não mais que\n2. a. isolado\n  b. sozinho\n  c. único
only just	/ounliːdʒʌst/\n\n1. apenas\n2. logoque\n3. mal\n4. quasenão
onset	[s]\n\n1. a. começo\n  b. início\n2. ataque
opacity	[s]\nopacidade
opal	/oupl/\n\nopala
opaque	[adjective]\nopaco
open	/oupən/\n\n1. aberto\n2. abrir
open up	/oupənʌp/\n\nabrir
open-work	rendadoàjour
opening	/oupəniŋ/\n\n1. abertura\n2. boca\n3. bocal\n4. fenda\n5. fresta\n6. orificio\n7. vão
openly	/ɔpnliː/\n\n1. abertamente\n2. semrodeios
openness	[s]\nabertura
opera	/ɔpərə/\n\nópera
operable	operável
operate	/ɔpəreit/\n\n1. operar\n2. a. estar em exercício\n  b. exercer funções\n  c. funcionar
operating system	[s]\nsistema operacional
operation	/ɔpəreiʃən/\n\noperação
operative	/ɔpərətiv/\n\n1. obreiro\n2. operário\n3. trabalhador
operator	[s]\noperador
ophtalmologist	/ɔftælmɔlədʒist/\n\noftalmologista
ophthalmologic	[adjective]\noftalmológico
opine	/əpain/\n\n1. julgar\n2. opinar\n3. ser de opinião
opinion	/əpiniən/\n\nopinião
opisthotonos	[s]\nopistótono
opium	/oupiəm/\n\nópio
Oporto	/əpɔːtou/\n\nPorto
opossum	/əpɔsjuːm/\n\n1. didelfo\n2. gambá\n3. saragüéia\n4. seringüê\n5. timbu
opponent	1. oponente\n2. adversário
opportune	/əpɔːtʃuːn/\n\n1. cómodo\n2. cômodo\n3. propício
opportunist	/ɔpətjuːnist/\n\noportunista
opportunity	/ɔpətjuːnitiː/\n\n1. acontecimento\n2. ocorrência
oppose	/əpouz/\n\n1. contrariar\n2. impedir\n3. opor-se
opposed to	/əpouzdtou/\n\n1. contra\n2. defrontede\n3. emfrentede\n4. emtrocade
opposer	[s]\nopositor
opposing	1. oposto\n2. contrário
opposite	/ɔpəzit/\n\n[s]\n[adjective]\n[adverb]\n\n1. oponente\n2. oposto\n3. a. contra\n  b. de fronte de\n  c. em frente de\n  d. em troca de
opposition	/ɔpəziʃən/\n\n1. antagonismo\n2. oposição
oppress	/əpres/\n\n1. apertar\n2. comprimir\n3. espremer
oppressing	/əpresiŋ/\n\n1. angustioso\n2. ansioso
oppression	[s]\nopressão
oppressor	[s]\nopressor
oppurtunity	[s]\noportunidade
optician	/ɔptiʃən/\n\noculista
optimism	/ɔptimizəm/\n\notimismo
optimist	/ɔptimist/\n\notimista
optimistic	[adjective]\notimista
optimization	otimização
optimize	otimizar
option	/ɔpʃən/\n\n1. opção\n2. alternativa\n3. intercorrência
optional	opcional
optionally	[adverb]\nopcionalmente
or	/ər/\n\nou
orache	/əræ/\n\natríplex
oracle	/ɔrəkl/\n\noráculo
oral	/ɔːrəl/\n\n1. bucal\n2. oral\n3. verbal
orally	/ɔːrəliː/\n\n1. oralmente\n2. de viva voz
orange	/ɔrindʒ/\n\n[s]\n[adjective]\nlaranja
orange-tree	laranjeira
oration	[s]\noração
orator	/ɔrətər/\n\norador
oratorical	/ɔrətɔrikl/\n\noratório
oratory	/ɔrətriː/\n\nretórica
orbit	/ɔːbit/\n\nórbita
orchard	/ɔːtʃəd/\n\npomar
orchestra	/ɔːkistrə/\n\norquestra
orchid	/ɔːtʃid/\n\norquídea
ordain	/ɔːdein/\n\n1. aprazar\n2. destinar\n3. reservar
ordeal	/ɔːdiːl/\n\n1. aflição\n2. agonia\n3. pesar
order	/ɔːdər/\n\n1. a. ordem\n  b. comando\n  c. prescrição\n2. a. encomenda\n  b. pedido\n3. a. arranjo\n  b. disposição\n  c. ordo\n4. a. ordenar\n  b. dar ordem\n  c. mandar\n  d. encomendar\n  e. prescrever\n  f. reservar
ordinarily	/ɔːdinəriliː/\n\n1. a. habitualmente\n  b. usualmente\n2. normalmente
ordinary	/ɔːdnriː/\n\n1. ordinário\n2. comum\n3. usual
ore	/ɔːr/\n\nminério
organ	/ɔːgən/\n\n[s]\nórgão
organic	/ɔːgænik/\n\norgânico
organism	/ɔːgənizəm/\n\norganismo
organization	/ɔːgənaizeiʃən/\n\n[s]\norganização
organize	/ɔːgənaiz/\n\n[vt]\norganizar
organizer	[s]\norganizador
orgasm	[s]\norgasmo
orgasmic	[adjective]\norgásmico
orgiastic	/ɔːdʒiæstik/\n\norgíaco
orgy	/ɔːdʒiː/\n\n1. bacanal\n2. orgia
orient	/ɔːriənt/\n\norientar
Oriental	/ɔːrientl/\n\noriental
orientation	orientação
orifice	[s]\norifício
origin	/əridʒin/\n\n1. origem\n2. procedência
original	/əridʒənl/\n\noriginal
originally	[adverb]\noriginalmente
originate	/əridʒineit/\n\n1. a. derivar\n  b. provir\n  c. virde\n2. originar-se
ornament	/ɔːnəmənt/\n\n1. a. decorar\n  b. fazer decoração\n  c. adornar\n  d. ornamentar\n2. a. adorno\n  b. ornamento
ornamental	/ɔːnəmentl/\n\nornamental
oronasal	[adjective]\noronasal
orphan	/ɔːfein/\n\nórfão
orthodox	/ɔːθədɔks/\n\nortodoxo
orthographic	[adjective]\nortográfico
orthography	[s]\nortografia
orthostatic	[adjective]\nortostático
oscillator	/ɔsileitər/\n\noscilação
oscillopsia	[s]\noscilopsia
oscilloscope	/əsiləskoup/\n\noscilógrafo
ostentation	[s]\nostentação
osteomyelitis	[s]\nosteomielite
ostium	[s]\nóstio
ostracism	[s]\nostracismo
ostrich	/ɔstritʃ/\n\navestruz
other	/ʌðər/\n\n1. outro\n2. diferente\n3. diverso
other than	/ʌðərθein/\n\nexcepcionalmente
otherwise	/ʌðəwaiz/\n\n1. diferente\n2. caso contrário\n3. por outro lado\n4. de outra forma
otitis	[s]\notite
otologist	[s]\notologista
otomycosis	[s]\n\n1. otomicose\n2. infecção do ouvido por fungo
otorrhea	[s]\n\n1. otorréia\n2. secreção do ouvido
ototoxicity	[adjective]\nototoxicidade
ouch	/autʃ/\n\nai
ought to	/ɔːttou/\n\n1. dever\n2. ter a obrigação\n3. ter de\n4. ter que
ounce	/auns/\n\nonça
our	/eər/\n\n1. nossa\n2. nosso
ours	nosso
ourselves	[pronoun]\nnós mesmos
oust	[vt]\n\n1. expulsar\n2. enxotar
out	/aut/\n\n1. fora\n2. de fora
out of	/autɔf/\n\n1. de\n2. dentre
out of date	/autɔfdeit/\n\n1. antiquado\n2. fora de moda\n3. obsoleto
out-of-date	[adjective]\n\n1. desatualizado\n2. obsoleto\n3. antigo
outage	[s]\nfalha ou interrupção de energia elétrica
outbreak	[s]\n\n1. deflagração\n2. surto\n3. epidemia
outburst	explosão
outcome	[s]\nresultado
outdate	[vt]\n\n1. tornar obsoleto\n2. tornar antiquado
outdated	[adjective]\n\n1. obsoleto\n2. antiquado
outdo	[vt]\n\n1. superar\n2. exceder\n3. ser melhor que
outdoor	ao ar livre
outer	/autər/\n\n1. adventício\n2. exterior\n3. externo
outfit	/autfit/\n\n1. a. fato\n  b. jogo\n  c. terno\n2. a. costume\n  b. traje\n  c. veste
outing	/autiŋ/\n\nexcursão
outline	/autlain/\n\n[s]\n[vt]\n\n1. contorno\n2. a. recorte\n  b. silhueta\n3. esboço\n4. delinear\n5. traçar\n6. contornar
outlook	[s]\n\n1. perspectiva\n2. ponto de vista
outnumber	[vt]\n\n1. exceder em números\n2. ser mais numeroso que
outpatient	[s]\n\n1. paciente ambulatorial\n2. paciente não internado\n3. paciente externo
outperform	[vt]\napresentar melhor que
output	[s]\n\n1. saída\n2. débito
outreach	[vt]\n\n1. chegar\n2. alcançar
outside	/autsid/\n\n1. a. afora\n  b. forade\n2. a. adventício\n  b. exterior\n  c. externo\n3. a. fora\n  b. defora
outside of	/autsidɔf/\n\n1. afora\n2. forade
outskirts	/autskəːts/\n\nperiferia
outstanding	pendente
outstrip	[vt]\n\n1. superar\n2. ultrapassar
outweigh	[vt]\n\n1. superar\n2. compensar\n3. pensar mais que\n4. resolver
oval	/ouvəl/\n\noval
ovarian	[adjective]\n\n1. ovariano\n2. do ovário
ovary	[s]\novário
ovation	/ouveiʃən/\n\novação
oven	/ʌvn/\n\n1. fogão\n2. forno
over	/ouvər/\n\n1. acima de\n2. sobre
over there	/ouvərðər/\n\n1. acolá\n2. aí\n3. além\n4. ali
overactive	[adjective]\n\n1. hiperativo\n2. ativo em excesso
overactivity	[s]\n\n1. hiperatividade\n2. atividade em excesso
overall	/ouvərɔːl/\n\n1. a. total\n  b. totalitário\n2. a. inteiro\n  b. todo
overbearingness	/ouvəbɛəriŋnis/\n\n1. arrogância\n2. impertinência
overcoat	/ouvəkout/\n\n1. casacão\n2. paletó\n3. sobretudo
overcome	[adjective]\n[vt]\n\n1. superado\n2. a. superar\n  b. vencer
overdraw	[vt]\n\n1. exagerar\n2. fazer demais\n3. exceder
overdue	[adjective]\n\n1. atrasado\n2. que não foi pago na data certa
overestimate	/ouvərestimət/\n\nsuperestimar
overflow	[vi]\ntransbordar
overflowing	/ouvəflouiŋ/\n\nsupérfluo
overfull	[adjective]\ncheio demais
overground	/ouvəgraund/\n\naéreo
overgrow	[vt]\n[vi]\n\n1. crescer até cobrir\n2. crescer exageradamente
overgrowth	[s]\ncrescimento exagerado
overhaul	/ouvəhɔːl/\n\n[s]\n[vt]\n\n1. revisão\n2. a. revisar\n  b. examinar
overhead	/ouvəhed/\n\n[s]\n[adjective]\n[adverb]\n\n1. a. gasto\n  b. despesa\n  c. custo\n2. de cima\n3. aéreo\n4. acima da cabeça
overlap	[s]\n[vi]\n\n1. sobreposição\n2. a. sobrepor\n  b. coincidir
overlay	/ouvəlei/\n\n1. cobrir\n2. encapar\n3. enfronhar
overload	1. sobrecarga\n2. sobrecarregar
overlook	/ouvəluk/\n\n1. deixar passar\n2. escapar\n3. omitir\n4. preterir
overpower	/ouvəpauər/\n\n1. a. sujeitar\n  b. superar pela força\n  c. prevalecer\n2. a. defraudar\n  b. esbulhar\n  c. usurpar
overpowering	[adjective]\nirresistível
overpoweringly	[adverb]\nirresistivelmente
overproduction	[s]\n\n1. superprodução\n2. produção exagerada
overrate	superestimar
oversee	[vt]\n\n1. inspecionar\n2. verificar
overshoe	/ouvəʃuː/\n\ngalocha
oversight	[s]\n\n1. a. omissão\n  b. descuido\n  c. desatenção\n2. a. supervisão\n  b. vigilância
overt	[adjective]\n\n1. claro\n2. aparente\n3. aberto\n4. explícito
overtake	/ouvəteik/\n\n1. avaçar\n2. a. exceder\n  b. passardelargo\n  c. ultrapassar
overthrow	/ouvəθrou/\n\n1. derrubar\n2. a. deitarporterra\n  b. derribar\n  c. entornar\n  d. revirar
overtly	[adverb]\n\n1. claramente\n2. abertamente\n3. explicitamente
overture	/ouvətʃər/\n\nouverture
overview	[s]\n\n1. revisão rápida\n2. resumo geral
overweight	[s]\n[adjective]\n\n1. a. sobrepeso\n  b. excesso de peso\n2. que está acima do peso normal
overwhelm	/ouvəwelm/\n\n1. sobrepujar\n2. impressionar
overwhelming	[adjective]\nirresistível
overwhelmingly	[adverb]\n\n1. a. em massa\n  b. esmagadoramente\n2. irresistivelmente
ow	/ou/\n\n1. ai\n2. ah
owe	/ou/\n\ndever
owing to	/ouiŋtou/\n\n1. em troca de\n2. pro causa de
owl	/aul/\n\n1. bufo\n2. coruja\n3. corujão\n4. mocho
own	/oun/\n\n1. a. próprio\n  b. pessoal\n2. a. possuir\n  b. ter\n  c. ser proprietário
owner	/ounər/\n\n1. dono\n2. proprietário
ownership	[s]\n\n1. propriedade\n2. posse
ox	/ɔks/\n\nboi
oxygen	/ɔksidʒən/\n\n1. oxigénio\n2. oxigênio
oxygenation	[s]\noxigenação
oxytocin	ocitocina
oyster	/ɔistər/\n\nostra
ozone	/ouzoun/\n\nozônio
pace	/peis/\n\n1. passo\n2. a. andar\n  b. passear\n  c. caminhar\n  d. dar um passo
pacific	/pəsifik/\n\npacífico
Pacific Ocean	/pəsifikouʃən/\n\nOceano Pacífico
pacify	[vt]\npacificar
pack	/pæk/\n\n[s]\n[vt]\n\n1. a. embrulho\n  b. pacote\n2. a. embalar\n  b. empacotar\n  c. enfardar
package	[s]\n[vt]\n\n1. pacote\n2. empacotar
packer	[s]\nempacotador
packet	/pækit/\n\npacote
pad	/pæt/\n\n1. a. bloco\n  b. massa\n  c. peça\n2. estofar
paddle	/pædl/\n\n1. a. chapinhar\n  b. patejar\n2. pá
pagan	/peigən/\n\npagão
page	/pædʒ/\n\n1. a. escudeiro\n  b. pagem\n2. a. lauda\n  b. página
paginate	[vt]\n\n1. paginar\n2. numerar as páginas
pagoda	[s]\npagode
paid up	/peidʌp/\n\n1. desobrigado\n2. quite
paid-up	1. desobrigado\n2. quite
pail	/peil/\n\n1. balde\n2. caçamba
pain	/pein/\n\n1. aflição\n2. dor
painful	/peinfəl/\n\ndoloroso
painfully	[adverb]\ndolorosamente
painless	[adjective]\nindolor
paint	/peint/\n\n1. pintar\n2. tinta\n3. pincelar
paintbrush	/peintbrʌʃ/\n\npincel
painter	/peintər/\n\npintor
painting	/peintiŋ/\n\npintura
pair	/pɛər/\n\n1. par\n2. a. casal\n  b. parelha
pair of pincers	/pɛərɔfpinsəz/\n\ntenazes
Pakistan	/pɑːkistɑːn/\n\nPaquistão
pal	/peil/\n\n1. camarada\n2. companheiro
palace	/pælis/\n\npalácio
palate	[s]\npalato
pale	/peil/\n\n1. descorado\n2. pálido
Palestine	/pɔːlstin/\n\nPalestina
palet	/pæli/\n\n1. paleta\n2. palheta
palette	[s]\npaleta
palisade	/pæliseid/\n\n1. estacada\n2. paliçada
pallette	[s]\npaleta
palm	/pɑːm/\n\n1. palma\n2. palmeira
palmtree	/pɔːmtriː/\n\n1. palma\n2. palmeira
palpable	[adjective]\npalpável
palsy	[s]\n\n1. paralisia\n2. marasmo
pamper	/pæmpər/\n\n1. acariciar\n2. afagar\n3. amimar\n4. favorecer\n5. mimosear
pamphlet	/pæmflit/\n\n1. a. brochura\n  b. opúsculo\n2. a. libelo\n  b. panfleto
panacea	[s]\n\n1. a. panacéia\n  b. remédio que cura tudo\n2. deusa grega que personifica a cura através das ervas
panache	[s]\npenacho
pancreatitis	[s]\npancreatite
pane	/pein/\n\nobjetodevidro
panel	/pænl/\n\npainel
panic	/pænik/\n\n1. pânico\n2. terrorinfundado
pansy	/pænziː/\n\namor-perfeito
panties	/pæntiz/\n\n1. cuecas\n2. calças\n3. ceroulas
pantomime	/pæntəmaim/\n\npantomima
pantry	/pæntriː/\n\n1. aparador\n2. despensa
pants	/pænts/\n\ncalças
papaw	/pɔːpɔː/\n\n1. mamoeiro\n2. papaia
papaya	/pəpaiə/\n\n1. mamoeiro\n2. papaia
paper	/peipər/\n\n1. documento\n2. papel
paperback	/peipəbæk/\n\n1. brochura\n2. opúsculo
paperbacked	/peipəbækt/\n\n1. brochado\n2. nãoencadernado
papilledema	[s]\n\n1. papiledema\n2. edema de papila
paprika	/pæprikə/\n\npáprica
paracentesis	[s]\nparacentese
parachute	/pærəʃuːt/\n\npára-quedas
parade	/pəreid/\n\n1. a. alardear\n  b. desfilar\n  c. formaremparada\n2. a. parada\n  b. ostentação
paradigm	[s]\nparadigma
paradise	/pærədais/\n\n[s]\nparaíso
paradox	/pærədɔks/\n\n[s]\nparadoxo
paradoxical	/pærədɔksikl/\n\n[adjective]\nparadoxal
paraffin-oil	[s]\npetróleo
paragraph	/pærəgrɑːf/\n\n[s]\n\n1. parágrafo\n2. alínea
parallel	/pærəlel/\n\n[adjective]\nparalelo
paralyse	/pærəlaiz/\n\n[vt]\n\n1. entorpecer\n2. paralisar
paralysis	/pəræləsis/\n\n[s]\nparalisia
paralytic	[adjective]\nparalítico
parameter	/pəræmitər/\n\n[s]\nparâmetro
paramount	[s]\n[adjective]\n\n1. chefe\n2. a. supremo\n  b. o mais alto na escala\n3. predominante\n4. preponderante
paraneoplastic	[adjective]\nparaneoplásico
paranoia	/pærənɔiə/\n\n[s]\nparanóia
paranoid	[s]\n[adjective]\n\n1. paranóico\n2. pessoa com paranóia
paraplegia	[s]\nparaplegia
parasite	/pærəsait/\n\n[s]\nparasita
parcel	/pɑːsl/\n\n[s]\n\n1. parcela\n2. lote
pardon	/pɑːdn/\n\n[s]\n[vt]\n\n1. perdão\n2. a. desculpar\n  b. escusar\n  c. perdoar\n3. anistiar
parenchyma	[s]\nparênquima
parenchymal	[adjective]\ndo parênquima
parent	[s]\npai
parenthesis	/pərenθəsis/\n\n[s]\nparêntese
parents	/pɛərənts/\n\n[s]\n\n1. pais\n2. pai e mãe
paresis	[s]\nparesia
paresthesia	[s]\nparestesia
parietal	[adjective]\nparietal
Paris	/pæris/\n\nParis
parish	/pæriʃ/\n\n[s]\n\n1. freguesia\n2. paróquia
parishioner	/pəriʃənər/\n\nparoquiano
Parisian	/pəriziən/\n\nparisiense
parity	[s]\n\n1. paridade\n2. igualdade
park	/pɑːk/\n\n[s]\n[vt]\n\n1. parque\n2. estacionamento\n3. estacionar
parliament	/pɑːləmənt/\n\n[s]\nparlamento
parliamentary	/pɑːləmentriː/\n\nparlamentar
parlour	/pɑːlər/\n\n[s]\n\n1. sala de visitas\n2. salão
parochial	/pəroukiəl/\n\n[adjective]\nparoquial
parrot	/pærət/\n\n[s]\n[vi]\n\n1. papagaio\n2. papaguear
parse	[vt]\nanalizar sintaticamente
parsley	/pɑːsliː/\n\n[s]\nsalsa
part	/pɑːt/\n\n[s]\n\n1. parte\n2. papel\n3. a. parcela\n  b. quinhão
parterre	/pɑːtɛər/\n\n1. andar térreo\n2. platéia
Parthian	/pɑːθiən/\n\n1. a. parcial\n  b. partitivo\n2. a. parcela\n  b. parte\n  c. quinhão
partial	/pɑːʃl/\n\n[adjective]\nparcial
partially	/pɑːʃəliː/\n\n[adverb]\nem parte
participant	[s]\nparticipante
participate	/pɑːtisipeit/\n\n[vt]\n\n1. participar\n2. tomar parte
participation	[s]\nparticipação
participle	/pɑːtispl/\n\n[s]\nparticípio
particle	/pɑːtikl/\n\n[s]\n\n1. elemento\n2. partícula
particular	/pətikjulər/\n\n1. a. avulso\n  b. especial\n  c. isolado\n  d. particular\n  e. peculiar\n  f. reservado\n2. a. extraordinário\n  b. próprio
particularize	[vt]\nparticularizar
particularly	[adverb]\nparticularmente
partition	[s]\n[vt]\n\n1. partilha\n2. partilhar
partly	/pɑːtliː/\n\n[adverb]\nem parte
partner	/pɑːtnər/\n\n[s]\n\n1. parceiro\n2. sócio\n3. associado
partridge	/pɑːtridʒ/\n\n[s]\nperdiz
party	/pɑːtiː/\n\n1. grupo não organizado\n2. a. celebração\n  b. festa\n3. a. bandeira\n  b. facção\n  c. partida\n  d. partido
pass	/pɑːs/\n\n1. a. passar\n  b. fazer passar\n  c. avaçar\n2. a. alienar\n  b. transmitir\n3. a. passe\n  b. licença
pass away	/pɑːsɔːwei/\n\n1. falecer\n2. morrer
pass by	/pɑːsbiː/\n\n1. passar\n2. a. exceder\n  b. passar de largo\n  c. ultrapassar
pass the night	/pɑːsðnait/\n\npassar a noite
passage	/pæsidʒ/\n\n1. a. corredor\n  b. galeria\n  c. passagem\n2. viela
passageway	/pæsidʒwei/\n\n1. passagem\n2. viela
passenger	/pæsindʒər/\n\npassageiro
passenger train	/pæsindʒərtrein/\n\n1. trem de passageiros\n2. mixto
passion	/pæʃən/\n\n1. paixão\n2. pardor
passionate	/pæʃəneit/\n\n1. passional\n2. apaixonado
passive	passivo
passively	[adverb]\n\n1. passivamente\n2. de forma passiva
passport	/pɑːspɔːt/\n\npassaporte
password	senha
passwordless	[adjective]\n\n1. sem senha\n2. que não tem senhas
past	/pɑːst/\n\n1. passado\n2. a. além\n  b. aoladode\n  c. pordiantede
paste	/peist/\n\n1. massa\n2. pasta
pastor	/pɑːstər/\n\n1. a. cura\n  b. pároco\n  c. vigário\n2. pastor\n3. a. clérigo\n  b. padre\n  c. sacerdote
pasty	[adjective]\npastoso
pat	/pæt/\n\nbaterdeleve
patch	/pætʃ/\n\n1. a. remendo\n  b. retalho\n2. a. consertar\n  b. remendar
patch up	/pætʃʌp/\n\n1. consertar\n2. remendar
patchy	[adjective]\n\n1. cheio de remendos\n2. a. irregular\n  b. desigual
pate	/peit/\n\n1. cabeça\n2. a. empada\n  b. pastel
patency	[s]\npatência
patent	[s]\n[adjective]\n[vt]\n\n1. patente\n2. a. aberto\n  b. claro\n3. patentear
patently	[adverb]\n\n1. claramente\n2. abertamente
paternal	[adjective]\npaterno
paternity	[s]\npaternidade
path	/pɑːθ/\n\n1. a. senda\n  b. trilho\n  c. vereda\n2. caminho
pathogen	[s]\npatógeno
pathogenesis	[s]\npatogênese
pathogenic	[adjective]\npatogênico
pathogenicity	[s]\npatogenicidade
pathologic	[adjective]\npatológico
pathologically	[adverb]\n\n1. patologicamente\n2. de forma patológica
pathology	[s]\npatologia
pathophysiology	[s]\npatofisiologia
pathway	[s]\ncaminho
patience	/peiʃəns/\n\npaciência
patient	/peiʃənt/\n\n1. paciente\n2. doente
patiently	[adverb]\n\n1. pacientemente\n2. de forma paciente
patriarch	/peitriɑːk/\n\npatriarca
patrimony	[s]\npatrimônio
patriot	/pætriət/\n\npatriota
patriotic	/peitriɔtik/\n\npatriótico
patriotism	/pætriətizəm/\n\npatriotismo
patrol	/pətroul/\n\n1. patrulhar\n2. a. patrulha\n  b. ronda
patrolman	/pətroulmən/\n\ngendarme
patron	/pætrən/\n\n1. patrono\n2. a. protector\n  b. protetor
patronage	/pætrənidʒ/\n\n1. auspício\n2. bomaugúrio
pattern	/pætən/\n\n1. esquema\n2. a. chapa\n  b. clichê\n  c. molde\n  d. padrão
pause	/pɔːz/\n\n1. fazerumapausa\n2. a. pausa\n  b. suspensão
pave	/peiv/\n\n1. calçar\n2. pavimentar
pavement	/peivmənt/\n\n1. pavimento\n2. a. calçada\n  b. passeio
pavilion	/pəviliən/\n\npavilhão
paw	/pɔː/\n\nperna
pawn	/pɔːn/\n\n1. peão\n2. a. praça\n  b. soldado
pay	/pei/\n\n1. pagar\n2. custear
pay attention	/peiətenʃən/\n\n1. atender\n2. fixar a atenção em\n3. prestara atenção
pay attention to	/peiətenʃəntou/\n\n1. atender\n2. fixar a atenção em\n3. prestar a atenção
pay homage to	/peihɔmidʒtou/\n\nhomenagear
pay out	/peiaut/\n\ngastar
pay tribute	/peitribjuːt/\n\ntributar
payment	/peimənt/\n\npagamento
pea	/piə/\n\n1. ervilha\n2. ervilheira
peace	/piːs/\n\npaz
peaceable	[adjective]\npacífico
peaceful	/piːsfəl/\n\npacífico
peaceloving	/piːsilʌviŋ/\n\npacífico
peach	/piːtʃ/\n\npêssego
peacock	/piːkɔk/\n\npavão
peak	/piːk/\n\n1. ápice\n2. extremidade\n3. pico\n4. ponta
peal	/piːl/\n\n1. soar\n2. vibrar
peanut	/piːnʌt/\n\n1. amendoim\n2. aráquida
pear	/piər/\n\npêra
pear-tree	pereira
pearl	/pəːl/\n\npérola
peasant	/pesnt/\n\ncamponês
peculiar	/pikjuːliər/\n\n1. estranho\n2. esquisito\n3. excêntrico
pedal	/pedəl/\n\n1. pedalar\n2. pedal
peddle	/pedl/\n\n1. chatinar\n2. mercadejar\n3. traficar
pedestal	[s]\npedestal
pedestrian	/pidestriən/\n\npedestre
pediatrics	[s]\npediatria
peel	/piːl/\n\n1. descascar\n2. a. casca\n  b. crosta
peep	/piːp/\n\n1. gorjear\n2. piar\n3. pipilar
peg	/peg/\n\naperitivo
Peiping	/paipiŋ/\n\nPequim
Peking	/piːkiŋ/\n\nPequim
pelican	[s]\npelicano
pelvic	pélvico
pelvis	/pelvis/\n\n1. alguidar\n2. bacia\n3. tijela
pen	/pen/\n\n1. aprisco\n2. chiqueiro\n3. curral
pen-knife	canivete
penalty	[s]\npenalidade
pencil	/pensl/\n\nlápis
Penelope	/pəniːlɔp/\n\nPenélope
penetrable	[adjective]\npenetrável
penetrate	/penitreit/\n\n1. introduzir-se\n2. penetrar
penetration	penetração
penicillin	[s]\npenicilina
peninsula	/pəninsjulə/\n\npenínsula
penis	/piːnis/\n\n1. pênis\n2. caralho
penitence	[s]\npenitência
penitent	[adjective]\npenitente
pension	/penʃən/\n\npensão
pensioner	/penʃənər/\n\npensionista
pentavalent	[adjective]\npentavalente
Pentecost	/pentikɔst/\n\nPentecostes
people	/piːpl/\n\n1. gente\n2. povo\n3. nação
pepper	/pepər/\n\n1. apimentar\n2. a. pimenta\n  b. pimenta-do-reino
peptide	[s]\npeptídeo
per	/pər/\n\n1. a. dentrode\n  b. em\n2. a. afimde\n  b. para\n  c. paraque
percent	/pəsent/\n\n1. juros\n2. percentagem\n3. taxa
percentage	/pəsentidʒ/\n\n1. juros\n2. percentagem\n3. taxa
perceptible	[adjective]\n\n1. perceptível\n2. que se pode perceber\n3. visível
perchance	/pəːtʃəns/\n\n1. acaso\n2. porventura\n3. possivelmente\n4. talvez
percussion	[s]\npercussão
percutaneous	[adjective]\npercutâneo
perdition	[s]\nperdição
perdurable	[adjective]\nperdurável
peregrinate	[vt]\nperegrinar
peregrination	[s]\nperegrinação
perfect	/pəːfikt/\n\n1. a. aprimorado\n  b. perfeito\n2. aperfeiçoar
perfection	/pəfekʃən/\n\nperfeição
perfectly	perfeitamente
perfectness	[s]\nperfeição
perforation	[s]\nperfuração
perform	/pəfɔːm/\n\n1. a. aparecer\n  b. publicar-se\n  c. sair à luz\n  d. vir a lume\n2. entrar\n3. a. fazer\n  b. formar\n  c. executar\n4. a. cumprir\n  b. desempenhar\n5. a. apresentar\n  b. oferecer
performance	[s]\n\n1. performance\n2. desempenho
perfume	/pəfjuːm/\n\n[s]\n[vt]\n\n1. a. fragrância\n  b. perfume\n2. a. defumar\n  b. perfumar
perfusion	[s]\nperfusão
perhaps	/pəhæps/\n\n1. acaso\n2. por ventura\n3. possivelmente\n4. talvez
peril	/perəl/\n\n[s]\n\n1. perigo\n2. risco
perilymph	[s]\nperilinfa
perimeter	/pərimitər/\n\n[s]\nperímetro
perinatal	[adjective]\nperinatal
period	/piəriəd/\n\n[s]\nperíodo
periodic	[adjective]\nperiodico
periodical	/piəriɔdikl/\n\n[s]\n[adjective]\n\n1. a. gazeta\n  b. folha\n  c. revista\n2. periódico
peripheral	[adjective]\nperiférico
periphery	/pərifəriː/\n\n[s]\nperiferia
periscope	/periskoup/\n\n[s]\nperiscópio
perish	/periʃ/\n\n1. destruir-se\n2. perecer
peritoneal	[adjective]\nperitoneal
peritoneum	[s]\nperitônio
peritonitis	[s]\nperitonite
perivascular	[adjective]\nperivascular
perjure	[vt]\nperjurar
perjury	[s]\nperjúrio
permanent	/pəːmənənt/\n\n[adjective]\n\n1. constante\n2. contínuo\n3. permanente
permanently	[adverb]\npermanentemente
permeability	[s]\npermeabilidade
permission	/pəmiʃən/\n\n[s]\n\n1. consenso\n2. consentimento\n3. permissão
permit	/pəːmit/\n\n1. a. aquiescer\n  b. consentir\n  c. permitir\n2. licença
pernicious	[adjective]\npernicioso
perniciously	[adverb]\nperniciosamente
perpendicular	[adjective]\nperpendicular
perpendicularly	[adverb]\nperpendicularmente
perpetual	[adjective]\n\n1. perpétuo\n2. eterno
perpetually	[adverb]\nperpetuamente
perpetuate	[vt]\nperpetuar
perplexed	/pəplekst/\n\n[adjective]\n\n1. hesitante\n2. perplexo
perplexity	/pəpleksitiː/\n\n[s]\n\n1. aperto\n2. embaraço\n3. estorvo\n4. óbice\n5. perplexidade
persecute	/pəːsikjuːt/\n\n1. acossar\n2. perseguir
perseverance	/pəːsiviərəns/\n\n[s]\nperseverança
persevere	/pəːsiviər/\n\n1. insistir\n2. perseverar\n3. persistir
Persia	/pəːʃə/\n\nIrã
Persian	/pəːʃən/\n\niraniano
persist	/pəːsist/\n\n1. a. obstinar-se\n  b. teimar\n2. a. insistir\n  b. perseverar\n  c. persistir
persistence	[s]\n\n1. persistência\n2. empenho
persistency	[s]\npersistência
persistent	/pəsistənt/\n\npersistente
person	/pəːsn/\n\n1. personagem\n2. pessoa
personage	[s]\npersonagem
personal	/pəːsənl/\n\n1. pessoal\n2. a. peculiar\n  b. próprio
personality	/pəːsənælitiː/\n\n1. a. carácter\n  b. índole\n  c. temperamento\n2. personalidade
personally	[adverb]\npessoalmente
personate	[vt]\npersonificar
personnel	/pəːsənel/\n\npessoal
perspective	/pəspektiv/\n\nperspectiva
perspiration	/pəːspəreiʃən/\n\n1. suor\n2. transpiração
persuade	/pəsʌɔd/\n\n1. convencer\n2. persuadir
persuasion	/pəsweiʒn/\n\npersuasão
persuasive	[adjective]\npersuasivo
pertinent	[adjective]\npertinente
perturb	/pətəːb/\n\n1. causarperturbação\n2. perturbar
perturbation	[s]\npertubação
perverse	/pəvəːs/\n\n1. malvado\n2. perverso
pervert	[adjective]\npervertido
pessimism	/pesimizəm/\n\npessimismo
pessimist	/pesimist/\n\npessimista
pessimistic	/pesimistik/\n\npessimista
pestilence	/pestiləns/\n\npeste
pestle	/pesl/\n\nmão de almofariz
pet	/pit/\n\n1. acariciar\n2. afagar\n3. amimar\n4. favorecer\n5. mimosear
petal	/petl/\n\npétala
petition	/pitiʃən/\n\n1. petição\n2. requerimento
petrol	/pitroul/\n\n1. benzina\n2. gasolina
petrol tank	/pitroultæŋk/\n\ntanquedegasolina
petroleum	/pitrouliəm/\n\npetróleo
petticoat	/petikout/\n\n1. anágua\n2. saiote
petulant	/petjulənt/\n\ntraquinas
Phaeton	/feitn/\n\nFáeton
phagocytosis	[s]\nfagocitose
phantom	/fæntuːm/\n\n1. aparição\n2. fantasma
pharmaceutical	/fɑːməsjuːtikl/\n\nremédio
pharmacological	[adjective]\nfarmacológico
pharmacopoeia	[s]\nfarmacopéia
pharyngitis	[s]\nfaringite
phase	/feiz/\n\nfase
pheasant's eye	/fezntziː/\n\nadônis
phenomenal	/finɔminl/\n\n[adjective]\nfenomenal
phenomenon	/finɔminən/\n\n[s]\nfenômeno
phenotype	[s]\nfenótipo
philately	/fiːlætəliː/\n\nfilatelia
philosopher	/filɔsəfər/\n\nfilósofo
philosophic	[adjective]\nfilosófico
philosophical	[adjective]\nfilosófico
philosophize	/filɔsəfaiz/\n\nfilosofar
philosophy	/filɔsəfiː/\n\nfilosofia
phishing	[s]\ntática de criminosos cibernéticos para a aquisição fraudulenta de informações pessoais importantes (por exemplo, senhas e detalhes dos cartões de crédito) simulando uma solicitação destas por uma fonte confiável (por exemplo, bancos) através de email ou páginas da internet. A palavra phishing se originou de pescaria (fishing), com a intenção de assemelhar com telefone (phone).
phlebotomy	[s]\nflebotomia
phlegm	/flem/\n\n1. a. calma\n  b. fleuma\n  c. impassibilidade\n2. muco
phoenix	/fiːniks/\n\nfénix
phone	[s]\n[vt]\n\n1. telefone\n2. telefonar
phone booth	/founbuːð/\n\n1. cabinetelefônica\n2. orelhão
phonetic	/fənetik/\n\nfonético
phonetics	/fənetiks/\n\nfonética
phonograph	/founəgrɑːf/\n\ngramofone
phonophobia	[s]\nfonofobia
phosphate	[s]\nfosfato
phosphorescent	/fɔsfəresnt/\n\nfosforescente
phosphorus	/fɔsfərəs/\n\nfósforo
photograph	/foutəgrɑːf/\n\n[s]\n[vt]\n\n1. foto\n2. fotografar
photographer	/fətɔgrəfər/\n\n[s]\nfotógrafo
photophobia	[s]\nfotofobia
phrase	[s]\nfrase
physical	/fizikl/\n\nfísico
physician	/fiziʃən/\n\nmédico
physics	/fiziks/\n\nfísica
physiognomy	/fiziɔnəmiː/\n\nfisionomia
physiologic	[adjective]\nfisiológico
physiological	[adjective]\nfisiológico
physiology	[s]\nfisiologia
physiotherapy	[s]\nfisioterapia
pianist	/piənist/\n\npianista
piano	/piænou/\n\npiano
pick	/pik/\n\n1. a. arrancar\n  b. colher\n  c. tirar\n2. a. aferroar\n  b. picar
pick out	/pikaut/\n\n1. designar\n2. eleger\n3. escolher\n4. nomear\n5. optar
pick up	/pikʌp/\n\n1. colher\n2. a. pegar\n  b. tirar\n  c. tomar
pick-axe	1. alvião\n2. picareta
pickle	/pikl/\n\n1. rapazola de má conduta\n2. salgar
picnic	/piknik/\n\n1. fazer um piquenique\n2. piquenique
picture	/piktʃər/\n\n1. a. estampa\n  b. figura\n  c. gravura\n  d. quadro\n  e. vista\n2. a. imagem\n  b. vulto\n  c. configuração\n3. pintura
picture writing	/piktʃərraitiŋ/\n\nideografia
picturesque	/piktʃəresk/\n\npitoresco
pie	/piː/\n\n1. a. empada\n  b. pastel\n2. torta
piece	/pis/\n\n1. a. fragmento\n  b. peça\n2. a. lote\n  b. parcela\n  c. parte\n3. a. bocado\n  b. pedaço\n  c. naco
piece of advice	conselho
piece of cake	moleza
piece of furniture	/pisɔffəːnitʃər/\n\n1. alfaia\n2. móvel\n3. traste
piece of mail	/pisɔfmeil/\n\ncorrespondência
piece together	1. juntar\n2. montar
pier	/piər/\n\n1. ancoradouro\n2. cais de atracação
pig	/pig/\n\nporco
pig-sty	[s]\nchiqueiro
pigeon	/pidʒən/\n\npombo
pigeonhole	/pidʒənhoul/\n\n1. compartimento\n2. especialidade\n3. secção
pigment	[s]\npigmento
pike	/paik/\n\nlúcio
pile	/pail/\n\n1. acervo\n2. acúmulo\n3. chusma\n4. cúmulo\n5. montão\n6. multidão\n7. pilha\n8. ruma
pile up	/pailʌp/\n\n1. a. acumular\n  b. juntar em excesso\n2. a. amontoar\n  b. empilhar
pilgrim	/pilgrim/\n\nperegrino
pilgrimage	/pilgrimidʒ/\n\nperegrinação
pill	/pil/\n\npílula
pillar	[s]\npilar
pillow	/pilou/\n\n1. almofada\n2. travesseiro
pilot	/pailət/\n\n1. piloto\n2. pilotar
pimple	/pimpl/\n\n1. acne\n2. borbulha
pin	/pin/\n\n1. alfinete\n2. alfinetar
pincers	/pinsəz/\n\n1. tenaz\n2. tenazes
pinch	/pintʃ/\n\n1. beliscar\n2. pegar com pinça\n3. tomar entre dois dedos
pine	/pain/\n\npinheiro
pine-tree	pinheiro
pineapple	/painæpl/\n\n1. abacaxi\n2. ananás
pink	/piŋk/\n\n1. cravo\n2. cor-de-rosa
pinna	[s]\n\n1. pena\n2. asa\n3. orelha
pinworm	[s]\nEnterobius vermicularis
pioneer	/paiəniər/\n\n1. bandeirante\n2. pioneiro\n3. precursor
pious	/paiəs/\n\n1. piedoso\n2. pio\n3. religioso
pip	/pip/\n\n1. grão\n2. semente
pipe	/paip/\n\n1. cachimbo\n2. a. cano\n  b. canudo\n  c. tubo
pirate	/pireit/\n\npirata
pistol	/pistl/\n\npistola
piston	/pistən/\n\n1. êmbolo\n2. pistão
pit	/pit/\n\n1. a. cava\n  b. fossa\n2. a. âmago\n  b. caroço\n  c. cerne\n  d. núcleo
pitcher	/pitʃər/\n\n1. bilha\n2. cântaro\n3. jarra
pitfall	armadilha
pitiful	/pitifəl/\n\n1. coitado\n2. lastimável
pituitary	[s]\npituitária
pity	/pitiː/\n\n1. coisa lamentável\n2. a. apiedar-se de\n  b. compadecer-se\n  c. lastimar\n3. a. compaixão\n  b. piedade
pivot	/pivət/\n\npivô
placard	/plækɑːd/\n\n1. a. afixar\n  b. pregarcartazes\n2. a. cartaz\n  b. edital\n  c. papeleta
place	/pleis/\n\n1. a. local\n  b. lugar\n  c. recinto\n  d. sede\n  e. sítio\n2. a. acomodar\n  b. adaptar\n  c. ajeitar\n  d. ajustar\n3. a. colocar\n  b. meter\n  c. pôr
place of refuge	/pleisɔfrefjuːdʒ/\n\nrefúgio
place of worship	/pleisɔfwəːʃip/\n\n1. casadeoração\n2. igreja\n3. templo
place to sit	/pleistousit/\n\nlugar
placebo	placebo
placement	[s]\n\n1. localização\n2. posicionamento
plague	/pleig/\n\npeste
plain	/plein/\n\n1. a. planície\n  b. terra plana\n2. a. claro\n  b. distinto\n3. simples
plaintext	[s]\n\n1. texto simples\n2. texto que não tem nenhuma formatação especial
plait	/plæt/\n\n1. trançar\n2. entrançar
plan	/plæn/\n\n1. intenção\n2. projetar\n3. a. plano\n  b. planta\n  c. posição\n  d. projeto\n4. a. planejar\n  b. projectar\n5. a. projecto\n  b. traçado\n6. a. bosquejar\n  b. esboçar\n  c. rascunhar
plane	/plein/\n\n1. a. aeroplano\n  b. avião\n2. planar\n3. a. plano\n  b. planta\n  c. posição\n  d. projeto\n4. plaina
planet	/plænit/\n\nplaneta
planetary	/plænitriː/\n\nplanetário
plank	/plæŋk/\n\n1. placa\n2. prancha\n3. tábua
plant	/plɑːnt/\n\n1. a. fincar\n  b. plantar\n2. a. planta\n  b. vegetal
plantar	[adjective]\n\n1. plantar\n2. da planta do pé
plantation	/plænteiʃən/\n\n1. plantio\n2. viveirodeplantas
plaque	[s]\nplaca
plash	/plæʃ/\n\n1. bater\n2. estalar\n3. marulhar\n4. patinhar
plasma	/plæzmə/\n\nplasma
plasminogen	[s]\nplaminogênio
plaster	/plɑːstər/\n\nemplastro
plastic	/plæstik/\n\nplástico
plate	/pleit/\n\n1. a. prato\n  b. travessa\n2. chapa
plateau	/plætou/\n\n1. planalto\n2. superfícieplana
platelet	[s]\nplaquetas
platform	/plætfɔːm/\n\n1. a. estrado\n  b. pódio\n  c. tablado\n2. cais\n3. plataforma
platitude	/plætitjuːd/\n\n1. a. coisabanal\n  b. trivialidade\n  c. vulgaridade\n2. banalidade
platter	/plætər/\n\n1. prato\n2. travessa
play	/plei/\n\n[s]\n[vt]\n\n1. a. jogo\n  b. brincadeira\n2. a. jogar\n  b. brincar\n3. tocar\n4. a. representar\n  b. fazer o papel de\n  c. desempenhar
play a small part	/pleiəsmɔːlpɑːt/\n\natuar como figurante
player	[s]\n\n1. jogador\n2. tocador
playful	/pleifəl/\n\n1. a. arteiro\n  b. brincalhão\n  c. travesso\n2. gracejador
playlist	[s]\nlista de reprodução
plaza	/plɑːzə/\n\n1. adro\n2. largo\n3. praça
plea	/pliː/\n\nargumentação
plead	/pliːd/\n\n1. advogar\n2. pleitear\n3. solicitar
plead for	/pliːdfər/\n\ninterceder
pleasant	/pleznt/\n\n1. agradável\n2. ameno\n3. aprazível\n4. prazeroso
pleasantly	/plezntliː/\n\n1. agradavelmente\n2. de maneira agradável
pleasantness	/plezntnəs/\n\nagradabilidade
please	/pliːs/\n\n1. a. faça favor\n  b. por favor\n2. a. agradar\n  b. satisfazer\n  c. aprazer
pleased	/pliːst/\n\n1. contente\n2. satisfeito
pleasing	/pliːsiŋ/\n\n1. agradável\n2. aprazível
pleasurable	/pleʒərəbl/\n\n1. agradável\n2. prazeroso
pleasure	/pleʒər/\n\n1. deleite\n2. delícia\n3. prazer
pledge	[s]\n[vt]\n\n1. a. promessa\n  b. obrigação\n  c. garantia\n2. penhora\n3. hipoteca\n4. a. prometer\n  b. jurar\n  c. comprometer-se\n5. penhorar\n6. hipotecar
plentiful	/plentifəl/\n\n1. abundante\n2. basto\n3. copioso\n4. farto\n5. lauto
plenty	/plentiː/\n\n1. abundância\n2. fartura
plenty of	/plentiːɔf/\n\numgrandenúmerode
pleocytosis	[s]\npleocitose
plethora	[s]\n\n1. pletora\n2. a. excesso\n  b. superabundância
pleura	[s]\npleura
pleural	[adjective]\npleural
pleurisy	pleurisia
plight	[s]\n\n1. aperto\n2. apuro
plot	/plɔt/\n\n1. intriga\n2. a. complô\n  b. conjuração\n  c. trama
plough	/plau/\n\n1. a. arar\n  b. lavrar\n2. arado
pluck	/plʌk/\n\n1. arrancar\n2. colher\n3. tirar
plug	/plʌg/\n\n1. vela\n2. a. bucha\n  b. rolha\n  c. tampa
plug in	/plʌgin/\n\nligar
plug up	/plʌgʌp/\n\n1. arrolhar\n2. tampar\n3. tapar
plum	/plʌm/\n\nameixa
plumb	[s]\nprumo
plume	/pluːm/\n\n1. pena\n2. pluma
plunder	/plʌndər/\n\n1. pilhar\n2. roubar\n3. saltear
plunge	/plʌndʒ/\n\nmergulhar
plural	[s]\nplural
plus	/plʌs/\n\nmais
Pluto	[s]\nPlutão
pneumonia	/njuːmouniə/\n\npneumonia
pneumonitis	[s]\npneumonite
pneumothorax	pneumotórax
pocket	/pɔkit/\n\n1. algibeira\n2. bolsa\n3. bolso
podium	/poudiəm/\n\n1. estrado\n2. pódio
poem	/pouim/\n\npoema
poet	/pouit/\n\npoeta
poetic	/pouetik/\n\npoético
poetical	[adjective]\npoético
poetry	/pouitriː/\n\npoesia
point	/pɔint/\n\n1. a. ápice\n  b. extremidade\n  c. pico\n  d. ponta\n2. ponto
point out	/pɔintaut/\n\n1. apontar\n2. assinalar\n3. mostrar
point out to be	/pɔintauttoub/\n\n1. aparercer\n2. mostrar-se
pointed	/pɔintid/\n\n1. aguçado\n2. pontudo
pointer	[s]\n\n1. apontador\n2. ponteiro
poise	/pɔiz/\n\n1. balançar-se\n2. ondular\n3. oscilar
poison	/pɔizn/\n\n[s]\n[vt]\n\n1. a. veneno\n  b. tóxico\n  c. peçonha\n2. a. envenenar\n  b. intoxicar
poisonous	/pɔizənəs/\n\nvenenoso
poke	1. a. empurrão\n  b. cutucada\n2. a. empurrar\n  b. ressaltar\n  c. remexer
poker	/poukər/\n\npôquer
Poland	/poulənd/\n\n1. Polónia\n2. Polônia
polar	/poulər/\n\npolar
pole	/poul/\n\n[s]\n\n1. pólo\n2. a. estaca\n  b. mourão\n  c. poste\n  d. pau\n  e. vara
police	/pəliːs/\n\n[s]\npolícia
police-station	delegacia de polícia
policeman	/pəliːsmən/\n\n[s]\n\n1. polícia\n2. policial
policy	/pɔləsiː/\n\n[s]\n\n1. apólice\n2. a. política\n  b. posição
polish	/pɔliʃ/\n\n[s]\n[adjective]\n[vt]\n\n1. graxa\n2. esmalte\n3. a. refinamento\n  b. requinte\n4. a. polaco\n  b. polonês\n5. polir
Polish provincial governor	/pɔliʃprəvinʃlgʌvnər/\n\nalto funcionário civil ou militar nos países balcânicos
polite	/pəlait/\n\n[adjective]\n\n1. cavalheiro\n2. cortês\n3. gentil\n4. polido
politely	[adverb]\n\n1. gentilmente\n2. educadamente\n3. de forma cortês
politeness	/pəlaitnəs/\n\n[s]\ncortesia
politesse	[s]\n\n1. cortesia\n2. galanteio
political	/pɔlitikl/\n\n[adjective]\npolítico
political meeting	/pɔlitiklmiːtiŋ/\n\ngrande reunião política
politician	[s]\npolítico
politics	/pɔlitiks/\n\n[s]\npolítica
polka	/pɔlkə/\n\n[s]\npolca
pollution	[s]\npoluição
polyarteritis	[s]\npoliarterite
polyarthritis	[s]\npoliartrite
polyclonal	[adjective]\npoliclonal
polyclonal antibody	[s]\nanticorpo policlonal
polycythemia	[s]\npolicitemia
polymerase	[s]\npolimerase
polymerase chain reaction	[s]\nreação em cadeia da polimerase
polymorphism	[s]\npolimorfismo
polymorphonuclear	[adjective]\npolimorfonuclear
polyneuritis	[s]\npolineurite
polyneuropathy	[s]\npolineuropatia
polyp	[s]\npólipo
polyphagy	[s]\npolifagia
polyposis	[s]\npolipose
polyvalent	[adjective]\npolivalente
pomp	/pɔmp/\n\n1. gala\n2. ostentação\n3. pompa
pond	/pɔnd/\n\nlago
ponderous	[adjective]\nponderado
pooh	/puːɔ/\n\n1. ai\n2. bah
pool	/puːl/\n\n1. piscina\n2. sinuca\n3. a. consórcio\n  b. fundo comum\n  c. truste\n4. juntar\n5. a. unir-se\n  b. reunir-se\n  c. associar-se
poop	/pouɔp/\n\npopa
poopdeck	/pouɔpdk/\n\npopa
poor	/peər/\n\n1. a. coitado\n  b. lastimável\n2. a. mau\n  b. ruim\n3. pobre
poorly	[adverb]\n\n1. pobremente\n2. fracamente
popcorn	[s]\npipoca
pope	/poup/\n\npapa
poplar	/pɔplər/\n\n1. álamo\n2. choupo
poppy	/pɔpiː/\n\n1. dormideira\n2. papoula
popular	/pɔpjulər/\n\npopular
popularity	[s]\npopularidade
populate	[vt]\n\n1. povoar\n2. popular
population	/pɔpjuleiʃən/\n\npopulação
populous	[adjective]\npopuloso
porch	/pɔːtʃ/\n\n1. alpendre\n2. pórtico
pork	/pɔːk/\n\ncarnedeporco
pornographic	/pɔːnəgræfik/\n\npornográfico
pornography	/pɔːnɔgrəfiː/\n\npornografia
port	/pɔːt/\n\n[s]\n[adjective]\n[vt]\n\n1. a. abrigo\n  b. porto\n2. bombordo\n3. a bombordo\n4. a. portar\n  b. tranportar\n  c. carregar
port side	/pɔːtsaid/\n\nbombordo
portable	[adjective]\nportátil
portal	/pɔːtl/\n\n1. entrada\n2. portão
portent	/pɔːtent/\n\n1. adivinhação\n2. agouro\n3. augúrio\n4. presságio\n5. profecia
porter	/pɔːtər/\n\n1. porteiro\n2. carregador
portfolio	/pɔːtfouliəə/\n\ndossiê
porthole	/pɔːthoul/\n\nclarabóia
portion	[s]\nporção
portrait	/pɔːtreit/\n\nretrato
portray	[vt]\n\n1. retratar\n2. descrever
portrayer	[s]\n\n1. retratador\n2. descritor
Portugal	/pɔːtʃugl/\n\nPortugal
Portuguese	/pɔːtʃugiːz/\n\nportuguês
pose	/pouz/\n\n1. a. afectação\n  b. fingimento\n2. a. afectar\n  b. fingir\n3. posar\n4. pose
position	/pəziʃən/\n\nposição
positive	/pɔzətiv/\n\n1. positivo\n2. real
positively	/pɔzətivliː/\n\n[adverb]\n\n1. positivamente\n2. definitivamente
possess	/pəzes/\n\n1. fruir\n2. possuir\n3. ter
possession	/pəzeʃən/\n\n1. possessão\n2. propriedade
possibility	/pɔsəbilitiː/\n\npossibilidade
possible	/pɔsəbl/\n\npossível
possibly	/pɔsəbliː/\n\n1. acaso\n2. porventura\n3. possivelmente\n4. talvez
post	/poust/\n\n1. a. afixar\n  b. pregarcartazes\n2. a. estaca\n  b. mourão\n  c. poste\n3. a. cargo\n  b. emprego\n  c. lugar\n  d. ofício\n4. posto\n5. correio
post office	/poustɔfis/\n\n1. agênciapostal\n2. correio
post up	/poustʌp/\n\n1. afixar\n2. pregarcartazes
post-paid	1. comportepago\n2. franqueado
postage	/poustidʒ/\n\n1. franquia\n2. porte
postage stamp	/poustidʒstæmp/\n\n1. selo\n2. selodocorreio
postcard	/poustkɑːd/\n\n1. bilhetepostal\n2. cartãopostal
poster	/pɔstər/\n\n1. cartaz\n2. edital\n3. papeleta
posterior	[adjective]\nposterior
posteriorly	posteriormente
postman	/poustmən/\n\ncarteiro
postpone	/pəspoun/\n\n1. adiar\n2. procrastinar
postulate	/pɔstʃuleit/\n\n1. exigir\n2. postular\n3. reclamar
postural	[adjective]\n\n1. postural\n2. da postura
posture	[s]\npostura
pot	/pɔt/\n\n1. a. baciadecama\n  b. penico\n2. a. panela\n  b. pote\n  c. vaso
potassium	[s]\npotássio
potato	/pɔteitou/\n\n1. batata\n2. batatinha
potency	[s]\npotência
potent	[adjective]\npotente
potential	potencial
potentially	[adverb]\npotencialmente
potentiate	[vt]\n\n1. potencializar\n2. tornar mais potente
potter	/pɔtər/\n\n[s]\n\n1. oleiro\n2. ceramista
pottery	/pɔtəriː/\n\n1. objecto feito de argila\n2. faiança\n3. a. prato\n  b. vaso
poultry	/poultriː/\n\ncarne de ave
pound	/paund/\n\n1. libra\n2. a. britar\n  b. calcar\n  c. pisar\n  d. socar
pound sign	/paundsain/\n\n1. diese\n2. sustenido
pound sterling	/paundstəːliŋ/\n\nlibra
pour	/pɔːr/\n\n1. a. derramar\n  b. despejar\n  c. verter\n2. entornar
pour in	/pɔːrin/\n\nderramar em alguma coisa
pour off	/pɔːrɔf/\n\ndecantar
pour out	/pɔːraut/\n\n1. esvaziar\n2. a. derramar\n  b. entornar
poverty	/pɔvətiː/\n\n[s]\n\n1. pobreza\n2. miséria
povidone	[s]\npovidine
powder	/paudər/\n\n1. a. empoar\n  b. passarpó-de-arroz\n2. a. pó\n  b. pó-de-arroz
powdery	/paudəriː/\n\npulvéreo
power	/pauər/\n\npotência
power station	/pauərsteiʃən/\n\ncentral
powerful	/pauəfəl/\n\n1. poderoso\n2. potente
powerfully	[adverb]\npoderosamente
powerhouse	casa de força
powerless	[adjective]\n\n1. impotente\n2. sem força
practicable	[adjective]\n\n1. praticável\n2. viável
practical	/præktikl/\n\n[adjective]\n\n1. prático\n2. a. praticável\n  b. viável\n3. a. real\n  b. verdadeiro
practically	[adverb]\n\n1. a. praticamente\n  b. de forma prática\n2. quase
practice	/præktis/\n\n[s]\n[vt]\n[vi]\n\n1. a. exercício\n  b. prática\n  c. tirocínio\n2. a. aplicar\n  b. por emprática\n3. a. exercer\n  b. praticar\n4. exercitar-se
practice of medicine	/præktisɔfmedsn/\n\nprática da medicina
practise	/præktis/\n\n[vt]\n[vi]\n\n1. a. ensaiar\n  b. exercer\n  c. exercitar\n  d. treinar\n2. a. exercitar-se\n  b. praticar
practitioner	[s]\n\n1. praticante\n2. a. profissional\n  b. quem pratica uma profissão
pragmatism	[s]\npragmatismo
Prague	/prɑːg/\n\nPraga
prairie	/prɛəriː/\n\numa das vastas planícies da América do Norte
praise	/preiz/\n\n1. a. glorificar\n  b. santificar\n2. a. elogiar\n  b. gabar\n  c. louvar\n3. a. elogio\n  b. louvor
prawn	/prɔːn/\n\n1. câncer\n2. lagosta
pray	/prei/\n\n1. fazerprece\n2. orar\n3. rezar
prayer	/preiər/\n\n1. oração\n2. prece
preach	/priːtʃ/\n\n1. fazer sermão\n2. pregar
preacher	/priːtʃər/\n\npregador sagrado
preamble	[s]\npreâmbulo
precaution	[s]\n\n1. precaução\n2. cuidado
precede	/prisiːd/\n\n1. anteceder\n2. preceder
precedence	[s]\n\n1. precedência\n2. prioridade
precedent	[s]\nprecedente
precious	/preʃəs/\n\nprecioso
precipice	/presipis/\n\n1. abismo\n2. boqueirão\n3. fundão\n4. pélago\n5. precipício\n6. sorvedouro
precipitate	[s]\n[adjective]\n[vi]\n\n1. precipitado\n2. precipitar
precipitation	[s]\nprecipitação
precise	/preisiːz/\n\n1. a. bem acabado\n  b. distinto\n  c. limpo\n  d. líquido\n  e. polido\n2. a. certo\n  b. exato\n  c. preciso
precisely	[adverb]\nprecisamente
preciseness	[s]\nprecisão
precision	/prisiʒn/\n\n[s]\n\n1. exatidão\n2. precisão
preclude	[vt]\nimpossibilitar
predestinate	[vt]\npredestinar
predict	[vt]\npressentir
predictable	[adjective]\n\n1. previsível\n2. que se pode prever
prediction	[s]\n\n1. previsão\n2. profecia
predictive	[s]\n\n1. preditivo\n2. profético
predispose	[vt]\npredispor
predisposition	/priːdispəziʃən/\n\n[s]\npredisposição
predominance	[s]\npredominância
predominant	[adjective]\npredominante
predominantly	[adverb]\n\n1. predominantemente\n2. de forma predominante
predominate	[vt]\npredominar
preeclampsia	[s]\npré-eclâmpsia
preempt	[vt]\n\n1. tomar lugar\n2. ter preferência\n3. ter prioridade
preemption	[s]\n\n1. preempção\n2. direito de preferência na compra\n3. direito de preferência na aquisição
preemptive	[adjective]\n\n1. preemptivo\n2. que dá preempção\n3. que dá o direito de preferência na compra\n4. que dá direito de preferência na aquisição
preface	[s]\nprefácio
prefer	/prifəːr/\n\n1. preferir\n2. gostar mais de
preferable	[adjective]\npreferível
preferably	/prefrəbliː/\n\npreferencialmente
preference	[s]\npreferência
prefix	/priːfiks/\n\n[s]\nprefixo
pregnancy	[s]\ngravidez
pregnant	/pregnənt/\n\n[adjective]\ngrávida
prejudice	/predʒudis/\n\n1. preconceito\n2. prejuízo
prejudicial	[adjective]\nprejudicial
preliminary	/priliminəriː/\n\npreliminar
preload	[s]\npré-carga
premature	[adjective]\nprematuro
prematureness	prematuridade
prematurity	prematuridade
premeditation	[s]\npremeditação
premier	/premiər/\n\nprimeiro ministro
premise	[s]\npremissa
premium	/priːmiəm/\n\n1. prêmio\n2. recompensa
prenatal	pré-natal
preparation	/prepəreiʃən/\n\n1. preparação\n2. preparo
preparatory	/pripærətriː/\n\npreparatório
prepare	/pripɛər/\n\n1. preparar\n2. aparelhar\n3. aprontar
preparedness	[s]\n\n1. preparação\n2. prontidão
prepay	/pripei/\n\n1. franquear\n2. selar
preponderance	[s]\npreponderância
preposition	/priːpəziʃən/\n\npreposição
preprocessor	[s]\npré-processador
prerequisite	[s]\npré-requisito
prerogative	[s]\nprerrogativa
presage	/priseidʒ/\n\n1. adivinhação\n2. agouro\n3. augúrio\n4. presságio\n5. profecia
prescribe	[vt]\nprescrever
prescription	/priskripʃən/\n\n1. fórmula\n2. prescrição\n3. receita
presence	[s]\npresença
present	/prizent/\n\n1. presente\n2. apresentar
present with	/prizentwið/\n\n1. apresentar\n2. oferecer
present-day	1. a. atual\n  b. vigente\n2. hodierno
presentation	/prizenteiʃən/\n\napresentação
presenter	[s]\napresentador
preservation	[s]\n\n1. preservação\n2. proteção
preservative	[adjective]\npreservativo
preserve	/prizəːv/\n\n1. conservar\n2. guardar
preserver	[s]\npreservador
preside	/prisaid/\n\npresidir
president	/prezidənt/\n\npresidente
presidential	[adjective]\npresidencial
press	/pres/\n\n1. a. imprensa\n  b. jornalismo\n2. a. apertar\n  b. comprimir\n  c. espremer\n3. a. impressora\n  b. prelo\n4. a. apressar\n  b. instar
pressing	/presiŋ/\n\nurgente
pressure	pressão
prestige	/prestiːʒ/\n\n1. importânciasocial\n2. prestígio
prestigious	/prestidʒəs/\n\nprestigioso
presume	/prizjuːm/\n\n1. a. alegar\n  b. pretender\n2. a. conjeturar\n  b. fazerdeconta\n  c. supor
presumption	/prizʌmpʃən/\n\n1. a. arrogância\n  b. impertinência\n2. pretensão
pretence	/pritens/\n\npretensão
pretend	/pritend/\n\n1. pretextar\n2. a. aparentar\n  b. fingir\n  c. simular
pretentious	/pritenʃəs/\n\ndeparada
preterm	[adjective]\npré-termo
pretext	/priːtekst/\n\npretexto
pretreatment	[s]\npré-tratamento
pretty	/pritiː/\n\n[adjective]\n[adverb]\n\n1. a. bonito\n  b. lindo\n2. considerável\n3. a. moderadamente\n  b. consideravelmente\n  c. bastante
prevail	[s]\n[vi]\n\n1. prevaleça\n2. prevalecer
prevail over	/priveilouvər/\n\n1. sujeitar\n2. superarpelaforça\n3. prevalecer
prevalence	[s]\nprevalência
prevent	/privent/\n\n1. atrapalhar\n2. prejudicar
preventable	[adjective]\n\n1. previnível\n2. evitável
preventative	[adjective]\npreventivo
prevention	[s]\nprevenção
preventive	preventivo
preview	[s]\nprevisão
previous	/priːviəs/\n\n1. antecedente\n2. anterior\n3. precedente
previous to	/priːviəstou/\n\n1. antes de\n2. antes que
previously	/priːviəzliː/\n\n1. anteriormente\n2. antes\n3. em lugar anterior
price	/prais/\n\npreço
price-list	lista de preços
priceless	[adjective]\n\n1. impagável\n2. que não tem preço
pricey	/praisiː/\n\ncaro
prick	/prik/\n\n1. pênis\n2. espadas
pride	/praid/\n\norgulho
priest	/priːst/\n\n1. clérigo\n2. padre\n3. sacerdote
priesthood	[s]\nsacerdócio
primarily	[adverb]\n\n1. primariamente\n2. primeiramente
primary	primário
prime minister	/praimministər/\n\nprimeiroministro
primeval forest	/praimiːvəlfɔrist/\n\n1. mata virgem\n2. selva
primitive	/primitiv/\n\nprimitivo
primrose	/primrouz/\n\n1. primavera\n2. prímula
prince	/prins/\n\npríncipe
prince's son	/prinszsɔn/\n\nfilhodepríncipe
princess	/prinses/\n\nprincesa
principal	/prinsəpl/\n\n1. básico\n2. capital\n3. principal
principally	/prinsipɑːliː/\n\n1. principalmente\n2. em especial\n3. sobretudo
principle	/prinsəpl/\n\nprincípio
print	/print/\n\n1. imprimir\n2. estampar
printable	[adjective]\n\n1. imprimível\n2. que pode ser impresso
printed matter	/printidmætər/\n\nimpresso
printer	/printər/\n\n[s]\n\n1. impressora\n2. a. impressor\n  b. tipógrafo
prior	/praiər/\n\n1. a. antecedente\n  b. anterior\n  c. precedente\n2. a. preparativo\n  b. preparatório
priority	[s]\nprioridade
prism	/prizəm/\n\nprisma
prison	/prizn/\n\n[s]\n\n1. prisão\n2. cadeia
prisoner	/priznər/\n\n1. preso\n2. prisioneiro
privacy	privacidade
private	/praiveit/\n\n1. particular\n2. privado
privately	1. de forma privada\n2. em particular
privilege	/privəlidʒ/\n\nprivilégio
privileged	/privəlidʒd/\n\nprivilegiado
prize	/praiz/\n\n[s]\n\n1. prêmio\n2. recompensa
probability	[s]\nprobabilidade
probable	/prɔbəbl/\n\n[adjective]\nprovável
probably	/prɔbəbliː/\n\nprovavelmente
problem	/prɔbləm/\n\nproblema
problematical	[adjective]\nproblemático
proboscis	/prəbɔsis/\n\n1. focinho\n2. rosto\n3. tromba
procedure	/prəsiːdʒər/\n\n1. proceder\n2. procedimento\n3. processo
proceed	/prəsiːd/\n\nproceder
proceed with	/prəsiːdwið/\n\n1. avançar\n2. continuar\n3. prosseguir
process	/prəses/\n\n[s]\n[vt]\n\n1. a. processo\n  b. procedimento\n2. a. processar\n  b. proceder
processing	[s]\n\n1. processamento\n2. processando
procession	/prəseʃən/\n\n1. cortejo\n2. procissão
processor	processador
proclaim	/prəkleim/\n\nproclamar
proclamation	/prɔkləmeiʃən/\n\n1. a. declaração\n  b. depoimento\n2. declaracão\n3. proclamação
proclivity	[s]\ntendência
procurator	[s]\nprocurador
procure	/prəkjeər/\n\n1. arranjar\n2. obter
prodigy	[s]\nprodígio
prodromal	[adjective]\nprodrômico
prodrome	[s]\npródomo
produce	/prədjuːs/\n\n[vt]\n\n1. produzir\n2. realizar
product	/prɔdʌkt/\n\n[s]\nproduto
production	/prədʌkʃən/\n\n[s]\nprodução
productive	[adjective]\nprodutivo
productivity	[s]\nprodutividade
profanation	[s]\nprofanação
profane	/prəfæn/\n\n1. desonrar\n2. profanar\n3. violar
profanity	[s]\nprofanação
profess	/prəfes/\n\n1. confessar\n2. professar\n3. reconhecer
profession	/prəfeʃən/\n\nprofissão
professional	/prəfeʃənl/\n\nprofissional
professor	/prəfesər/\n\nprofessor
proficiency	[s]\n\n1. proficiência\n2. competência\n3. capacidade\n4. habilidade
proficient	[adjective]\n\n1. proficiente\n2. competente\n3. capaz\n4. habilidoso
proficiently	[adverb]\n\n1. de forma proficiente\n2. com competência\n3. com habilidade
profile	/proufail/\n\nperfil
profit	/prɔfit/\n\n1. a. lucro\n  b. proveito\n  c. vantagem\n2. a. aproveitar\n  b. lucrar\n  c. tirar proveito de
profitability	1. rentabilidade\n2. lucratividade
profitable	1. lucrativo\n2. proveitoso\n3. rendoso
profitless	[adjective]\nnão lucrativo
profound	/prəfaund/\n\n1. entranhado\n2. fundo\n3. profundo
profuse	/prəfjuːs/\n\n1. abundante\n2. basto\n3. copioso\n4. farto\n5. lauto
progesterone	[s]\nprogesterona
prognosis	/prɔgnousis/\n\n1. prognose\n2. prognóstico
prognostic	[adjective]\nprognóstico
program	/prougræm/\n\n[s]\n[vt]\n\n1. programa\n2. programar
programer	[s]\nprogramador
programing	[s]\nprogramação
programmability	[s]\n\n1. programabilidade\n2. capacidade de ser programado\n3. capacidade de programar
programmable	[adjective]\n\n1. programável\n2. que se pode programar
programme item	/prougræmaitəm/\n\nítem de programa
programmer	[s]\nprogramador
programming	[s]\nprogramação
progress	/prougres/\n\n1. melhoramento\n2. a. ganhar terreno\n  b. progredir\n3. progresso
progression	[s]\nprogressão
progressive	[adjective]\nprogressivo
progressively	[adverb]\nprogressivamente
prohibit	[vt]\nproibir
prohibition	[s]\nproibição
prohibitive	[adjective]\n\n1. proibitivo\n2. impeditivo
prohibitively	[adverb]\n\n1. proibitivamente\n2. de forma proibitiva
project	/prədʒekt/\n\n1. plano\n2. projeto\n3. traçado
projection	[s]\nprojeção
projector	/prədʒektər/\n\nprojetor
proletarian	/proulitɛəriən/\n\nproletário
proletariat	/proulitɛərieit/\n\nproletariado
proliferation	[s]\nproliferação
prolixity	[s]\nprolixidade
prologue	/proulɔg/\n\nprólogo
prolongation	[s]\nprolongamento
promenade	/prɔmənɑːd/\n\n1. logradoura\n2. passeio
prominence	[s]\nproeminência
prominent	[adjective]\nproeminente
prominently	[adverb]\nproeminentemente
promiscuous	[adjective]\npromíscuo
promise	/prəmaiz/\n\n1. prometer\n2. promessa
promontory	[s]\npromontório
promote	/prəmout/\n\npromover
promotion	/prəmouʃən/\n\n1. acesso\n2. promoção
prompt	/prɔmpt/\n\n1. a. exato\n  b. pontual\n2. a. dizeremvozbaixa\n  b. sugerir\n  c. soprar
prompter	/prɔmptər/\n\nponto
promptly	[adverb]\nprontamente
promulgate	[s]\npromulgar
pronation	[s]\npronação
prone	[adjective]\n\n1. propenso\n2. tendente\n3. sujeito\n4. inclinado
proneness	[s]\n\n1. propensão\n2. inclinação\n3. tendência
pronoun	[s]\npronome
pronounce	/prənauns/\n\n1. a. articular\n  b. pronunciar\n2. proferir
pronunciation	/prənʌnsieiʃən/\n\npronúncia
proof	/pruːf/\n\nprova
proofread	[vt]\n\n1. ler fazendo correções\n2. revisar\n3. corrigir
prop	/prɔp/\n\napoio
propaganda	/prɔpəgændə/\n\n1. divulgação\n2. propaganda
propagate	[vt]\npropagar
propagation	[s]\npropagação
propeller	/prəpelər/\n\n1. espira\n2. hélice\n3. rosca
propension	[s]\npropensão
propensity	[s]\npropensão
proper	/prɔpər/\n\n[adjective]\n\n1. a. apropriado\n  b. correto\n  c. exato\n  d. preciso\n  e. afinado\n2. a. conveniente\n  b. decoroso\n  c. próprio
properly	/prɔpəliː/\n\n[adverb]\n\n1. a. apropriadamente\n  b. corretamente\n2. a. como é justo\n  b. como se deve\n  c. decentemente
property	/prɔpətiː/\n\n1. a. bens de raiz\n  b. domínio\n  c. fazenda\n  d. granja\n  e. propriedade\n  f. roça\n  g. terras\n2. qualidade\n3. predicado\n4. possessão
prophecy	/proufeisiː/\n\nprofecia
prophesy	/prɔfisai/\n\n1. a. agourar\n  b. predizer\n  c. profetizar\n2. a. adivinhar\n  b. augurar\n  c. pressagiar
prophet	/proufeit/\n\n1. profeta\n2. vidente
prophetic	[adjective]\nprofético
prophetically	[adverb]\nprofeticamente
prophylactic	profilático
prophylaxis	[s]\nprofilaxia
proportion	/prəpɔːʃən/\n\nproporção
proportional	/prəpɔːʃənl/\n\nproporcional
proposal	proposta
propose	1. propor\n2. sugerir
proposition	[s]\nproposição
proprietary	[adjective]\nproprietário
propriety	[s]\npropriedade
proprioception	[s]\npropriocepção
prose	/prouz/\n\nprosa
prosecute	/prɔsikjuːt/\n\n1. acossar\n2. perseguir
prospectus	/prəspektəs/\n\nprospecto
prosper	/prɔspər/\n\nprosperar
prosperity	/prəsperitiː/\n\n1. prosperidade\n2. sucesso
prostate	próstata
prostatitis	[s]\nprostatite
prostitute	/prɔstitjuːt/\n\n1. prostituir\n2. a. prostituta\n  b. puta
prostrate	[adjective]\n[vt]\n\n1. prostado\n2. prostar
protagonist	[s]\nprotagonista
protean	[adjective]\n\n1. relativo a ou característico de Proteus\n2. extremamente variável
protect	/prətekt/\n\n1. proteger\n2. a. abrigar\n  b. resguardar
protection	/prətekʃən/\n\n1. proteção\n2. amparo\n3. defesa
protectionist	/prətekʃənist/\n\nprotecionista
protective	[adjective]\nprotetor
protective cover	/prətektivkʌvər/\n\n1. capa\n2. fronha
protector	[s]\nprotetor
protectress	[s]\nprotetora
protege	protegido
protein	/proutiːn/\n\nproteína
protest	/prɔtist/\n\n1. protestar\n2. protesto
Protestant	/prɔtistənt/\n\nprotestante
protestation	[s]\nprotesto
protocol	/proutəkɔl/\n\n[s]\nprotocolo
proton	/proutɔn/\n\n[s]\npróton
protoplasm	[s]\nprotoplasma
prototype	/proutətaip/\n\n[s]\nprotótipo
proud	/praud/\n\n[adjective]\norgulhoso
proudly	orgulhosamente
prove	/pruːv/\n\n1. fazer prova de\n2. demostrar\n3. provar
proverb	/prɔvəːb/\n\n1. provérbio\n2. a. adágio\n  b. conceito\n  c. sentença
provide	/prəvaid/\n\n1. abastecer\n2. prover\n3. suprir
provided that	/prəvaididðæt/\n\n1. na suposição de\n2. no caso de\n3. se
provider	1. provedor\n2. supridor
province	/prɔvins/\n\nprovíncia
provisional	/prəviʒənl/\n\n1. provisório\n2. temporário
provocation	[s]\nprovocação
provoke	/prəvouk/\n\n1. a. concitar\n  b. incitar\n  c. provocar\n2. a. desafiar\n  b. reptar
prow	/prau/\n\nproa
proximity	[s]\nproximidade
prudence	[s]\nprudência
prudent	/pruːdnt/\n\n1. judicioso\n2. prudente\n3. sensato
prudish	/pruːdiʃ/\n\n1. afetadamente pudico\n2. recatado em excesso
prune	[s]\n[vt]\n\n1. ameixa seca\n2. podar
pruritus	[s]\nprurido
Prussia	/prʌʃə/\n\nPrússia
psalm	/sɑːm/\n\nsalmo
pseudonym	/sjuːdənim/\n\npseudônimo
psoriasis	[s]\npsoríase
psychiatrist	/sikaiətrist/\n\npsiquiatra
psychiatry	/sikaiətriː/\n\npsiquiatria
psychic	/saikik/\n\npsíquico
psychologic	[adjective]\npsicológico
psychological	[adjective]\npsicológico
psychologically	[adverb]\npsicologicamente
psychologist	/saikɔlədʒist/\n\npsicólogo
psychology	/saikɔlədʒiː/\n\npsicologia
psychotherapy	psicoterapia
pub	/pəb/\n\nbar
puberty	[s]\npuberdade
pubic	púbico
public	/pʌblik/\n\npúblico
public prosecutor	/pʌblikprɔsikjuːtər/\n\n1. procurador\n2. procuradorpúblico
public square	/pʌblikskwɛər/\n\n1. adro\n2. largo\n3. praça
publication	[s]\npublicação
publicity	/pʌblisitiː/\n\n1. divulgação\n2. propaganda
publicity material	/pʌblisitiːmətiəriəl/\n\nmaterialpublicitário
publicize	/pʌblisaiz/\n\nfazer propaganda de
publicly	[adverb]\n\n1. publicamente\n2. em público
publish	/pʌbliʃ/\n\n1. editar\n2. emitir\n3. proferir\n4. publicar
publisher	/pʌbliʃər/\n\n1. a. editora\n  b. casa editora\n2. editor
publishing house	/pʌbliʃiŋhaus/\n\n1. editora\n2. casaeditora
pudding	/pudiŋ/\n\npudim
puff	/pʌf/\n\nfofo
puff out	/pʌfaut/\n\n1. afofar\n2. inchar
puff up	/pʌfʌp/\n\ntornar-setumefacto
pull	/pəl/\n\n1. sacar\n2. puxar\n3. tirar
pull someone's leg	/pəlsʌmwʌnzleg/\n\n1. fazerblague\n2. mistificarporpilhéria
pulley	/puliː/\n\npolia
pullover sweater	/pulouvərswetər/\n\n1. pulôver\n2. suéter
pulmonaria	/pʌlmɔnɛəriə/\n\npulmonária
pulmonary	[adjective]\npulmonar
pulpit	/pʌlpit/\n\ncátedra
pulsate	/pʌlseit/\n\n1. palpitar\n2. pulsar
pulse	/pʌls/\n\npulso
pulverize	/pʌlvəraiz/\n\n1. moer\n2. pulverizar
pump	/pʌmp/\n\n1. a. aspirar\n  b. calcar\n2. bomba
pumpkin	/pʌmpkin/\n\nabóbora
pun	/pʌn/\n\n1. calembur\n2. trocadilho
punch	/pʌntʃ/\n\n1. a. darbofetadas\n  b. esmurrar\n2. ponche
punctual	/pʌŋktʃeəl/\n\n1. exato\n2. pontual
punctuate	/pʌŋktʃueit/\n\n1. pontuar\n2. pontilhar
punctuation	/pʌŋktʃueiʃən/\n\npontuação
puncture	[s]\n[vt]\n\n1. punção\n2. puncionar
punish	/pʌniʃ/\n\n1. castigar\n2. punir
punishment	/pʌniʃmənt/\n\n1. castigo\n2. punição
punitive	[adjective]\npunitivo
punk	/pʌŋk/\n\nisca
puppet	/pʌpit/\n\n1. a. fantoche\n  b. marionete\n2. a. boneca\n  b. boneco
purchase	/pəːtʃəs/\n\n1. compra\n2. coisacomprada\n3. comprar
purchaser	/pəːtʃəsər/\n\n1. comprador\n2. freguês
pure	/pjeər/\n\n1. castiço\n2. puro
purely	[adverb]\npuramente
purgatory	/pəːgətriː/\n\npurgatório
purge	/pəːdʒ/\n\n1. assear\n2. limpar\n3. purificar
purification	[s]\npurificação
puritan	/pjeəritən/\n\npuritano
purity	/pjeəritiː/\n\n1. a. asseio\n  b. limpeza\n  c. pureza\n2. a. castidade\n  b. pudicícia
purple	/pəːpl/\n\n1. purpúreo\n2. roxo
purpose	/pʌpouz/\n\n1. alvo\n2. fim\n3. propósito\n4. ponto de mira
purpura	[s]\npúrpura
purpuric	[adjective]\npurpúrico
purse	/pəːs/\n\n1. bolsa\n2. carteira
pursue	/pəsjuː/\n\n1. acossar\n2. perseguir
pursuit	[s]\nperseguição
purulent	[adjective]\n\n1. purulento\n2. com pus
pus	/pəs/\n\npus
push	/puʃ/\n\n1. a. empurrar\n  b. impelir\n2. a. empurrão\n  b. impulso
push along	/puʃælɔŋ/\n\nempurrar
push-button	botão de pressão
pussy	/pusiː/\n\nvulva
pustule	[s]\npústula
put	/put/\n\n1. colocar\n2. meter\n3. pôr
put away	/putɔːwei/\n\nrecolheràgaragem
put down	/putdaun/\n\n1. colocar\n2. meter\n3. pôr
put in	/putin/\n\n1. inserir\n2. introduzir
put in finished form	/putinfiniʃtfɔːm/\n\npassaralimpo
put in order	/putinɔːdər/\n\n1. arranjar\n2. arrumar\n3. ordenar
put off	/putɔf/\n\n1. depor\n2. tirar
put on	/putwʌn/\n\n1. activar\n2. a. aplicar\n  b. apor\n  c. vestir
put on airs	/putwʌnɛəz/\n\n1. afectar\n2. fingir
put on stamps	/putwʌnstæmps/\n\n1. franquear\n2. selar
put on the stage	/putwʌnðsteidʒ/\n\n1. apresentar\n2. oferecer
put onto	/putɔntə/\n\n1. acrescentar\n2. aplicar\n3. apor
put out	/putaut/\n\n1. apagar\n2. extinguir
put out to tender	/putauttoutendər/\n\nadjudicar
put right	/putrait/\n\n1. a. adaptar\n  b. ajustar\n2. dispor
put to shame	/puttouʃeim/\n\n1. causarvergonha\n2. envergonhar
put to sleep	/puttousliːp/\n\nfazerdormir
put together	/puttəgeðər/\n\ncompor
put up	/putʌp/\n\n1. a. acomodar\n  b. adaptar\n  c. ajeitar\n  d. ajustar\n2. hospedar
put up with	/putʌpwið/\n\n1. a. aguentar\n  b. agüentar\n  c. suportar\n  d. tolerar\n2. a. padecer\n  b. sofrer
putamen	[s]\nputâmen
putrefy	/pjuːtrifai/\n\n1. apodrecer\n2. gorar
putridity	[s]\npodridão
puzzle	/pʌzl/\n\n1. a. adivinhação\n  b. enigma\n2. a. atrapalhar\n  b. confundir\n  c. perturbar\n3. a. atordoar\n  b. bestificar\n  c. desconcertar
puzzle over	/pʌzlouvər/\n\nesforçar-sementalmente
pyelonephritis	[s]\npielonefrite
pyjamas	/pədʒɑːməz/\n\npijama
pyramid	/pirəmid/\n\npirâmide
Pyrenees	/paiəniːz/\n\nPirinéus
pyrosis	[s]\n\n1. pirose\n2. queimação
pyuria	[s]\npiúria
qd	[s]\ndiariamente (quaque die)
qid	[s]\nquatro vezes por dia (quater in die)
quack	/kwæk/\n\n1. capadócio\n2. charlatão\n3. curandeiro\n4. impostor
quadragesima	[s]\nquaresma
quadrangle	/kwɔdræŋgl/\n\nquadrângulo
quadrant	[s]\nquadrante
quaint	/kweint/\n\n1. curisoso\n2. notável\n3. singular
quake	1. a. tremor\n  b. vibração\n2. terremoto\n3. a. tremer\n  b. vibrar
Quaker	/kweikər/\n\nquacre
qualification	[s]\nqualificação
qualify	[vt]\nqualificar
quality	/kwɔlitiː/\n\n1. qualidade\n2. a. predicado\n  b. propriedade
quantifiable	[adjective]\nquantificável
quantification	[s]\nquantificação
quantify	[vt]\nquantificar
quantity	/kwɔntitiː/\n\nquantidade
quantum	[s]\nquantum
quantum jump	[s]\n\n1. salto quântico\n2. avanço ou aumento repentinos
quantum leap	[s]\n\n1. salto quântico\n2. avanço ou aumento repentinos
quarrel	/kwɔrəl/\n\n1. disputa\n2. a. altercar\n  b. porfiar\n  c. querelar\n3. a. brigar\n  b. indispor-se
quarter	/kwɔːtər/\n\n1. quarta parte\n2. trimestre\n3. bairro\n4. a. dividir em quatro\n  b. aquartelar
quarter of an hour	/kwɔːtərɔfænauər/\n\n1. 15 minutos\n2. quarto de hora
quartz	[s]\nquartzo
quasar	[s]\nquasar
quash	/kwɔʃ/\n\n1. defazer\n2. demolir\n3. destruir\n4. subverter
quatrain	[s]\nquadra
quay	/kweiiː/\n\n1. cais\n2. plataforma
queen	/kwiːn/\n\n1. a. dama\n  b. sota\n2. rainha
Queensland	Queenslândia
quell	/kwel/\n\n1. abafar\n2. estrangular\n3. sufocar
quest	[s]\n[vt]\n[vi]\n\n1. a. busca\n  b. procura\n2. a. buscar\n  b. procurar\n3. entrar em uma busca\n4. fazer uma procura
question	/kwestʃən/\n\n[s]\n\n1. questão\n2. interrogação\n3. pergunta
question mark	/kwestʃənmɑːk/\n\n[s]\nponto de interrogação
questionable	[adjective]\nquestionável
questionnaire	[s]\nquestionário
queue	[s]\n[vt]\n\n1. a. fileira\n  b. lista de espera\n2. enfileirar
quibble	/kwibl/\n\n1. aperrear\n2. atazanar\n3. chicanear\n4. falarchicanas\n5. fuxicar
quick	/kwik/\n\n1. rápido\n2. veloz
quicker	[adjective]\nmais rápido
quickest	[adjective]\no mais rápido
quickly	/kwikliː/\n\n1. rapidamente\n2. depressa
quicksilver	[s]\nmercúrio
quiet	/kwaiət/\n\n1. a. calmo\n  b. quieto\n  c. sossegado\n2. a. calma\n  b. quietude\n  c. sossego
quietly	[adverb]\n\n1. silenciosamente\n2. calmamente
quietude	[s]\nquietude
quilt	/kwilt/\n\npespontar
quince	/kwins/\n\nmarmelo
quince jam	/kwinsdʒæm/\n\nmarmelada
quinsy	/kwinziː/\n\nangina
quirk	[s]\n\n1. peculiaridade\n2. detalhe
quit	/kwit/\n\n1. demitir-se\n2. abandonar
quite	/kwait/\n\n1. mais ou menos\n2. a. assaz\n  b. bastante\n  c. em quantidade suficiente\n3. muito\n4. totalmente
quiver	/kwivər/\n\n1. tiritar\n2. tremer
quota	[s]\ncota
quotation	/kwouteiʃən/\n\n[s]\ncitação
quotation mark	/kwouteiʃənmɑːk/\n\n[s]\naspas
quote	/kwout/\n\n1. a. citar\n  b. mencionar\n2. aspas
rabbi	/ræbai/\n\n1. rabi\n2. rabino
rabbit	/ræbit/\n\n[s]\ncoelho
rabid	/ræbid/\n\n1. hidrofóbico\n2. raivoso
rabies	/reibiːz/\n\n[s]\nraiva
race	/reis/\n\n[s]\n[vt]\n[vi]\n\n1. corrida\n2. a. gênero\n  b. raça\n  c. tribo\n3. a. casta\n  b. estirpe\n4. apostar corrida com\n5. a. competir\n  b. correr
racism	/reisizəm/\n\nracismo
rack	/ræk/\n\naraca
rack one's brains	/rækwʌnzbreinz/\n\nesforçar-sementalmente
radar	/reidɑːr/\n\nradar
radiate	/reidieit/\n\n1. radiar\n2. irradiar-se
radiation	[s]\nradiação
radical	/rædikl/\n\n1. radical\n2. radicalista
radically	radicalmente
radio	/reidiəə/\n\nrádio
radiograph	[s]\nradiografia
radish	/rædiʃ/\n\nrábano
radium	/reidiəm/\n\nrádio
radius	/reidiəs/\n\n1. raio\n2. rádio
raffle	/ræfl/\n\n1. loteria\n2. rifa
raft	/rɑːft/\n\njangada
rag	/ræg/\n\n1. andrajo\n2. farrapo\n3. molambo\n4. trapo
ragout	/rægaut/\n\n1. guisado\n2. ragu
ragpicker	/ræpikər/\n\ntrapeiro
rail	/reil/\n\n1. carril\n2. trilho
railroad	/reilroud/\n\n[s]\n\n1. estrada de ferro\n2. ferrovia
railway	/reilwei/\n\n[s]\n\n1. estrada de ferro\n2. caminho de ferro\n3. ferrovia
railway carriage	/reilweikæridʒ/\n\n[s]\n\n1. carruagem\n2. vagão
railway platform	/reilweiplætfɔːm/\n\ncais
rain	/rein/\n\n1. chover\n2. chuva
rainbow	/reinbou/\n\narco-íris
raincoat	/reinkout/\n\nimpermeável
rainy	[adjective]\nchuvoso
raise	/reiz/\n\n1. a. criar\n  b. cultivar\n  c. melhorar\n2. educar\n3. a. elevar\n  b. erguer\n  c. suspender\n4. altear
raise the alarm	/reizðəlɑːm/\n\n1. alarmar\n2. dar alarma
rake	/reik/\n\n1. a. limpar\n  b. juntar\n2. a. ancinho\n  b. rastelo
rambutan	/ræmbjutein/\n\nrambotã
ramification	[s]\nramificação
rampage	1. kingpin\n2. s.) cabeça do grupo
rampart	/ræmpɑːt/\n\n1. baluarte\n2. muralha\n3. trincheira
ranch	/rɑːntʃ/\n\n1. bensderaiz\n2. domínio\n3. fazenda\n4. granja\n5. propriedade\n6. roça\n7. terras
rand	/rænd/\n\nrand
random	/rændəm/\n\n1. acidental\n2. aleatório\n3. randômico
randomly	1. aleatóriamente\n2. randomicamente
range	/reindʒ/\n\nalcance
rank	/ræŋk/\n\n1. a. classe\n  b. graduação\n  c. grau\n  d. posto\n2. a. cauda\n  b. fila\n  c. fileira\n  d. linha\n  e. turno\n  f. vez
ransom	/rænsəm/\n\n1. remir\n2. resgatar
rape	[s]\n[vt]\n\n1. estupro\n2. estuprar
rapid	/ræpit/\n\n1. rápido\n2. veloz
rapidity	[s]\nrapidez
rapidly	rapidamente
rapier	/reipiər/\n\nespada
rapport	[s]\n\n1. afinidade\n2. harmonia
rapsody	/ræpsədiː/\n\nrapsódia
rare	/rɛər/\n\n1. raro\n2. a. de pouca densidade\n  b. pouco frequente\n  c. pouco freqüente\n  d. precioso
rarely	[adverb]\nraramente
rareness	[s]\nraridade
rarer	[adjective]\nmais raro
rarest	[adjective]\no mais raro
rarity	[s]\nraridade
rash	[s]\n[adjective]\n\n1. a. exantema\n  b. erupção cutânea\n2. a. impetuoso\n  b. precipitado
rasp	/rɑːsp/\n\n1. ralar\n2. rapar\n3. raspar
raspberry	/rɑːzbəriː/\n\nframboesa
rat	/ræt/\n\n1. ratazana\n2. rato
rate	/reit/\n\n1. a. taxa\n  b. proporção\n2. a. classe\n  b. graduação\n  c. grau\n  d. posto\n3. a. ajuizar\n  b. avaliar\n  c. orçar\n  d. taxar
rate of exchange	/reitɔfikstʃeindʒ/\n\n1. câmbio\n2. cotação
rather	/ræðər/\n\n[adverb]\n\n1. preferencialmente\n2. de preferência
ratio	[s]\n\n1. razão\n2. proporção\n3. relação
rational	/ræʃənl/\n\nracional
rationally	[adverb]\nracionalmente
raven	/reivn/\n\ncorvo
raw	/rɔː/\n\n1. agreste\n2. bronco\n3. cru\n4. rude
ray	/rei/\n\n1. raio\n2. a. barra\n  b. estria\n  c. faixa\n  d. tira
razor	/reizər/\n\n1. gilete\n2. navalha
razor-blade	1. lámina\n2. lâmina
re-	re-
re-elect	reelger
reaccumulation	[s]\nreacumulação
reach	/riːtʃ/\n\n1. a. abranger\n  b. alcançar\n  c. atingir\n  d. chegar a\n  e. obter\n  f. tocar\n2. alcance
react	/riækt/\n\nreagir
reactant	[s]\nreagente
reaction	/riækʃən/\n\nreação
reactionary	/riækʃənriː/\n\nreacionário
reactivation	[s]\nreativação
reactivity	[s]\nreatividade
reactor	[s]\nreator
read	/red/\n\n1. ler\n2. estar formulado ou redigido com certas palavras
readable	[adjective]\nlegível
reader	/riːdər/\n\nleitor
readership	1. os leitores\n2. a audiência de uma revista ou jornal
readily	[adverb]\n\n1. prontamente\n2. rapidamente\n3. sem dificuldades
reading matter	/riːdiŋmætər/\n\nmaterial de leitura
ready	/rediː/\n\n1. pronto\n2. disposto\n3. prestes
real	/reiɑːl/\n\n1. real\n2. verdadeiro\n3. efetivo
real-time	[adjective]\nem tempo real
realist	/riəlist/\n\nrealista
realistic	[adjective]\nrealístico
realistically	[adverb]\n\n1. realisticamente\n2. de forma realista
reality	/riælitiː/\n\n1. realidade\n2. verdade
realize	/riəlaiz/\n\n1. a. apreender\n  b. compreender\n  c. entender\n2. a. ser consciente de\n  b. ter consciência de
really	/riːæliː/\n\n1. deveras\n2. na realidade\n3. na verdade\n4. verdadeiramente
realm	/relm/\n\n1. estado\n2. nação\n3. reino\n4. país
realtime	[s]\ntempo real
rear	/riər/\n\n1. traseira\n2. traseiro\n3. de trás\n4. a. criar\n  b. cultivar\n  c. melhorar
rearguard	/riəgɑːd/\n\ndestacamento que protege a retaguarda de um exército
rearrange	[vt]\n\n1. rearranjar\n2. reorganizar
rearrangement	[s]\nrearranjo
reason	/riːzn/\n\n1. causa\n2. motivo\n3. razão
reason with	[vi]\n\n1. argumentar com\n2. persuadir
reasonable	/riːznəbl/\n\n1. a. brando\n  b. comedido\n  c. moderado\n2. a. judicioso\n  b. prudente\n  c. sensato
reasonably	[adverb]\nrazoavelmente
reasoned	[adjective]\nfundamentado
reasoning	[s]\n\n1. raciocínio\n2. argumentação
reasonless	[adjective]\nsem razão
reassess	[vt]\n\n1. reavaliar\n2. avaliar novamente
reassessment	[s]\n\n1. reavaliação\n2. nova avaliação
reassurance	[s]\nresseguro
rebate	/riːbeit/\n\n1. a. abater\n  b. descontar\n2. a. abatimento\n  b. desconto
rebel	/bel/\n\n1. amotinar-se\n2. insurgir-se\n3. rebelar-se
rebellion	/ribeliən/\n\n1. rebelião\n2. revolta
rebellious	/ribeliəs/\n\nrebelde
rebuke	/ribjuːk/\n\n1. a. desaprovar\n  b. reprovar\n2. a. censurar\n  b. incriminar\n  c. repreender
recalcitrant	[adjective]\n\n1. relutante\n2. rebelde\n3. resistente
recall	/rikɔːl/\n\n[s]\n[vt]\n\n1. a. lembrança\n  b. recordação\n2. a. lembrar-se\n  b. recordar-se\n3. fazer que alguém se lembre
recanalization	[s]\nrecanalização
recede	[vt]\n[vi]\n\n1. a. retroceder\n  b. voltar atrás\n2. retirar-se\n3. sumir
receipt	/risiːt/\n\n[s]\n[vt]\n\n1. a. quitação\n  b. recibo\n2. a. dar recibo\n  b. passar quitação
receive	/risiːv/\n\n[vt]\n\n1. a. aceitar\n  b. acolher\n  c. admitir\n  d. receber\n  e. topar\n2. a. haver\n  b. obter
recent	/riːsnt/\n\n[adjective]\n\n1. fresco\n2. novo\n3. recente
recently	/riːsentliː/\n\n[adverb]\n\n1. há pouco tempo\n2. recentemente\n3. ultimamente
receptor	[s]\nreceptor
recess	/rises/\n\n1. alcova\n2. a. pausa\n  b. suspensão
recipe	/resəpiː/\n\n1. fórmula\n2. prescrição\n3. receita
recipient	/risipiənt/\n\ndestinatário
reciprocal	/risiprəkl/\n\n1. mútuo\n2. recíproco
reciprocal impedance	/risiprəklimpedəns/\n\nadmitância
reciprocally	[adverb]\n\n1. reciprocamente\n2. de forma recíproca
reciprocate	/risiprəkeit/\n\n1. mutuar\n2. reciprocar
recite	/risait/\n\n1. a. declamar\n  b. recitar\n2. citar novamente
reckon	1. calcular\n2. contar\n3. considerar
reckon on	contar com
reckon that	[vt]\n\n1. achar que\n2. acreditar que
reckon with	levar em conta
reckon without	[vt]\n\n1. não levar em conta\n2. não contar com
reckoning	cálculo
recline	/riklain/\n\n1. estar deitado\n2. estar situado\n3. ficar\n4. jazer
recognition	[s]\nreconhecimento
recognizable	[adjective]\nreconhecível
recognize	/rekəgnaiz/\n\n[vt]\n\n1. reconhecer\n2. admitir a veracidade de
recollect	/rekəlekt/\n\n1. lembrar-se\n2. recordar-se
recollection	/rekəlekʃən/\n\nmemória
recombinant	[adjective]\nrecombinante
recommend	/rekəmend/\n\nrecomendar
recommendation	[s]\nrecomendação
reconcile	[vt]\n\n1. reconciliar\n2. pacificar\n3. apaziguar
reconciliation	[s]\nreconciliação
reconstruct	[vt]\n\n1. reconstruir\n2. refazer
reconstruction	[s]\nreconstrução
record	/rekɔːd/\n\n1. a. gravação\n  b. disco\n2. a. registro\n  b. relato\n3. recorde\n4. a. gravar\n  b. registrar\n  c. alistar\n  d. inscrever
record-player	gramofone
recorder	[s]\ngravador
records	/rikɔːdz/\n\narquivo
recover	/rikʌvər/\n\nadquirir novamente
recoverable	[adjective]\nrecuperável
recovery	[s]\nrecuperação
recreation	[s]\nrecreação
recruit	/rikruːt/\n\n1. recrutar\n2. a. conscrito\n  b. recruta\n3. a. aliciar\n  b. angariar\n  c. engajar
rectangle	[s]\nretângulo
rectangular	[adjective]\nretangular
rectangularity	[s]\nretangularidade
rectangularly	[adverb]\n\n1. retangularmente\n2. de forma retangular
rector	/rektər/\n\nreitor
recur	[vt]\n\n1. recorrer\n2. acontecer de novo\n3. retornar
recurrence	[s]\n\n1. recorrência\n2. repetição
recurrent	[adjective]\nrecorrente
recursive	[adjective]\nrecursivo
recursively	[adverb]\nrecursivamente
red	/rid/\n\n1. rubro\n2. vermelho
reddish	[adjective]\navermelhado
redeem	/ridiːm/\n\n1. remir\n2. resgatar
redirect	[vt]\nredirecionar
redirection	[s]\nredirecionamento
redistribute	[vt]\nredistribuir
redness	[s]\nvermelhidão
redo	[vt]\nrefazer
reduce	/ridjuːs/\n\n1. diminuir\n2. reduzir\n3. tornar menor
reduce the price	/ridjuːsðprais/\n\nrebater
reduction	[s]\nredução
redundancy	[s]\n\n1. redundância\n2. pleonasmo\n3. repetição
redundant	[adjective]\n\n1. a. reduntante\n  b. excessivo\n2. a. desnecessário\n  b. supérfluo
reed	/riːd/\n\n1. cana\n2. caniço
reef	/riːf/\n\n1. escolho\n2. recive
reek	/riːk/\n\n1. cheirar\n2. exalar cheiro
reentry	[s]\nreentrada
reevaluation	[s]\nreavaliação
reexpansion	[s]\nreexpansão
refer	[vt]\n\n1. referir\n2. fazer referência
referee	/refəriː/\n\nárbitro
reference	/refrəns/\n\n[s]\nreferência
refine	/rifain/\n\n1. acrisolar\n2. apurar\n3. refinar
refined	/rifaind/\n\n1. brando\n2. delicado\n3. fino\n4. grácil\n5. meigo\n6. mimoso\n7. sutil
refinery	/rifainəriː/\n\nrefinaria
reflect	/riflekt/\n\n1. a. refletir\n  b. reverberar\n2. espelhar
reflect on	/riflektwʌn/\n\n1. pensar\n2. refletir
reflection	[s]\n\n1. reflexo\n2. reflexão
reflex	[s]\nreflexo
reflux	[s]\nrefluxo
reform	/rifɔːm/\n\nreformar
refractory	refratário
refrain	[s]\n[vt]\n[vi]\n\n1. refrão\n2. a. desistir\n  b. abster\n3. abster-se
refresh	/rifreʃ/\n\n1. avivar\n2. refrescar
refrigerate	/rifridʒəreit/\n\nrefrigerar
refrigerator	/rifridʒəreitər/\n\ngeladeira
refugee	/refjudʒiː/\n\nrefugiado
refusal	/rifjuːzl/\n\nrecusa
refuse	/rifjuːz/\n\n[s]\n[vt]\n\n1. dejetos\n2. lixo\n3. a. indeferir\n  b. negar-sea\n  c. recusar
refute	/rifjuːt/\n\nrefutar
regal	/riːgəl/\n\nreal
regard	/rigɑːd/\n\n1. a. apreciação\n  b. estima\n2. a. considerar\n  b. refletir\n3. a. observar\n  b. mirar\n  c. olhar
regardless	[adverb]\napesar de tudo
regardless of	[adverb]\napesar de
regeneration	[s]\nregeneração
regime	1. governo\n2. regime
regimen	[s]\nregime
regiment	/redʒimənt/\n\n[s]\nregimento
region	/riːdʒən/\n\n[s]\n\n1. região\n2. plaga\n3. terra
regional	/riːdʒənl/\n\n[adjective]\nregional
regionally	[adverb]\nregionalmente
register	/redʒistər/\n\n[s]\n[vt]\n\n1. registro\n2. a. alistar\n  b. inscrever\n  c. registrar
registration	[s]\n\n1. registro\n2. inscrição
regret	/riːgret/\n\n1. a. deplorar\n  b. lamentar\n  c. sentir\n  d. terpena\n2. a. lamento\n  b. pesar\n  c. sentimento\n3. ter medo de gastar
regrettable	/rigretəbl/\n\nlamentável
regrettably	/rigretəbliː/\n\n1. infelizmente\n2. lamentavelmente
regular	/regjulər/\n\n1. regulamentar\n2. regular
regularity	[s]\nregularidade
regularize	[vt]\nregularizar
regularly	/regjuləliː/\n\n1. a. amiúde\n  b. frequentemente\n  c. freqüentemente\n  d. muitasvezes\n2. regularmente
regulate	/regjuleit/\n\nregularizar
regulation	/regjuleiʃən/\n\n1. preceito\n2. regra
regulations	/regjuleiʃənz/\n\n1. regulamento\n2. a. estatuo\n  b. regimento
regulator	[s]\nregulador
regurgitate	[vt]\nregurgitar
regurgitation	[s]\nregurgitação
rehabilitate	[vt]\nreabilitar
rehabilitation	[s]\nreabilitação
rehydration	[s]\nreidratação
reign of terror	/reinɔfterər/\n\nterrorismo
rein	[s]\nrédea
reintroduction	[s]\nreintrodução
reinvent	[vt]\n\n1. reinventar\n2. inventar de novo
reinvention	[s]\nreinvenção
reject	/ridʒekt/\n\n1. a. recusar\n  b. rejeitar\n2. a. indeferir\n  b. negar-sea
rejoice	/ridʒɔis/\n\n1. alegrar-se\n2. regozijar-se
relate	/rəleit/\n\n1. a. contar\n  b. descrever\n  c. narrar\n2. a. referir-se\n  b. terrelaçãocom
related	/rileitid/\n\naparentado
relation	[s]\n\n1. relação\n2. parentesco
relationship	/rileiʃənʃip/\n\n1. relacionamento\n2. parentesco
relative	/relətiv/\n\n1. parente\n2. relativo
relatively	[adverb]\nrelativamente
relax	/rilæks/\n\n1. desentesar-se\n2. relaxar-se
relaxation	[s]\nrelaxamento
relay racer	/riːleireisər/\n\n1. estafeta\n2. mensageiro
relay rider	/riːleiraidər/\n\n1. estafeta\n2. mensageiro
relearn	[vt]\n\n1. reaprender\n2. aprender de novo
release	/riliːs/\n\n1. a. lançamento\n  b. liberação\n  c. libertação\n2. a. disparo\n  b. escape\n  c. desengate\n3. a. lançar\n  b. deixar\n  c. largar\n  d. permitir
relevance	[s]\n\n1. relevância\n2. pertinência
relevant	[adjective]\n\n1. relevante\n2. pertinente
reliability	[s]\nconfiabilidade
reliable	/rilaiəbl/\n\n[adjective]\n\n1. confiável\n2. fidedigno\n3. seguro
reliance	[s]\n\n1. confiança\n2. esperança\n3. dependência
reliant	[adjective]\n\n1. cofidente\n2. dependente
relief	[s]\n[vt]\n\n1. alívio\n2. a. ajuda\n  b. socorro\n3. a. aliviar\n  b. amenizar
relieve	1. aliviar\n2. ajudar\n3. socorrer
religion	/rilidʒən/\n\nreligião
religious	/rilidʒəs/\n\nreligioso
relinquish	/riliŋkwiʃ/\n\n1. abdicar\n2. alhear\n3. ceder\n4. submeter-se\n5. transigir
relish	/reliʃ/\n\n1. comer\n2. saborear
reluctance	[s]\n\n1. relutância\n2. hesitação
reluctant	[adjective]\nrelutante
rely on	/rəliːwʌn/\n\nterféem
remain	/rimein/\n\n1. ficar\n2. permanecer\n3. restar
remainder	/rimeindər/\n\n1. restante\n2. tudomais
remaining	/rimeiniŋ/\n\nrestante
remark	[s]\n[vt]\n\n1. a. observação\n  b. comentário\n  c. nota\n  d. reparo\n2. a. comentar\n  b. notar\n  c. reparar
remarkable	[adjective]\n\n1. digno de nota\n2. notável
remedy	/remədiː/\n\n1. a. remédio\n  b. medicamento\n2. a. curar\n  b. sarar
remember	/rimembər/\n\n1. lembrar-se\n2. recordar-se
remind	/rimaind/\n\nfazerquealguémselembre
remission	[s]\nremissão
remit	/rimit/\n\n1. anular\n2. declararsemefeito\n3. revogar
remittent	[adjective]\nremitente
remote	/rimout/\n\n1. remoto\n2. afastado\n3. distante
remotely	[adverb]\n\n1. remotamente\n2. de longe
removable	[adjective]\nremovível
removal	[s]\n\n1. remoção\n2. retirada
remove	/rimuːv/\n\n[s]\n[vt]\n\n1. remoção\n2. a. remover\n  b. apagar\n3. a. afastar\n  b. banir
remuneration	[s]\n\n1. remuneração\n2. salário\n3. ordenado
rename	[vt]\n\n1. renomear\n2. mudar de nome
render	[vt]\n\n1. interpretar\n2. desenhar
rendezvous	/rɔndivəs/\n\n[s]\n[vi]\n\n1. rendez-vous\n2. encontro\n3. ponto de encontro\n4. encontrar-se
renew	/rinjuː/\n\n[vt]\nrenovar
rennet-stomach	abomaso
renounce	/rinauns/\n\n1. abrir mão de\n2. renunciar\n3. resignar
renown	/rinaun/\n\n1. distinção\n2. glória\n3. a. fama\n  b. renome
rent	/rent/\n\naluguel
rent money	/rentmʌniː/\n\naluguel
rent out	/rentaut/\n\n1. alugar\n2. dar de aluguel
renter	/rentər/\n\n1. inquilino\n2. locatário
reorganization	[s]\nreorganização
reorganize	[vt]\nreorganizar
repair	/ripɛər/\n\n[s]\n[vt]\n\n1. a. reparo\n  b. conserto\n2. reparação\n3. a. reparar\n  b. consertar\n  c. restaurar
repayment	/ripeimənt/\n\n[s]\nanuidade
repeat	/ripiːt/\n\n1. a. repetir\n  b. replicar\n2. a. recordar\n  b. reiterar\n3. renovar
repeatable	[adjective]\n\n1. repetível\n2. reproduzível
repeatedly	[adverb]\n\n1. repetidamente\n2. de forma repetida
repent	/ripent/\n\n[vi]\narrepender-se
repentance	/ripentəns/\n\n[s]\narrependimento
reperfusion	[s]\nreperfusão
repertoire	/repətwɑːr/\n\n[s]\nrepertório
repetition	[s]\nrepetição
replace	/riːpleis/\n\n[vt]\n\n1. substituir\n2. pôr no lugar de
replacement	/ripleismənt/\n\n[s]\nsubstituição
replete	/ripliːt/\n\n[adjective]\n\n1. repleto\n2. farto\n3. saciado\n4. satisfeito
replica	[s]\n\n1. réplica\n2. cópia exata
replication	[s]\nreplicação
reply	/riplai/\n\n[s]\n[vt]\n\n1. resposta\n2. a. responder\n  b. corresponder
report	/repɔːt/\n\n[s]\n[vt]\n\n1. a. relato\n  b. informe\n2. a. relatar\n  b. informar\n  c. noticiar\n  d. participar\n  e. comunicar\n  f. fazer relatório de
reportable	[adverb]\n\n1. relatável\n2. informável\n3. que se pode relatar\n4. que se pode informar
repose	/ripouz/\n\n[s]\n[vi]\n\n1. a. descanso\n  b. repouso\n2. a. descansar\n  b. repousar\n  c. sossegar
repository	[s]\n\n1. repositório\n2. depósito
reprehensible	/reprihensəbl/\n\n[adjective]\n\n1. censurável\n2. repreensível
represent	/reprizent/\n\n[vt]\nrepresentar
representation	/reprizenteiʃən/\n\n[s]\nrepresentação
representative	/reprizentətiv/\n\n[s]\n[adjective]\n\n1. representante\n2. deputado\n3. representativo
repression	[s]\nrepressão
reproach	/riproutʃ/\n\n[s]\n[vt]\n\n1. a. censura\n  b. repreenção\n2. a. censurar\n  b. repreender
reproduce	[vt]\nreproduzir
reproduction	[s]\nreprodução
reprove	/ripruːv/\n\n[vt]\n\n1. reprovar\n2. censurar
reptile	/reptail/\n\n[s]\nréptil
republic	/ripʌblik/\n\n[s]\nrepública
republican	/ripʌblikən/\n\n[adjective]\n\n1. republicano\n2. da república
repudiate	[vt]\nrepudiar
repudiation	[s]\nrepúdio
repulse	/ripʌls/\n\nrepelir
reputation	/repjuteiʃən/\n\n1. conceito\n2. renome\n3. reputação
repute	/ripjuːt/\n\n1. fama\n2. renome
request	/rikwest/\n\npedir
require	/rikwaiər/\n\n[vt]\n\n1. a. necessitar\n  b. ter necessidade de\n  c. precisar\n  d. ter precisão de\n2. a. exigir\n  b. postular\n  c. reclamar\n  d. requerer
requirement	[s]\n\n1. a. requerimento\n  b. quesito\n2. necessidade
requisite	/rekwizit/\n\nnecessidade
requisition	/rekwiziʃən/\n\nrequisitar
rescue	/reskjuː/\n\n1. salvar\n2. poupar
research	/risəːtʃ/\n\n1. a. exploração\n  b. investigação\n  c. pesquisa\n2. a. buscar\n  b. escavar\n  c. explorar\n  d. investigar\n  e. pesquisar
resection	[s]\nresecção
resemblance	/rizembləns/\n\nsimilaridade
resemble	parecer-se com
resent	[vt]\nresentir
resentment	[s]\nresentimento
reserve	/rizəːv/\n\n1. a. encomendar\n  b. pedir\n  c. reservar\n2. guardar
reservoir	/rezəvwɑːr/\n\n1. bacia\n2. lago
residence	/rezidəns/\n\n1. domicílio\n2. a. aposento\n  b. habitação\n  c. morada
residential	[adjective]\nresidêncial
resign	/rizain/\n\n1. abdicar\n2. a. demitir-se\n  b. exonerar-se\n3. a. abrir mão de\n  b. renunciar\n  c. resignar
resist	/rizist/\n\n1. fazer frente a\n2. relutar\n3. resistir
resistance	[s]\nresistência
resistant	[adjective]\nresistente
resolution	/rezəluːʃən/\n\nresolução
resolve	[s]\n[vt]\n\n1. resolução\n2. firmeza\n3. a. resolver\n  b. solucionar
resolved	[adjective]\n\n1. resolvido\n2. solucionado
resource	/rizɔːsiz/\n\n1. meio\n2. recurso
respect	/rispekt/\n\n1. respeitar\n2. a. deferência\n  b. respeito
respectable	/rispektəbl/\n\n1. a. apreciável\n  b. estimável\n2. respeitável
respectful	[adjective]\nrespeitoso
respective	/rispektiv/\n\nrespectivo
respectively	[adverb]\nrespectivamente
respiration	/respəreiʃən/\n\nrespiração
respiratory	[adjective]\nrespiratório
respond	/rispɔnd/\n\n1. reagir\n2. a. corresponder\n  b. responder
response	[s]\nresposta
responsibility	/rispɔnsəbilitiː/\n\nresponsabilidade
responsible	responsável
responsive	1. responsivo\n2. sensível
responsiveness	1. responsividade\n2. sensibilidade
rest	/rest/\n\n1. a. descansar\n  b. repousar\n  c. sossegar\n2. a. descanso\n  b. repouso
rest of	/restɔf/\n\n1. outro\n2. restante
restaurant	/restrɔnt/\n\nrestaurante
resting-place	lugar de descanso
restless	[adjective]\nsem descanço
restoration	[s]\nrestauração
restore	[vt]\nrestaurar
restrain	/ristrein/\n\n1. a. entravar\n  b. frear\n  c. moderar\n  d. pôrfreioem\n  e. serenar\n2. a. deter\n  b. reter\n3. a. administrar\n  b. dirigir\n4. a. dominar\n  b. governar\n  c. reger
restraints	/ristreints/\n\n1. entrave\n2. freio
restrict	/ristrikt/\n\n1. demarcar\n2. limitar\n3. restringir
restriction	[s]\nrestrição
result	/rizʌlt/\n\n1. a. derivar\n  b. provir\n  c. virde\n2. a. conclusão\n  b. resultado\n3. a. redundar\n  b. resultar
resultant	[adjective]\nresultante
resume	[s]\n[vt]\n\n1. a. resumo\n  b. sumário\n2. a. retomar\n  b. continuar\n  c. reiniciar
resuscitation	[s]\nressuscitação
retailer	/riːteilər/\n\n1. retalhista\n2. varejista
retain	/ritein/\n\n1. deter\n2. reter
retardation	/ritɑːdeiʃən/\n\natraso
rethink	[vt]\nrepensar
reticulum	[s]\nretículo
retire	/ritaiər/\n\n1. a. aposentar-se\n  b. jubilar-se\n  c. reformar-se\n2. tornar-sepensionista
retired	/ritaiəd/\n\n1. aposentado\n2. jubilado
retired person	/ritaiədpəːsn/\n\n1. aposentado\n2. jubilado\n3. reformado
retiree	/ritaiəriː/\n\npensionista
retirement	/ritaiəmənt/\n\npensão
retool	[vt]\nreequipar
retreat	/ritriːt/\n\n1. andar\n2. decorrer\n3. passar-se
retrograde	[adjective]\nretrógrado
retrospectively	[adverb]\n\n1. retrospectivamente\n2. de forma retrospectiva
return	/ritəːn/\n\n[s]\n[vt]\n[vi]\n\n1. retorno\n2. a. juro\n  b. provento\n  c. renda\n3. a. restituir\n  b. retribuir\n4. a. regressar\n  b. retornar\n  c. voltar
return-ticket	bilhete de ida e volta
reusable	[adjective]\nreutilizável
reuse	[s]\n[vt]\n\n1. reuso\n2. a. reusar\n  b. usar novamente\n  c. usar de novo
reveal	/riviːl/\n\n1. a. descobrir\n  b. revelar\n2. publicar
revenge	/rivendʒ/\n\nvingança
revenue	1. receita\n2. renda\n3. rendimento
revenue agent	/revənjuːeidʒənt/\n\n1. colector\n2. coletor
reverse	/rivəːs/\n\ninverso
reversed	/rivəːst/\n\ninverso
reversibility	[s]\nreversibilidade
reversible	[adjective]\nreversvel
reversion	[s]\nreversão
revert	[vt]\nreverter
review	/riːvjuː/\n\n[s]\n[vt]\n\n1. revisão\n2. a. crítica\n  b. registro bibliográfico\n3. a. apreciar\n  b. criticar\n4. passar em revista
revision	[s]\nrevisão
revive	[vt]\nreviver
revolt	/rivoult/\n\n1. a. amotinar-se\n  b. insurgir-se\n  c. rebelar-se\n2. a. rebelião\n  b. revolta
revolution	/revəluːʃən/\n\nrevolução
revolutionary	/revəluːʃənriː/\n\nrevolucionário
revolutionize	[vi]\nrevolucionar
revolver	/rivɔlvər/\n\nrevólver
revue	/rivjuː/\n\nrevista
reward	/riwɔːd/\n\n1. a. premiar\n  b. recompensar\n  c. remunerar\n2. a. recompensa\n  b. remuneração
rewrite	[vt]\n\n1. reescrever\n2. escrever novamente
rhetoric	/retərik/\n\nretórica
rheumatism	/ruːmeitizəm/\n\nreumatismo
Rhine	/rain/\n\nReno
rhinorrhea	[s]\nrinorréia
Rhodesia	/roudziə/\n\nRodésia
rhododendron	/roudədendrən/\n\nrododentro
rhombus	/rɔmbəs/\n\n1. losango\n2. rombo
rhyme	/raim/\n\n1. rimar\n2. rima
rhythm	/riðəm/\n\n1. ritmo\n2. cadência
rhythmic	/riðmik/\n\n1. ritmado\n2. rítmico
rib	costela
ribbon	/ribən/\n\n1. banda\n2. faixa\n3. fita\n4. tira
ribosome	[s]\nribossomo
rice	/rais/\n\narroz
rich	/ritʃ/\n\nrico
rich man	/ritʃmein/\n\nhomemrico
richer	[adjective]\nmais rico
richest	[adjective]\no mais rico
richness	[s]\nriqueza
rickety	/rikətiː/\n\n1. caduco\n2. decrépito\n3. frágil
rid	/raid/\n\n1. desembaraçar\n2. desimpedir
riddle	/ridl/\n\n1. adivinhação\n2. enigma
ride	/raid/\n\n1. a. andar a cavalo\n  b. cavalgar\n  c. montar\n2. a. andar\n  b. ir\n  c. viajar
ridiculous	/ridikjuləs/\n\n1. ridículo\n2. risível
rifle	/raifəl/\n\n1. espingarda\n2. fuzil
right	/rait/\n\n1. a. destro\n  b. direito\n2. para a direita\n3. a. correcto\n  b. correto\n4. a. justo\n  b. que tem razão\n5. jus\n6. a. afinado\n  b. exacto\n  c. exato\n  d. preciso\n7. a. comprecisão\n  b. exactamente\n  c. exatamente\n  d. justamente
right away	/raitɔːwei/\n\n1. directamente\n2. imediatamente\n3. sem demora
right now	/raitnau/\n\n1. directamente\n2. imediatamente\n3. sem demora
right-angle	1. recto\n2. reto
right-hander	destro
righteous	/raitʃəs/\n\n1. eqüitativo\n2. justo\n3. reto
righteousness	/raitʃəsnəs/\n\njustiça
righthand	/raithænd/\n\n1. destro\n2. direito
rigid	/ridʒid/\n\n1. hirto\n2. rígido\n3. teso
rigidity	[s]\nrigidez
rigor	/rigər/\n\nrigor
rigour	/rigər/\n\nrigor
rigourous	/rigərəs/\n\n1. exato\n2. pesado\n3. rigoroso
rim	/rim/\n\nborda
ring	/riŋ/\n\n1. a. anel\n  b. argola\n2. a. soar\n  b. vibrar
ringworm	[s]\n\n1. tinha\n2. micose
rinse	/rins/\n\n1. bochechar\n2. enxaguar\n3. gargarejar
riot	/riət/\n\n1. agitação\n2. balbúrdia\n3. tumulto
riotous	/raiətəs/\n\n1. árdego\n2. desenfreado\n3. imoderado\n4. impetuoso
rip	/rip/\n\n1. dilacerar\n2. rasgar\n3. romper
ripe	/raip/\n\n1. maduro\n2. sazonado
ripen	/raipən/\n\namadurecer
rise	/raiz/\n\n1. de súbito pôr-se de pé\n2. levantar-se
risk	/risk/\n\n1. a. arriscar\n  b. avançar\n  c. aventurar\n2. risco
risky	[adjective]\narriscado
rite	/rait/\n\nrito
ritual	/ritʃeəl/\n\n1. ritual\n2. a. cerimonial\n  b. rito
rival	/raivəl/\n\n1. a. competir\n  b. concorrer\n  c. rivalizar\n2. a. competidor\n  b. rival
rivalry	/raivəlriː/\n\n1. concorrência\n2. rivalidade
river	/rivər/\n\nrio
rivet	/rivit/\n\n[s]\n[vt]\n\n1. rebite\n2. rebitar\n3. fascinar
road	/roud/\n\n1. caminho\n2. estrada\n3. via
roam	/roum/\n\n1. a. correr terras\n  b. transmigrar\n2. a. errar\n  b. vadiar\n  c. vagabundear
roar	/rɔːr/\n\n1. bramir\n2. mugir\n3. rugir
roar with laughter	/rɔːrwiðlɑːftər/\n\ndar gargalhadas
roast	/roust/\n\n1. assar\n2. torrar\n3. tostar
rob	/rɔb/\n\n1. pilhar\n2. roubar\n3. saltear
robber	/rɔbər/\n\n1. bandido\n2. ladrão\n3. salteador
robbery	[s]\n\n1. assaulto\n2. roubo
robe	/roub/\n\n1. beca\n2. vestido
robin	/rɔbin/\n\npintar roxo
robot	/roubɔt/\n\nrobô
robust	/roubʌst/\n\n1. forte\n2. rijo\n3. sólido
robustness	[s]\nrobustez
rock	/rɔk/\n\n1. a. balançar\n  b. menear\n  c. sacudir\n2. a. embalar\n  b. ninar\n3. a. rocha\n  b. rochedo
rocket	/rɔkit/\n\n1. foguete\n2. raquete\n3. rojão
Rocky Mountains	/rɔkiːmauntnz/\n\nMontanhasRochosas
rod	/roud/\n\n1. a. estaca\n  b. pau\n  c. vara\n2. verga
rogue	/roug/\n\n1. a. bilontra\n  b. gaio\n  c. maroto\n  d. patife\n2. a. biltre\n  b. canalha\n  c. traste
roil	[vt]\nagitar
role	/roul/\n\n[s]\n\n1. parte\n2. papel
roll	/roul/\n\n[s]\n[vt]\n\n1. pãozinho\n2. a. fazer rolar\n  b. rebolar\n  c. rolar\n3. enrolar
roll up	/roulʌp/\n\nenrolar
roller	/roulər/\n\ncilindro
roller-blind	persiana
Roman	/roumən/\n\n1. romance\n2. romano
Romania	/rəmeiniə/\n\n1. Roménia\n2. Ruménia
romantic	/roumæntik/\n\nromântico
romanticism	/roumæntisizəm/\n\nromantismo
Rome	/roum/\n\nRoma
roof	/ruːf/\n\n1. telhado\n2. tecto\n3. teto
room	/ruːm/\n\n1. a. âmbito\n  b. espaço\n  c. extensão\n2. a. aposento\n  b. câmara\n  c. quarto\n  d. sala
rooster	/ruːstər/\n\ngalo
root	/ruːt/\n\nraiz
rope	/roup/\n\ncorda
rosary	/rouzəriː/\n\nrosário
rose	/rouz/\n\nrosa
rostrum	/rɔstrəm/\n\n1. pódio\n2. tribuna
rot	/rout/\n\n1. apodrecer\n2. gorar
rotten	/rɔtn/\n\n[adjective]\n\n1. a. ruim\n  b. sem valor\n  c. vil\n2. a. podre\n  b. pútrido
rottenness	[s]\npodridão
rouble	/ruːbl/\n\nrublo
rough	/rau/\n\n1. a. agreste\n  b. bronco\n  c. cru\n  d. rude\n2. a. arisco\n  b. brusco\n  c. rabugento
rough draft	/raudrɑːft/\n\nrascunho
round	/raund/\n\n1. a. circular\n  b. redondo\n2. a. cerca de\n  b. em redor de\n  c. em torno de\n  d. em volta de
roundabout	/raundəbaut/\n\n1. à volta\n2. em redor
roundworm	[s]\n\n1. nematódeo\n2. a. tinha\n  b. micose
rouse	/rauz/\n\n1. a. acirrar\n  b. aguçar\n  c. atiçar\n  d. estimular\n  e. excitar\n  f. inflamar\n2. a. concitar\n  b. incitar\n  c. provocar\n3. a. esporar\n  b. esporear\n4. a. aguaçar\n  b. encorajar\n  c. reavivar
route	/ruːt/\n\n1. caminho\n2. estrada\n3. via
routine	/ruːtiːn/\n\n1. ramerrão\n2. rotina
routinely	[adverb]\nrotineiramente
row	/rou/\n\n1. remar\n2. a. cauda\n  b. fila\n  c. fileira\n  d. linha\n  e. turno\n  f. vez
row-boat	barco movido a remo
rowing-boat	barco movido a remo
royal	/rɔiəl/\n\nreal
rub	/rʌb/\n\n1. esfregar\n2. friccionar
rubber	/rʌbər/\n\n1. decautchu\n2. a. borracha\n  b. cautchu\n  c. goma elástica
rubbish	/rʌbiʃ/\n\n1. a. lixo\n  b. porcaria\n2. a. absurdo\n  b. asneira\n3. a. escombros\n  b. destroços\n  c. ruínas\n4. desprezar
rubbish bin	lata de lixo
rubbish dump	depósito de lixo
rubble	/rʌbl/\n\n1. escombros\n2. destroços\n3. ruínas
Rubicon	/ruːbikən/\n\nRubicão
ruble	/ruːbl/\n\nrublo
ruby	/ruːbiː/\n\nrubi
rudder	/rʌdər/\n\n1. leme\n2. guidão\n3. volante
rude	/ruːd/\n\n1. descortês\n2. grosseiro
rudeness	[s]\n\n1. descortesia\n2. grosseria
rudiments	/ruːdimənts/\n\n1. rudimentos\n2. primeiras noções
ruffian	/rʌfiən/\n\n1. apache\n2. bigorrilha\n3. vadio
ruin	/ruːin/\n\nruína
rule	/ruːl/\n\n1. a. dominar\n  b. governar\n  c. reger\n2. a. preceito\n  b. regra
ruler	/ruːlər/\n\n1. régua\n2. a. gerente\n  b. governador
rules	/ruːlz/\n\nregulamento
rum	/rəm/\n\nrum
ruminant	/ruːminənt/\n\nruminante
rumor	/ruːmər/\n\n1. a. fama\n  b. renome\n2. a. boato\n  b. diz-que-diz-que
rumour	/ruːmər/\n\n1. a. fama\n  b. renome\n2. a. boato\n  b. rumor
rump	/rʌmp/\n\n1. garupa\n2. traseira
run	/rʌn/\n\n1. corrida\n2. execução\n3. correr\n4. executar
run across	/rʌnəkrɔs/\n\n1. acertar\n2. atingir\n3. dar no alvo
run amok	[vi]\nenlouquecer
run away	/rʌnɔːwei/\n\n1. escapar\n2. evadir-se\n3. fugir
run for election	/rʌnfərilekʃən/\n\n1. apresentar sua candidatura\n2. ser candidato
run up	/rʌnʌp/\n\n1. alçar\n2. içar\n3. levantar
rung	/rʌŋ/\n\n1. escalão\n2. degrau
runner	corredor
runtime	[s]\n\n1. tempo de execução\n2. momento da execução
rupture	[s]\nruptura
rural	/reərəl/\n\n1. campestre\n2. rural
ruse	/ruːz/\n\nastúcia
rush	/rʌʃ/\n\napressar-se
Russia	/rʌʃə/\n\nRússia
Russian	/rʌʃən/\n\nrusso
rust	/rʌst/\n\n1. a. enferrujar\n  b. oxidar-se\n2. ferrugem
rustle	/rʌsl/\n\n1. a. cicio\n  b. sussurro\n2. a. farfalhar\n  b. sussurrar
rusty	/rʌstiː/\n\nferrugento
rye	/riː/\n\ncenteio
Sabbath	/sæbəθ/\n\nsábado
sack	/sæk/\n\n1. a. demitir\n  b. destituir\n  c. exonerar\n2. despedir\n3. saco
sacrament	/sækrəmənt/\n\nsacramento
sacred	/səkəd/\n\n1. sacro\n2. sagrado\n3. santo
sacrifice	sacrifício
sad	/sæd/\n\n[adjective]\n\n1. a. triste\n  b. melancólico\n2. destestável\n3. a. sombrio\n  b. escuro
saddle	/sædl/\n\n[s]\n\n1. arreio\n2. sela
sadism	/seidizəm/\n\n[s]\nsadismo
sadist	/seidist/\n\n[s]\npessoa sádica
sadistic	/sədistik/\n\n[adjective]\nsádico
sadly	[adverb]\ntristemente
sadness	/sædnəs/\n\n[s]\ntristeza
safe	/seif/\n\n[adjective]\nseguro
safely	[adverb]\n\n1. de forma segura\n2. com segurança
safeness	[s]\nsegurança
safer	[adjective]\nmais seguro
safest	[adjective]\no mais seguro
safety	/seiftiː/\n\n[s]\nsegurança
safety pin	/seiftiːpin/\n\n[s]\nfíbula
safety-belt	[s]\ncinto de segurança
safety-pin	[s]\nfíbula
sagacious	/səgeiʃəs/\n\n1. inteligente\n2. a. ajuizado\n  b. prudente\n  c. sábio\n  d. sensato
sage	/seidʒ/\n\n1. salva\n2. a. ajuizado\n  b. prudente\n  c. sábio\n  d. sensato
Sahara	/sɑːhərə/\n\nSaará
sail	/seil/\n\n1. pano\n2. vela
sailor	/seilər/\n\nmarinheiro
sailplane	/seilplein/\n\nplanador
saint	/seint/\n\nsanto
sake	[s]\n\n1. interesse\n2. a. propósito\n  b. finalidade\n  c. motivo\n  d. causa\n  e. razão
salad	/sæləd/\n\nsalada
salary	/sæləriː/\n\n1. salário\n2. ordenado
sale	/seil/\n\n1. a. boaaceitação\n  b. saídafácil\n2. venda
sales activity	/seilzæktivitiː/\n\nmercado
salesman	/seilzmən/\n\nvendedor
salicylate	[s]\nsalicilato
saliva	/səlaivə/\n\nsaliva
salivate	/sæliveit/\n\nsalivar
salivation	[s]\nsalivação
sallow	/sælou/\n\n1. descorado\n2. pálido
salmon	/sæmən/\n\nsalmão
Salomon	/səlɔmən/\n\nSalomão
salon	/sælɔn/\n\n1. saladevisitas\n2. salão
salpingitis	[s]\nsalpingite
salt	/sɔːlt/\n\n1. salgar\n2. sal
saltshaker	/sɔːltʃeikər/\n\nsaleiro
salute	/səluːt/\n\n1. cumprimentar\n2. saudar
Salvation Army	/sælveiʃənɑːmiː/\n\nExércitodaSalvação
Samaria	/səmɛəriə/\n\nSamaria
same	/seim/\n\n1. mesmo\n2. tal
samovar	/sæməvɑːr/\n\nsamovar
sample	/sɑːmpl/\n\n[s]\n[vt]\n\n1. a. amostra\n  b. espécime\n2. a. provar\n  b. experimentar
sanctify	/sæŋktifai/\n\nsantificar
sanction	/sæŋkʃən/\n\n1. a. homologar\n  b. sancionar\n2. a. homologação\n  b. sanção
sand	/sænd/\n\nareia
sandal	/sændl/\n\n1. alpercata\n2. sandália
sandbank	/sændbæŋk/\n\nbanco de areia
sandbox	[s]\ncaixa de areia
sandfly	[s]\nmosquito pólvora
sane	[adjective]\n\n1. a. são\n  b. sadio\n2. a. mentalmente sadio\n  b. mentalmente são
sanity	[s]\nsanidade
Sanskrit	[s]\nSânscrito
sap	/seip/\n\n1. seiva\n2. suco\n3. sumo
sap-wood	alburno
sarcasm	/sɑːkæzəm/\n\nsarcasmo
sarcastic	/sɑːkæstik/\n\nsarcástico
sarcoidosis	[s]\nsarcoidose
sardine	/sɑːdiːn/\n\nsardinha
Sardinia	/sɑːdiniə/\n\nSardenha
sarong	/sərɔŋ/\n\nsarongue
Sassenach	/sæsənæk/\n\ninglês
Satan	/seitn/\n\n1. Satã\n2. Satanás
Satanic	/sətænik/\n\nsatânico
satellite	/sætəlait/\n\nsatélite
satiate	[vt]\n\n1. saciar\n2. fartar\n3. satisfazer
satisfaction	satisfação
satisfactory	[adjective]\nsatisfatório
satisfied	/sætisfaid/\n\n1. a. contente\n  b. satisfeito\n2. a. farto\n  b. saciado
satisfy	/sætisfai/\n\nsatisfazer
saturation	[s]\nsaturação
saturday	/sætədiː/\n\nsábado
sauce	/sɔːs/\n\n1. molho\n2. tempero
saucepan	/sɔːspən/\n\ncaçarola
saucer	/sɔːsər/\n\n1. pires\n2. a. pratodesobremesa\n  b. pratopequeno
Saudi Arabia	/sɔːdiːəreibiə/\n\nArábiaSaudita
sausage	/sɔsidʒ/\n\nsalsicha
savage	/sævidʒ/\n\n1. bravio\n2. gentio\n3. selvagem
save	/seiv/\n\n1. a. salvar\n  b. poupar\n2. economizar
saver	[s]\n\n1. salvador\n2. protetor
savvy	[s]\n[vt]\n\n1. a. compreensão\n  b. entendimento\n  c. discernimento\n2. a. compreender\n  b. entender\n  c. saber
saw	/sɔː/\n\n1. serrar\n2. a. serra\n  b. serrote
saxophone	/sæksəfoun/\n\nsaxofone
say	/sei/\n\n1. a. dizer\n  b. proferir\n2. a. hei\n  b. psiu\n3. estar formulado ou redigido com certas palavras
say goodbye	/seigudbai/\n\n1. dar adeus\n2. despedir-se\n3. dizer adeus
say goodbye to	/seigudbaitou/\n\n1. dar adeus\n2. despedir-se\n3. dizer adeus
say yes	/seijez/\n\n1. dizer sim\n2. responder que sim
scabbard	/skæbəd/\n\nbainha da espada
scaffold	/skæfould/\n\n1. cadafalso\n2. patíbulo
scalability	[s]\nescalabilidade
scalable	[adjective]\nescalável
scald	/skɔːld/\n\n1. escaldar\n2. escalfar
scale	/skeil/\n\n1. a. gama\n  b. escala\n2. desenho\n3. escama
scaleable	[adjective]\nescalável
scales	/skeilz/\n\nbalança
scalp	[s]\n[vt]\n\n1. couro cabeludo\n2. remover o couro cabeludo\n3. vender ilegalmente
scandal	/skændl/\n\nescândalo
Scandinavia	/skændineiviə/\n\nEscandinávia
scanty	/skæntiː/\n\n1. escasso\n2. insuficiente\n3. raro
scar	/skɑːr/\n\ncicatriz
scarce	/skɛəs/\n\n1. escasso\n2. insuficiente\n3. raro
scarcely	/skɛəsəliː/\n\n1. apenas\n2. logoque\n3. mal\n4. quasenão
scare	[s]\n[vt]\n\n1. susto\n2. assustar
scarlet	[s]\n[adjective]\n\n1. escarlate\n2. vermelho
scary	[adjective]\nassustador
scatter	/skætər/\n\n1. a. derramar\n  b. despejar\n  c. verter\n2. entornar
scenario	[s]\ncenário
scene	/siːn/\n\n1. cena\n2. quadro
scenery	/siːnəriː/\n\npaisagem
scent	/sent/\n\n1. cheiro\n2. hálito\n3. odor
schedule	/ʃedjuːl/\n\n1. a. horário\n  b. agenda\n2. programa\n3. plano\n4. a. agendar\n  b. programar\n  c. planejar
scheduler	[s]\n\n1. agendador\n2. planejador
schematic	[adjective]\nesquemático
schematically	[adverb]\n\n1. esquematicamente\n2. de forma esquemática
scheme	/skiːm/\n\n1. a. plano\n  b. projeto\n  c. projecto\n  d. traçado\n2. esquema
schism	/skizəm/\n\n1. cisão\n2. cisma\n3. dissidência
schistosomiasis	[s]\nesquistossomose
schizophrenia	[s]\nesquizofrenia
school	/sʃuːl/\n\n[s]\nescola
school desk	/sʃuːldesk/\n\n1. carteira\n2. estante
science	/sins/\n\nciência
scientific	[adjective]\ncientífico
scientist	/saiəntist/\n\ncientista
scintigraphy	[s]\ncintigrafia
scissors	/sizəz/\n\n1. tesoura\n2. tosquiadeira
sclerosis	[s]\nesclerose
scold	/skould/\n\n1. a. admoestar\n  b. advertir\n  c. exortar\n  d. induzir\n  e. repreender\n2. a. censurar\n  b. incriminar
scope	[s]\nescopo
scorching	fervente
scorn	[s]\n[vt]\n\n1. desprezo\n2. a. desprezar\n  b. rejeitar
scorpion	/skɔːpiən/\n\nescorpião
Scot	/skɔt/\n\nescocês
Scotland	/skɔtlənd/\n\nEscócia
Scotsman	/skɔtsmən/\n\nescocês
Scottish	/skɔtiʃ/\n\nescocês
scoundrel	/skaundrəl/\n\n1. biltre\n2. canalha\n3. traste
scourge	/skeəʒ/\n\n1. calamidade\n2. flagelo\n3. praga
scout	/skaut/\n\nescoteiro
scrap	/skræp/\n\n1. andrajo\n2. farrapo\n3. molambo\n4. trapo
scrape	/skreip/\n\n1. arranhar\n2. rapar\n3. raspar
scratch	/skrætʃ/\n\n1. a. arranhar\n  b. coçar\n2. a. rapar\n  b. raspar
scream	/skriːm/\n\n1. berrar\n2. bradar\n3. gritar
screen	/skriːn/\n\n1. biombo\n2. tela
screenshot	[s]\nfoto da tela do computador
screw	/skruː/\n\n1. a. parafuso\n  b. tarraxa\n  c. hélice\n2. a. atarraxar\n  b. parafusar\n3. a. coitar\n  b. copular\n  c. transar
screw up	/skruːʌp/\n\n1. borrar\n2. fazer às pressas\n3. trabalhar mal
screwdriver	/skruːdrivər/\n\n[s]\nchave de fenda
screwlike	[adjective]\n\n1. com forma de parafuso\n2. espiralado
screwy	1. maluco\n2. estranho
scribble	1. garrancho\n2. rabiscar
scribe	escriba
script	[s]\n[vt]\n\n1. roteiro\n2. texto escrito manualmente\n3. escrever um roteiro para
scrotum	escroto
scuffle	/skʌfl/\n\n1. batalha\n2. combate\n3. luta\n4. peleja\n5. pugna
scythe	/saið/\n\n1. foice\n2. fouce\n3. segadeira
sea	/siə/\n\nmar
Sea of Azov	/siəɔfæzouf/\n\nMardeAzove
sea pink	/siəpiŋk/\n\narméria
sea-anemone	1. actínia\n2. actínio
sea-dog	foca
sea-maid	[s]\nsereia
seagull	/siːgʌl/\n\ngaivota
seal	/siːl/\n\n1. foca\n2. a. lacrar\n  b. selar\n3. a. chancela\n  b. selo
seam	/siːm/\n\n1. a. costura\n  b. sutura\n2. suturar\n3. suturação
seamless	[adjective]\n\n1. sem remendos\n2. sem improvisos
seamlessly	[adverb]\n\n1. a. de forma a não ter remendos\n  b. de forma a não ter improvisos\n2. a. consistentemente\n  b. coerentemente
search	1. a. procura\n  b. busca\n2. a. procurar\n  b. buscar
searchable	[adverb]\n\n1. pesquisável\n2. investigável
seasickness	/siːsiknəs/\n\nenjôo
seaside	/siːsaid/\n\n1. costa\n2. litoral
season	/siːzn/\n\n1. dar gosto a\n2. a. estação\n  b. temporada
seasonal	[adjective]\nsazonal
seat	/siːt/\n\n1. lugar\n2. assento
seaweed	/siːwiːd/\n\nalga
seborrhea	[s]\nseborréia
seclude	/sikluːd/\n\n1. ilhar\n2. insular\n3. isolar
secluded	/sikluːdid/\n\nisolado
second	/skound/\n\nsegundo
secondarily	[adverb]\nsecundariamente
secondary	/sekəndriː/\n\nsecundário
secondhand dealer	/sekəndhænddiːlər/\n\n1. adelo\n2. belchior
secrecy	[s]\n\n1. segredo\n2. privacidade
secret	/siːkrit/\n\n1. a. segredo\n  b. sigilo\n  c. confidência\n2. a. secreto\n  b. sigiloso\n  c. oculto
secret code	/siːkritkoud/\n\n1. cifra\n2. códigosecreto\n3. escritasecreta
secretary	/sekrətriː/\n\nsecretário
secrete	/siːkrit/\n\nexcretar
secretion	[s]\nsecreção
secretory	[adjective]\nsecretório
sect	/sekt/\n\nseita
section	/sekʃən/\n\n1. a. compartimento\n  b. especialidade\n  c. secção\n2. seção
sector	[s]\nsetor
secure	/sikjeər/\n\n1. a. aprazar\n  b. cravar\n  c. determinar\n  d. fixar\n2. seguro
security	/sikjeəritiː/\n\nsegurança
sedation	[s]\nsedação
seduce	/sidjuːs/\n\n1. desencaminhar\n2. seduzir
seductive	[adjective]\nsedutor
see	/siː/\n\n1. a. achar\n  b. encontrar\n2. a. mirar\n  b. enxergar\n  c. presenciar\n  d. pôremvista\n  e. ver\n3. a. fazer visita\n  b. irver\n  c. visitar\n4. a. cuidar\n  b. preocupar-se\n  c. tutelar\n  d. zelar
see again	/siːəgein/\n\nrever
see on television	/siːwʌnteliviʒn/\n\nver pela televisão
seed	/siːd/\n\nsemente
seek	/siːk/\n\n1. buscar\n2. investigar\n3. procurar
seem	/siːm/\n\n1. mostrar-se\n2. parecer\n3. ter aparência de
seemingly	/siːmiŋliː/\n\naparentemente
seemly	/siːmliː/\n\n1. adequado\n2. apropriado\n3. conveniente
segment	[s]\n\n1. segmento\n2. a. segmentar\n  b. dividir em segmentos
seize	/siːz/\n\nrequisitar
seizure	/siːizər/\n\n[s]\nconvulsão
seldom	/sldəm/\n\nraramente
select	1. a. seleto\n  b. escolhido\n2. a. escolher\n  b. selecionar
selection	seleção
selectively	[adverb]\nseletivamente
self	/self/\n\n1. mesmo\n2. próprio
self-assurance	1. altivez\n2. aprumo\n3. desembaraço\n4. pose
self-assured	auto-confiante
self-conscious	1. acanhado\n2. vergonhoso
self-sufficiency	autarquia
self-taught man	autodidata
selfinterest	/selfaintrəst/\n\negoísmo
selfishness	/selfiʃnəs/\n\negoísmo
selfless	/selfləs/\n\ndedicado
sell	/sel/\n\n1. ceder\n2. vender
seller	[s]\nvendedor
semantic	[adjective]\nsemântico
semen	sêmen
semester	[s]\nsemestre
semicircle	[s]\nsemicírculo
semicircular	[adjective]\nsemicircular
semicolon	[s]\nponto e vírgula
send	/send/\n\n1. enviar\n2. mandar\n3. remeter
send in Morse code	/sendinmɔːskoud/\n\nenviaremcódigoMorse
send off	/sendɔf/\n\n1. aviar\n2. despachar\n3. expedir
sender	/sendər/\n\nremetente
senior	[adjective]\nsenior
sensation	/sinseiʃən/\n\n1. sensação\n2. sentimento
sensational	/sinseiʃənl/\n\nsensacional
sense	/sens/\n\n1. a. sentido\n  b. significado\n2. a. experimentar\n  b. sentir
sense of taste	/sensɔfteist/\n\nprova
senseless	[adjective]\nsem sentido
sensible	/sensəbl/\n\n1. judicioso\n2. prudente\n3. sensato
sensitive	/sensətiv/\n\n1. impressionável\n2. sensível
sensitivity	[s]\nsensibilidade
sensory	[s]\n[adjective]\n\n1. sensório\n2. a. do sensório\n  b. sensitivo
sensuality	sensualidade
sentence	/sentəns/\n\n1. a. frase\n  b. proposição\n2. amaldiçoar
sentiment	/sentimənt/\n\nsentimento
sentimental	/sentimentl/\n\nsentimental
separate	/sepəreit/\n\n1. a. avulso\n  b. especial\n  c. isolado\n  d. particular\n  e. peculiar\n  f. reservado\n2. a. apartar\n  b. dividir\n  c. separar\n3. afastar\n4. a. apartar-se\n  b. separar-se\n5. a. desmembrar\n  b. repartir
separately	/sepərætiːliː/\n\n1. à parte\n2. em separado
separation	[s]\nseparação
separator	[s]\nseparador
sepia	/siːpiə/\n\n1. lula\n2. sépia
sepsis	[s]\nsépse
September	/septembər/\n\nSetembro
septic	/septik/\n\nséptico
septic shock	[s]\nchoque séptico
septum	[s]\nsepto
sequela	[s]\nseqüela
sequence	[s]\nseqüência
sequential	[adjective]\nsequencial
sequentially	[adverb]\nsequencialmente
sequestration	[s]\nsequestro
sequitur	[s]\n\n1. conclusão de uma dedução\n2. inferência\n3. suposição
serenade	/serineid/\n\nserenata
serene	/siriːn/\n\n1. calmo\n2. sereno
serf	/səːf/\n\n1. escravo\n2. servo
serfdom	/səːfdəm/\n\nservidão
sergeant	/sɑːdʒənt/\n\nsargento
serial	/siəriəl/\n\nserial
serial-killer	assassino em série
series	/siəriz/\n\n1. série\n2. sequência\n3. seqüência\n4. sucessão
serious	/siəriəs/\n\n1. a. sério\n  b. grave\n2. sisudo
seriously	[adverb]\nseriamente
seriousness	[s]\nseriedade
sermon	/səːmən/\n\n1. sermão\n2. prédica\n3. pregação
serologic	[adjective]\nsorológico
serology	[s]\nsorologia
seropositive	[adjective]\nsoropositivo
serotonin	[s]\nserotonina
serpent	/səːpənt/\n\n1. cobra\n2. serpente
serum	/siərəm/\n\n[s]\nsoro
servant	/səːvənt/\n\n1. criado\n2. servente\n3. servidor
serve	/səːv/\n\n1. a. servir\n  b. ajudar\n  c. prestar serviço\n2. a. estar de plantão\n  b. estar de serviço\n  c. montar guarda
server	servidor
service	/səːvis/\n\nserviço
serviceable	[adjective]\n\n1. prestativo\n2. útil
servitude	/səːvitjuːd/\n\nservidão
session	/seʃən/\n\nsessão
set	/set/\n\n1. a. aparelho\n  b. máquina\n2. a. colecção\n  b. grupo\n  c. reunião\n3. a. fato\n  b. jogo\n  c. terno\n4. a. série\n  b. sequência\n  c. seqüência\n  d. sucessão
set a trap	/setətræp/\n\ninsidiar
set a trap for	/setətræpfər/\n\ninsidiar
set conditions	/setkəndiʃənz/\n\n1. convencionar\n2. estipular
set free	soltar
set in	/setin/\n\ncomeçar
set straight	/setstreit/\n\ndesiludir
settle	[vt]\n[vi]\n\n1. a. resolver\n  b. ajustar\n  c. liquidar\n2. esclarecer\n3. a. acalmar\n  b. tranqüilizar\n4. a. assentar\n  b. firmar\n5. a. instalar-se\n  b. estabilizar-se
settlement	[s]\n\n1. estabelecimento\n2. assentamento\n3. povoado
setup	[s]\n[vt]\n\n1. a. configuração\n  b. ajuste\n2. a. configurar\n  b. ajustar
seven	/sevn/\n\nsete
seventeen	/sevntiːn/\n\ndezessete
seventh	/sevnθ/\n\n1. sétimo\n2. umsétimo
seventy	/sevntiː/\n\nsetenta
sever	[vt]\n\n1. separar\n2. dividir
several	/sevrəl/\n\n1. vários\n2. bastante
several times	/sevrəltaimz/\n\n1. àsvezes\n2. porvezes
severe	/siviər/\n\n[adjective]\n\n1. a. austero\n  b. rígido\n  c. rigoroso\n  d. severo\n2. grave
severely	[adverb]\n\n1. severamente\n2. gravemente
severity	[s]\n\n1. severidade\n2. gravidade
Seville	/səvil/\n\nSevilha
sew	/sou/\n\n1. coser\n2. costurar
sex	/seks/\n\nsexo
sexual	[adjective]\nsexual
sexual desire	/sekʃeəldizaiər/\n\ncio
sexual love	/sekʃeəllʌv/\n\namorsexual
sexual pleasure	/sekʃeəlpleʒər/\n\n1. sensualidade\n2. volúpia
sexuality	[s]\nsexualidade
sexually	[adverb]\nsexualmente
shack	/ʃæk/\n\n[s]\n\n1. barraca\n2. a. cabana\n  b. choça\n  c. choupana
shackle	/ʃækl/\n\n1. a. acorrentar\n  b. algemar\n2. a. cadeia\n  b. corrente\n  c. grilhão
shade	/ʃeid/\n\n1. a. matiz\n  b. nuança\n2. sombra
shadow	/ʃædou/\n\nsombra
shaft	/ʃɑːft/\n\npoço
shaggy	/ʃægiː/\n\n1. peludo\n2. piloso\n3. viloso
shah	/ʃɑː/\n\nxá
shake	/ʃeik/\n\n1. abalar\n2. estremecer\n3. sacudir
shake one's head	/ʃeikwʌnzhed/\n\nnegarcomacabeça
shallow	/ʃælou/\n\nbaixo
shame	/ʃeim/\n\n1. a. credo\n  b. cruzes\n  c. fora\n2. vergonha
shameful	/ʃeimfəl/\n\n1. torpe\n2. vergonhoso
shameless	1. a. sem vergonha\n  b. descarado\n2. a. cínico\n  b. impúdico
shamrock	/ʃæmrɔk/\n\ntrevo
shanty	/ʃæntiː/\n\nbarraca
shape	/ʃeip/\n\n[s]\n[vt]\n\n1. a. desenho\n  b. forma\n2. formar
share	/ʃɛər/\n\n1. a. parcela\n  b. parte\n  c. quinhão\n2. a. dose\n  b. porção\n  c. quantidade\n3. a. acção\n  b. apólice\n4. a. desmembrar\n  b. dividir\n  c. repartir\n5. a. participar\n  b. tomar parte
shareholder	/ʃɛəhouldər/\n\nacionista
shark	/ʃɑːk/\n\ntubarão
sharp	/ʃɑːp/\n\n1. agudo\n2. a. acre\n  b. afiado\n  c. cortante\n  d. penetrante\n  e. picante\n  f. ríspido\n3. a. exatamente\n  b. pontualmente\n4. a. diese\n  b. sustenido\n5. a. justamente\n  b. precisamente
sharpen	/ʃɑːpən/\n\n1. acerar\n2. afiar\n3. aguçar
sharpest	[adjective]\n\n1. a. o mais afiado\n  b. o mais cortante\n2. o mais agudo
sharpness	/ʃɑːpnəs/\n\n1. acrimônia\n2. acuidade\n3. agrura\n4. agudeza
shatter	/ʃætər/\n\n1. britar\n2. esmagar\n3. quebrar
shave	/ʃeiv/\n\n1. barbear\n2. raspar
shawl	/ʃɔːl/\n\nxale
she	/ʃou/\n\ndela
sheaf	/ʃiːf/\n\n1. feixe\n2. molho\n3. penca
shear	/ʃiər/\n\n1. cortar\n2. podar\n3. tosar\n4. tosquiar
shed	/ʃet/\n\n1. barraca\n2. a. celeiro\n  b. guarita\n  c. tenda\n3. a. derramar\n  b. despejar\n  c. verter
shed tears	/ʃettiəz/\n\n1. derramarlágrimas\n2. lacrimejar
sheen	/ʃiːn/\n\n1. brilho\n2. luzeiro
sheep	/ʃiːp/\n\n1. carneiro\n2. ovelha
sheer	[adjective]\n[adverb]\n[vt]\n[vi]\n\n1. a. absoluto\n  b. completo\n2. puro\n3. diretamente\n4. a. cortar\n  b. podar\n  c. tosar\n  d. tosquiar\n5. desviar
sheet	/ʃiːt/\n\n1. folha\n2. lençol\n3. chapa
sheet metal	/ʃiːtmetl/\n\n1. folha\n2. lata\n3. folhadelata\n4. láminademetal\n5. lâminademetal
sheikh	/ʃeik/\n\n1. xeique\n2. xeque
shelf	/ʃelf/\n\nprateleira
shell	/ʃel/\n\n1. carapaça\n2. concha\n3. descascar\n4. a. casca\n  b. crosta
shelling	/ʃeliŋ/\n\nbombardeio
shelter	/ʃeltər/\n\n[s]\n[vt]\n\n1. abrigo\n2. refúgio\n3. a. abrigar\n  b. proteger\n  c. resguardar
shepherd	/ʃepəd/\n\n[s]\npastor
sheriff	/ʃerif/\n\n[s]\nxerife
shield	/ʃiːld/\n\n[s]\n\n1. a. escudo\n  b. tabuleta\n2. a. amparo\n  b. defesa\n  c. protecção
shift	[s]\n[vi]\n\n1. a. mudança\n  b. transferência\n2. turno\n3. mudar
shilling	/ʃiliŋ/\n\nxelim
shine	/ʃain/\n\n1. a. brilhar\n  b. fulgir\n  c. luzir\n2. fulgurar
shingle	/ʃiŋgl/\n\n1. tabuinha\n2. telha de madeira
ship	/ʃip/\n\n1. a. aviar\n  b. despachar\n  c. expedir\n2. a. embarcação\n  b. navio
shipwreck	/ʃiprek/\n\n[s]\nnaufrágio
shirt	/ʃəːt/\n\n[s]\ncamisa
shit	[s]\n\n1. bosta\n2. merda\n3. porcaria
shiver	/ʃivər/\n\n1. tiritar\n2. tremer
shock	/ʃɔk/\n\n1. a. abalar\n  b. estremecer\n  c. sacudir\n2. a. chocar\n  b. melindrar\n3. choque
shock absorber	/ʃɔkəbsɔːbər/\n\n[s]\namortecedor
shockwave	[s]\nonda de choque
shoe	/ʃuː/\n\n[s]\nsapato
shoe-lace	1. a. cadarço\n  b. cordão\n  c. cordel\n2. atacador
shoehorn	[s]\ncalçadeira
shoemaker	/ʃuːmeikər/\n\n[s]\nsapateiro
shoo	/ʃuː/\n\n1. tanger\n2. tocar
shoot	/ʃuːt/\n\n1. a. atirar\n  b. disparar\n2. broto
shop	/ʃɔp/\n\n[s]\n\n1. loja\n2. venda
shopkeeper	/ʃɔpkiːpər/\n\n[s]\nlojista
shopping-centre	[s]\nshoppingcenter
shore	/ʃɔːr/\n\n[s]\n\n1. costa\n2. litoral
short	/ʃɔːt/\n\n[adjective]\n\n1. curto\n2. breve
short circuit	/ʃɔːtsəːkit/\n\n[s]\ncurto-circuito
short story	/ʃɔːtstɔːriː/\n\n[s]\n\n1. conto\n2. novela
short-sighted	míope
short-term	[s]\ncurto prazo
shortage	/ʃɔːtidʒ/\n\n[s]\n\n1. escassez\n2. carência\n3. falta
shortcoming	/ʃɔːtkʌmiŋ/\n\n[s]\n\n1. carência\n2. falta
shortcut	[s]\natalho
shorten	[vt]\n\n1. abreviar\n2. encurtar
shorter	[adjective]\nmais curto
shortest	[adjective]\no mais curto
shorthand	/ʃɔːthænd/\n\n[s]\n\n1. taquigrafia\n2. estenografia
shortness of breath	/ʃɔːtnəsɔfbreθ/\n\nasma
should	/shud/\n\n1. dever\n2. ter a obrigação\n3. ter de\n4. ter que
shoulder	/ʃouldər/\n\n[s]\n\n1. ombro\n2. a. acostamento\n  b. berma
shout	/ʃaut/\n\n1. a. berrar\n  b. bradar\n  c. gritar\n2. grito
shove	/ʃʌv/\n\nempurrar
shovel	/ʃʌvəl/\n\n1. a. apanhar\n  b. remover\n2. pá
show	/ʃou/\n\n1. a. declarar\n  b. manifestar\n2. a. apontar\n  b. assinalar\n  c. mostrar\n3. espetáculo
show off	/ʃouɔf/\n\n1. empavonar-se\n2. pavonear-se
show window	/ʃouwindou/\n\n[s]\nvitrina
showcase	/ʃoukeis/\n\n[s]\n[vt]\n\n1. a. mostrador\n  b. vitrina\n2. a. mostrar\n  b. exibir
shower	/ʃauər/\n\n[s]\n\n1. ducha\n2. chuveiro
showerhead	/ʃauəhed/\n\n[s]\nchuveiro
showerstall	/ʃauəstɔːl/\n\n[s]\nducha
shrapnel	/ʃræpnl/\n\nschrapnell
shrew	/ʃruː/\n\n[s]\nmegera
shrewd	/ʃruːd/\n\n1. sagaz\n2. astuto
shrewdness	[s]\n\n1. astucidade\n2. sagacidade
shrewish	/ʃruːiʃ/\n\n[adjective]\n\n1. cruel\n2. megera\n3. perversa
shrimp	/ʃrimp/\n\n[s]\ncamarão
shrink	/ʃriŋk/\n\n[s]\n[vi]\n\n1. psiquiatra\n2. a. encolhimento\n  b. retrocesso\n  c. recuo\n3. a. encarquilhar-se\n  b. engelhar\n  c. enrugar-se
shrivel up	/ʃrivəlʌp/\n\n1. encarquilhar-se\n2. engelhar\n3. enrugar-se
shrub	/ʃrʌb/\n\n1. arvoreta\n2. arbusto
shrug	dar de ombros
shuffle	/ʃʌfl/\n\n1. baralhar\n2. mesclar\n3. mexer\n4. misturar
shut	/ʃʌt/\n\n[adjective]\n[vt]\n\n1. fechado\n2. fechar
shy	/ʃiː/\n\n[adjective]\n\n1. acanhado\n2. vergonhoso
Siam	/saiæm/\n\n[s]\nTailândia
Siberia	/saibiəriə/\n\n[s]\nSibéria
sibling	[s]\n\n1. semelhante\n2. irmão
Sicily	/sisəliː/\n\n[s]\nSicília
sick	/sik/\n\n[adjective]\n\n1. doente\n2. enfermo
sicker	[adjective]\nmais doente
sickle	/sikl/\n\n[s]\nfoice
sickness	[s]\n\n1. a. enjoo\n  b. nausea\n2. doença
side	/said/\n\n1. a. acessório\n  b. apenso\n  c. lateral\n2. a. banda\n  b. costado\n  c. flanco\n  d. lado\n3. a. bandeira\n  b. facção\n  c. partida\n  d. partido
side-issue	1. acessório\n2. anexo
sideboard	/saidbɔːd/\n\n[s]\n\n1. armário\n2. estante
sidewalk	/saidwɔːk/\n\n[s]\n\n1. calçada\n2. passeio
siege	/siːdʒ/\n\n[s]\n\n1. cerco\n2. sítio
sieve	/siv/\n\n[s]\npeneira
sift	/sift/\n\n1. joeirar\n2. peneirar
sigh	/sai/\n\n1. gemer\n2. suspirar
sight	/sait/\n\n1. a. aparência\n  b. aspecto\n  c. semblante\n2. alça
sightless person	/saitləspəːsn/\n\ncego
sightseeing trip	/saitsiːiŋtrip/\n\nexcursão
sign	/sain/\n\n1. a. sinal\n  b. marca\n  c. ponto\n2. signo\n3. a. assinar\n  b. subscrever\n4. sinalizar
sign language	/sainlæŋgwidʒ/\n\n1. linguagem dos sinais\n2. mímica
sign-board	1. escudo\n2. tabuleta
signal	/signəl/\n\n1. a. sinalizar\n  b. conversar por sinais\n2. a. aceno\n  b. signo\n  c. sinal\n3. a. marca\n  b. ponto
signalman	/signəlmən/\n\nguarda-barreira
signature	/signətʃər/\n\nassinatura
significant	significante
significantely	[adverb]\nsignificantemente
significantly	significativamente
signify	/signifai/\n\n1. significar\n2. denotar\n3. querer dizer
silence	/sailəns/\n\n1. a. calma\n  b. quietude\n  c. sossego\n2. silêncio
silent	/sailənt/\n\n1. calado\n2. silencioso
silently	[adverb]\nsilenciosamente
silhouette	/siluːet/\n\n1. recorte\n2. silhueta
silicon	[s]\nsilício
silk	/silk/\n\nseda
silkworm	/silkwəːm/\n\n1. bômbice\n2. bômbix
sill	/sil/\n\n1. limiar\n2. soleira
silliness	/silinəs/\n\n1. fútil\n2. coisavã\n3. semsentido
silly	[adjective]\n\n1. a. bobo\n  b. idiota\n  c. imbecil\n2. a. absurdo\n  b. ridículo
silver	/silvər/\n\n1. a. argênteo\n  b. argentino\n  c. prateado\n2. prata
similar	/similər/\n\n1. semelhante\n2. similar\n3. parecido
similarity	/similæritiː/\n\nsimilaridade
similarly	[adverb]\n\n1. similarmente\n2. igualmente\n3. da mesma forma
simple	/simpl/\n\n1. simples\n2. singelo
simpler	[adjective]\nmais simples
simplest	o mais simples
simplicity	[s]\nsimplicidade
simplify	/simplifai/\n\nsimplificar
simplistic	[adjective]\nsimplístico
simply	simplesmente
simulate	[vt]\nsimular
simulation	[s]\nsimulação
simultaneous	/simlteiniəs/\n\nsimultâneo
simultaneously	[adverb]\n\n1. simultaneamente\n2. concomitantemente\n3. de forma simultânea\n4. de forma concomitante
sin	/sain/\n\n1. a. cometerpecado\n  b. pecar\n2. pecado
since	/sins/\n\n1. a. desde\n  b. desde quando\n  c. a partir de\n2. a. posto que\n  b. visto que
sincere	/sinsiər/\n\n1. franco\n2. sincero
sincerely	sinceramente
sincerity	/sinseritiː/\n\n1. franqueza\n2. sinceridade
sing	/siŋ/\n\ncantar
singer	/siŋər/\n\n1. cantora\n2. cantador
single	[s]\n[adjective]\n[vt]\n\n1. unidade\n2. simples\n3. único\n4. sozinho\n5. solteiro\n6. selecionar\n7. fazer um por um\n8. retirar
single file	/siŋglfail/\n\n1. umapósooutro\n2. filaúnica
singly	/siŋliː/\n\numaum
sink	/siŋk/\n\nafogar-se
sinus	[s]\nseio
sip	/sip/\n\n1. absorver\n2. sorver
sir	/saiər/\n\n1. amo\n2. patrão\n3. senhor
siren	[s]\nsereia
sister	/sistər/\n\nirmã
sit	/sit/\n\n1. a. chocar\n  b. incubar\n2. a. estarsentado\n  b. terassento
sit down	/sitdaun/\n\n1. sentar-se\n2. assentar-se
site	/sait/\n\n1. local\n2. situação
sitting-room	1. sala\n2. a. saladevisitas\n  b. salão
situation	/sitʃueiʃən/\n\n1. circunstância\n2. condição\n3. posição\n4. situação
six	/siks/\n\nseis
sixteen	/sikstiːn/\n\ndezesseis
sixth	/siksθ/\n\n1. sexto\n2. um sexto
sixtieth	/sikstiəθ/\n\nsexagésimo
sixty	/sikstiː/\n\nsessenta
sizable	/saizəbl/\n\n1. apreciável\n2. considerável
size	/saiz/\n\n1. a. amplitude\n  b. amplidão\n  c. dimensão\n  d. extensão\n  e. grandeza\n2. tamanho
skate	/skeit/\n\n[s]\n[vi]\n\n1. patins\n2. a. raia\n  b. arraia\n3. patinar
skeletal	[adjective]\n\n1. esquelético\n2. do esqueleto
skeleton	/skelitən/\n\n[s]\nesqueleto
skeptic	/skeptik/\n\n[adjective]\ncéptico
skeptical	/skeptikl/\n\n[adjective]\ncético
skepticism	[s]\nceticismo
sketch	/sketʃ/\n\n[s]\n[vt]\n\n1. esboço\n2. a. bosquejar\n  b. esboçar\n  c. rascunhar
ski	/skiː/\n\n1. esquiar\n2. esqui
skill	[s]\n\n1. habilidade\n2. agilidade\n3. destreza
skillful	/skilfəl/\n\n1. ágil\n2. hábil\n3. jeitoso
skimpy	/skimpiː/\n\nmagro
skin	/skin/\n\n1. a. pele\n  b. pele de animal com pélos\n2. cútis\n3. a. pelar\n  b. tirar a pele
skinflint	/skinflint/\n\navarento
skinny	/skiniː/\n\nmagro
skip	[vt]\n\n1. pular\n2. saltar\n3. desviar
skip rope	/skiproup/\n\npularcorda
skirt	/skəːt/\n\nsaia
skull	/skʌl/\n\n1. caveira\n2. crânio
sky	/skiː/\n\n[s]\ncéu
skylight	/skailait/\n\nclarabóia
slab	/slæb/\n\nchapa
slack	[s]\n[adjective]\n[vt]\n\n1. a. relaxamento\n  b. queda de rendimento\n2. a. relaxado\n  b. sem tensão\n3. relaxar
slackly	[adverb]\n\n1. de forma relaxada\n2. relaxadamente
slander	/slɑːndər/\n\n1. caluniar\n2. difamar\n3. injuriar
slang	[s]\n[vt]\n\n1. gíria\n2. falar gírias\n3. insultar com linguagem xula
slanting	/slɑːntiŋ/\n\n1. enviesado\n2. esguelhado\n3. oblíqua
slap	/slæp/\n\n1. bofetada\n2. tabefe
slat	/slæt/\n\n1. ripa\n2. sarrafo
slaughter	/slɔːtər/\n\n1. abater\n2. jugar\n3. massacrar\n4. matar\n5. trucidar
Slav	/sleiv/\n\neslavo
slave	/sleiv/\n\n[s]\n[vt]\n\n1. escravo\n2. escravizar
slavery	[s]\nescravidão
Slavic	/sleivik/\n\n1. eslávico\n2. eslavo
slay	/slei/\n\nmatar
sleep	/sliːp/\n\n1. dormir\n2. sono
sleep heavily	/sliːphiːviliː/\n\ndormirprofundamente
sleepiness	[s]\nsonolência
sleeping-accomodation	dormitório
sleeping-car	vagão-leito
sleeping-place	dormitório
sleepy	/sliːpiː/\n\n1. dorminhoco\n2. sonolento
sleeve	/sliːv/\n\nmanga
slender	/slendər/\n\n1. a. delgado\n  b. fino\n  c. delicado\n2. a. esbelto\n  b. esguio\n  c. gracioso
slice	/slais/\n\n1. fatia\n2. a. cortar\n  b. partir\n  c. talhar
slick	1. ágil\n2. jeitoso\n3. engenhoso\n4. rápido\n5. astuto
slicker	[adjective]\n\n1. mais ágil\n2. mais engenhoso\n3. mais esperto
slickest	[adjective]\n\n1. o mais ágil\n2. o mais engenhoso\n3. o mais esperto
slight	[s]\n[adjective]\n[vt]\n\n1. a. desfeita\n  b. desconsideração\n2. a. fraco\n  b. franzino\n3. a. delicado\n  b. leve\n  c. insignificante\n4. a. desdenhar\n  b. menosprezar
slightly	[adverb]\n\n1. fracamente\n2. levemente
slim	/slim/\n\n1. a. magro\n  b. esbelto\n  c. esguio\n  d. gracioso\n2. emagrecer
slimy	1. a. pegajoso\n  b. lodoso\n2. falso
slip	/slip/\n\n1. a. deslizar\n  b. escorregar\n2. ficha
slipper	/slipər/\n\n1. chinela\n2. chinelo\n3. pantufa
slippery	/slipəriː/\n\nescorregadio
slogan	/slougən/\n\n1. cambial\n2. divisa\n3. lema
slope	/sloup/\n\n1. declive\n2. encosta\n3. ladeira\n4. rampa\n5. vertente
slope down	/sloupdaun/\n\nformardeclive
sloping	/sloupiŋ/\n\n1. inclinado\n2. emrampa
sloth	/slouθ/\n\npreguiça
slothful	/slouθfəl/\n\n1. preguiçoso\n2. vadio
Slovak	[s]\nEslovaco
slow	/slou/\n\n1. lento\n2. vagaroso
slow-worm	1. ânguis\n2. cobra-de-vidro
slowdown	1. greve\n2. operação tartaruga
slower	1. mais devagar\n2. mais lento
slowly	[adverb]\nvagarosamente
slowness	[s]\n\n1. lentidão\n2. vagarosidade
sludge	[s]\n\n1. lama\n2. lodo\n3. borra
slug	/slʌg/\n\n1. límax\n2. lesma
sluggish	[adjective]\n\n1. lento\n2. inerte\n3. preguisoço
slum	[s]\n[adjective]\n[vi]\n\n1. a. favela\n  b. bairro pobre\n2. a. pobre\n  b. de favela\n3. visitar uma favela ou bairro pobre
slumber	/slʌmbər/\n\n1. cochilar\n2. dormitar
sly	/sliː/\n\n1. ardiloso\n2. astuto\n3. ladino
sly joke	/sliːdʒouk/\n\n1. blague\n2. mentira por gracejo\n3. pilhéria
smack	/smæk/\n\n1. beijocar\n2. beijar ruidosamente\n3. fazer ruído de sucção
small	/smɔːl/\n\npequeno
small bench	/smɔːlbentʃ/\n\n1. banqueta\n2. banquinho\n3. mocho
small letter	/smɔːlletər/\n\nminúscula
small plate	/smɔːlpleit/\n\n1. pratodesobremesa\n2. pratopequeno
small room	/smɔːlruːm/\n\n[s]\n\n1. câmera escura\n2. quarto sem janela
smaller	menor
smallpox	/smɔːlpɔks/\n\n[s]\nvaríola
smart	/smɑːt/\n\n[adjective]\n\n1. a. esperto\n  b. astuto\n2. a. ardiloso\n  b. ladino
smarter	[adjective]\n\n1. mais esperto\n2. mais inteligente\n3. mais astuto
smartly	[s]\n\n1. espertamente\n2. astutamente
smash	/smæʃ/\n\n1. britar\n2. esmagar\n3. quebrar
smear	/smiər/\n\n1. lambuzar\n2. rebocar\n3. ungir\n4. untar
smell	/smel/\n\n1. cheirar\n2. exalarcheiro\n3. a. cheiro\n  b. hálito\n  c. odor
smile	/smail/\n\n1. sorrir\n2. sorriso
smoke	/smouk/\n\n1. fumar\n2. a. fumaça\n  b. fumo
smoker	[s]\nfumante
smokers	/smoukəz/\n\n1. fumadores\n2. fumantes
smokestack	/smoukstæk/\n\n1. chaminé\n2. canodachaminé
smooth	/smuːθ/\n\n[s]\n[adjective]\n[vt]\n\n1. a. amaciamento\n  b. alisamento\n  c. polimento\n2. a. liso\n  b. suave\n  c. plano\n  d. polido\n3. a. alisar\n  b. polir
smoothly	[adverb]\n\n1. suavemente\n2. a. facilmente\n  b. sem problemas
smoothness	[s]\nsuavidade
smuggle	/smʌgl/\n\ncontrabandear
smuggler	/smʌglər/\n\ncontrabandista
smuttily	[adverb]\nde forma obscena
smuttiness	[s]\nobscenidade
smutty	[adjective]\nobsceno
snack	/snæk/\n\n1. merenda\n2. lanche
snag	[s]\n[vt]\n\n1. a. dificuladade\n  b. obstáculo\n2. obter rapidamente
snail	/sneil/\n\n1. caracol\n2. a. àzinho\n  b. arroba
snake	/sneik/\n\n1. cobra\n2. serpente
snap	1. a. estalo\n  b. estalido\n  c. clique\n2. foto\n3. repentino\n4. a. estalar\n  b. quebrar\n5. tirar uma foto\n6. retrucar asperamente
snap off	partir
snap up	1. arrebatar\n2. comprar rapidamente
snappy	1. rápido\n2. vigoroso
snapshot	fotografia
snare	/snɛər/\n\n1. insídia\n2. a. alçapão\n  b. armadilha
sneer	/sniər/\n\ndarumarderisoalvaroumordaz
sneeze	/sniːz/\n\n1. espirrar\n2. espirro
snifter	/sniftər/\n\naperitivo
snob	/snɔb/\n\nesnobe
snobbish	/snɔbiʃ/\n\nesnobe
snore	/snɔːr/\n\n1. ressonar\n2. roncar
snorter	/snɔːtər/\n\naperitivo
snow	/snou/\n\n1. nevar\n2. neve
snowdrop	/snoudrɔp/\n\nfura-neve
snowflake	/snoufleik/\n\nflocodeneve
snowy	nevoso
so	/sou/\n\n1. a. logo\n  b. porconseguinte\n  c. sendo assim\n2. a. assim\n  b. daquelamaneira\n  c. destamaneira\n  d. destemodo
so ... as	/souəz/\n\nqual...tal
so long	/soulɔŋ/\n\n1. atéavista\n2. atélogo\n3. atémaisver
so so	/sousou/\n\nassim
so to speak	/soutouspiːk/\n\nporassimdizer
soak	/souk/\n\n1. ensopar\n2. imergir\n3. molhar com líquido
soap	/soup/\n\n1. sabão\n2. ensaboar
soaring	[adjective]\n\n1. a grande altura\n2. disparado
sober	/soubər/\n\n1. sóbrio\n2. a. comedido\n  b. parco\n  c. sério
soccer	/sɔkər/\n\nfutebol
soccer ball	/sɔkərbɔːl/\n\nfutebol
social	/souʃl/\n\nsocial
socialism	/souʃəlizəm/\n\nsocialismo
society	/səsaiətiː/\n\n1. comunidade\n2. corposocial\n3. sociedade
sock	/sɔk/\n\n1. meia\n2. peúga
socket	/sɔkit/\n\n1. bainha\n2. estojo
sodium	[s]\nsódio
sodomize	/sɔdəmaiz/\n\npraticarsodomia
sofa	/soufə/\n\n1. canapé\n2. sofá
soft	/sɔft/\n\n1. a. ameno\n  b. doce\n  c. meigo\n  d. suave\n2. a. brando\n  b. fofo\n  c. macio\n  d. mole
soggy	[adjective]\nensopado
soil	/sɔil/\n\n1. terra\n2. a. macular\n  b. manchar\n3. a. chão\n  b. solo
soiled	/sɔild/\n\nsujo
solar	[adjective]\nsolar
solder	/sɔldər/\n\n1. a. luto\n  b. solda\n2. a. fecharcomluto\n  b. soldar
soldier	/souldiər/\n\n1. praça\n2. soldado
sole	/soul/\n\n1. a. mero\n  b. simples\n  c. só\n2. planta\n3. sola\n4. a. isolado\n  b. sozinho\n  c. único\n5. linguado
solemn	/sɔləm/\n\nsolene
solicit	[vt]\n\n1. pedir\n2. solicitar
solicitor	/səlisitər/\n\nadvogado
solid	/sɔlid/\n\nsólido
solidarity	/sɔlidæritiː/\n\nsolidariedade
solidify	solidificar
solidly	solidamente
solitary	/sɔlitriː/\n\n1. a. mero\n  b. simples\n  c. só\n2. a. isolado\n  b. sozinho\n  c. único\n3. solitário
solo	/soulou/\n\nsolo
soluble	[adjective]\nsolúvel
solution	/səluːʃən/\n\nsolução
solve	/sɔlv/\n\n1. solver\n2. dissolver\n3. resolver
somatic	[adjective]\nsomático
somber	/sɔmbər/\n\n1. sombrio\n2. triste
some	/sʌm/\n\n1. a. um pouco\n  b. um tanto\n2. a. alguém\n  b. algum\n  c. uma pessoa\n3. a. alguns\n  b. certo número de\n  c. vários
some kind of	/sʌmkaindɔf/\n\n1. um\n2. algum\n3. qualquer
some one	/sʌmwʌn/\n\n1. alguém\n2. algum\n3. uma pessoa
somebody	/sʌmbədiː/\n\n1. alguém\n2. uma pessoa
somehow	/sɔmhau/\n\n1. de algum jeito\n2. de alguma forma
someone	/sʌmwʌn/\n\n1. alguém\n2. alguma pessoa
someone's	/sʌmwʌnz/\n\nde alguém
something	/səmiːθiŋ/\n\n1. algo\n2. alguma coisa
something new	/səmiːθiŋnjuː/\n\n1. coisa nova\n2. inovação\n3. notícia
sometime	/səmetaim/\n\n1. um dia\n2. uma vez\n3. outrora
sometimes	/səmetaimz/\n\n1. a. outrora\n  b. uma vez\n2. a. às vezes\n  b. por vezes
somewhat	/soumwɔt/\n\n1. um pouco\n2. um tanto
somewhere	/soumwɛər/\n\n[adverb]\n\n1. em algum lugar\n2. algures
somnifacient	[s]\nsonífero
somniferous	[s]\nsonífero
son	/sɔn/\n\nfilho
son-in-law	genro
sonata	/sɔneitə/\n\nsonata
song	/sɔŋ/\n\n1. canção\n2. cantiga\n3. canto
songbook	/sɔŋbuk/\n\nlivro de músicas
soon	/suːn/\n\n1. brevemente\n2. cedo\n3. depressa\n4. logo
sooner	mais cedo
soot	/sut/\n\n1. fuligem\n2. picumã
soothe	[vt]\n\n1. acalmar\n2. confortar\n3. consolar
sop	[vt]\nensopar
sophisticated	/səfistikeitid/\n\n1. astuto\n2. sagaz
soprano	/səprɑːnou/\n\nsoprano
sorcery	/sɔːsəriː/\n\n1. encanto\n2. feitiço
sore	/sɔːr/\n\n1. a. ferida\n  b. chaga\n2. a. dolorido\n  b. magoado\n  c. ofendido
sore throat	dor de garganta
sorely	[adverb]\n\n1. dolorosamente\n2. a. grandemente\n  b. enormemente
soreness	[s]\ndor
sorrel	/sɔrəl/\n\nbaio
sorrow	/sɔrou/\n\n1. tristeza\n2. mágoa\n3. dor
sorrwoful	1. triste\n2. aflito\n3. magoado
sort	/sɔːt/\n\n[s]\n[vt]\n\n1. a. espécie\n  b. género\n  c. jaez\n  d. laia\n  e. qualidade\n2. ordenar
soul	/soul/\n\n1. alma\n2. ânimo\n3. espírito
sound	/saund/\n\n[s]\n[adjective]\n[vt]\n\n1. som\n2. a. sadio\n  b. são\n3. a. completo\n  b. sem imperfeições\n4. seguro\n5. a. bater\n  b. soar
sound the alarm	/saundðəlɑːm/\n\n[vi]\n\n1. alarmar\n2. dar alarme
soundfile	[s]\narquivo de som
soup	/suːp/\n\n[s]\nsopa
sour	/sauər/\n\n1. acerbo\n2. a. ácido\n  b. azedo\n3. azedar-se\n4. adstringente\n5. a. arisco\n  b. brusco\n  c. rabugento
source	/sɔːs/\n\n1. fonte\n2. a. manancial\n  b. nascente
south	/sauθ/\n\n1. a. austral\n  b. meridional\n2. sul
South Africa	/sauθæfrikə/\n\n1. África Meridional\n2. África do Sul
South America	/sauθəmerikə/\n\nAmérica do Sul
southeast	[s]\n[adjective]\n[adverb]\n\n1. sudeste\n2. do sudeste\n3. para o sudeste
southeasterly	[adjective]\ndo sudeste
southern	/sʌðən/\n\n1. austral\n2. meridional
southwest	[s]\n[adjective]\n[adverb]\n\n1. sudoeste\n2. do sudoeste\n3. para o sudoeste
southwesterly	[adjective]\ndo sudoeste
sovereign	/sɔvrin/\n\nsoberano
Soviet	/sɔviət/\n\nsoviético
sow	/sou/\n\n1. plantar\n2. semear
soy	/sɔi/\n\n[s]\n[adjective]\n\n1. molho de soja\n2. de soja
soy sauce	/sɔi sɔːs/\n\n[s]\nmolho de soja
soy-bean	/sɔibi:n/\n\n[s]\nsoja
spa	/spə/\n\nestaçãobalneária
space	/speis/\n\n1. âmbito\n2. espaço\n3. extensão
spaceman	/speismən/\n\nastronauta
spacious	/speiʃəs/\n\n1. amplo\n2. espaçoso\n3. extenso\n4. vasto
spade	/speit/\n\n1. a. cavar\n  b. revolver\n2. a. cavadeira\n  b. enxada\n  c. pá
spades	/speidz/\n\nespadas
Spain	/spein/\n\nEspanha
Spaniard	/spæniəd/\n\nespanhol
Spanish	/spæniʃ/\n\nespanhol
spanner	/spænər/\n\nchave
spare	/spɛər/\n\n1. a. poupar\n  b. ser indulgente para\n2. economizar
spare time	/spɛərtaim/\n\nférias
spark	/spɑːk/\n\n1. centelha\n2. fagulha\n3. faísca
spark plug	/spɑːkplʌg/\n\nvela
sparrow	/spærou/\n\n1. pardal\n2. pássaro
spartan	[adjective]\nespartano
spasm	/spæzəm/\n\nespasmo
spawn	1. ovas\n2. a. desovar\n  b. procriar\n3. a. gerar\n  b. criar
speak	/spiːk/\n\nfalar
speak about	falar sobre
speak of	falar de
speak to	falar com
speak up	falar alto
speaker	1. orador\n2. alto-falante
speaker's platform	/spiːkəzplætfɔːm/\n\n1. pódio\n2. tribuna
special	/speʃl/\n\n1. a. avulso\n  b. especial\n  c. isolado\n  d. particular\n  e. peculiar\n  f. reservado\n2. a. extraordinário\n  b. próprio
specialist	/speʃəlist/\n\n1. a. experto\n  b. louvado\n  c. perito\n2. a. especialista\n  b. expert
speciality	/speʃiælitiː/\n\n1. compartimento\n2. especialidade\n3. secção
specialization	especialização
specially	[adverb]\nespecialmente
specialty	[s]\nespecialidade
specific	/spəsifik/\n\nespecífico
specifically	especificamente
specification	[s]\nespecificação
specificity	[s]\nespecificidade
specify	/spesifai/\n\nespecificar
specimen	/spesimin/\n\n1. espécime\n2. amostra
spectacle	/spektəkl/\n\nespetáculo
spectacles	/spektəklz/\n\nóculos
spectator	/spekteitər/\n\nespectador
spectrum	[s]\nespectro
speculation	[s]\nespeculação
speech	/spiːtʃ/\n\n1. conferência\n2. discurso\n3. fala
speechless	/spiːtʃləs/\n\n1. calado\n2. mudo
speed	/spiːd/\n\n1. rapidez\n2. velocidade
speed limit	/spiːdlimit/\n\nlimite de velocidade
speed up	/spiːdʌp/\n\n1. acelerar\n2. adiantar\n3. apressar\n4. atirar\n5. aumentaravelocidadede
speed-limit	limite de velocidade
speedup	[s]\n[vt]\n\n1. a. aceleração\n  b. aumento na velocidade\n2. a. acelerar\n  b. aumentar a velocidade
speedy	/spiːdiː/\n\n1. a. breve\n  b. iminente\n  c. próximo\n2. a. rápido\n  b. veloz
spell	/spel/\n\nsoletrar
spend	/spend/\n\n[vt]\n\n1. gastar\n2. fazer passar
spend the night	/spendðnait/\n\npassar a noite
sperm	/spəːm/\n\n[s]\nesperma
sphere	/sfiər/\n\n[s]\nesfera
spice	/spais/\n\n[s]\n[vt]\n\n1. a. espechiaria\n  b. tempero\n2. a. condimentar\n  b. temperar
spider	/spaidər/\n\n[s]\naranha
spider angioma	[s]\n\n1. telangiectasia\n2. nevus araneus
spiderweb	/spaidəwiːb/\n\n[s]\nteia de aranha
spiked	/spaikt/\n\n[adjective]\n\n1. aguçado\n2. pontudo
spin	/spin/\n\n1. fiar\n2. reduzirafio\n3. tecer
spinach	/spainæk/\n\n[s]\nespinafre
spindle	/spindl/\n\nfuso
spine	/spain/\n\n[s]\n\n1. espinha\n2. espinha dorsal
spinning-wheel	[s]\nroda de fiar
spinster	/spinstər/\n\n1. senhorita\n2. celibatária\n3. solteira
spirit	/spirit/\n\n[s]\n\n1. alma\n2. gênio\n3. espírito
spirits	/spirits/\n\nbebida alcoólica
spiritual	/spiritʃeəl/\n\n[adjective]\nespiritual
spiritualism	/spiritʃeəlizəm/\n\n[s]\nespiritismo
spirochete	[s]\nespiroqueta
spirometry	[s]\nespirometria
spit	/spit/\n\n1. cuspir\n2. salivar
splash	/splæʃ/\n\n[s]\n[vt]\n\n1. a. mancha\n  b. borrifo\n  c. respingo\n2. a. bater\n  b. estalar\n  c. marulhar\n  d. patinhar
spleen	[s]\nbaço
splender	/splendər/\n\n1. gala\n2. ostentação\n3. pompa
splenectomy	[s]\nesplenectomia
splenomegaly	[s]\n\n1. esplenomegalia\n2. aumento de tamanho do baço
splinter	/splintər/\n\n1. lasca\n2. a. lascar\n  b. rachar\n  c. romper\n3. farpa
split	/split/\n\n1. a. fender\n  b. partir\n  c. rachar\n2. a. lascar\n  b. romper
spoil	/spɔil/\n\n1. a. arruinar\n  b. avariar\n  c. danificar\n  d. deteriorar\n  e. estragar\n2. a. borrar\n  b. fazer às pressas\n  c. trabalhar mal\n3. a. adulterar\n  b. viciar
spokesman	[s]\nporta-voz
spokesperson	[s]\nporta-voz
spokeswoman	[s]\nporta-voz
sponge	/spʌndʒ/\n\nesponja
sponger	/spʌndʒər/\n\n[s]\nparasita
spongy	/spʌndʒiː/\n\nesponjoso
sponsor	[s]\n[vt]\n\n1. a. patrocinador\n  b. financiador\n  c. fiador\n  d. padrinho\n2. a. patrocinar\n  b. apadrinhar\n  c. fiar\n3. promover
sponsorship	[s]\npatrocínio
spontaneous	/spɔnteiniəs/\n\n[adjective]\nespontâneo
spontaneously	[adverb]\nespontaneamente
spool	/spuːl/\n\n[s]\n\n1. bobina\n2. carretel\n3. carrinho
spoon	/spuːn/\n\n[s]\ncolher
sporadic	/spərædik/\n\n[adjective]\n\n1. casual\n2. esporádico\n3. raro
sport	/spɔːt/\n\n[s]\n\n1. esporte\n2. desporte
sportsman	/spɔːtsmən/\n\n[s]\n\n1. esportista\n2. desportista
spot	/spɔt/\n\n[s]\n[vt]\n\n1. a. local\n  b. lugar\n  c. paragem\n  d. sítio\n2. ponto\n3. a. mácula\n  b. mancha\n  c. nódoa\n4. a. macular\n  b. manchar\n5. notar\n6. ver
spray gun	/spreigʌn/\n\n[s]\npistola
spread	/spred/\n\n[vt]\n\n1. a. espalhar\n  b. divulgar\n2. a. deitar\n  b. desenvolver\n  c. estender\n  d. expor\n  e. fazer cair
spread out	/spredaut/\n\n1. a. desdobrar\n  b. desfraldar\n2. a. deitar\n  b. desenvolver\n  c. estender\n  d. expor\n  e. fazercair
spreadsheet	[s]\nplanilha eletrônica
spree	[s]\n\n1. divertimento\n2. farra
spring	/spriŋ/\n\n1. jorrar de uma fonte\n2. a. fonte\n  b. manancial\n  c. nascente\n3. primavera\n4. a. corda\n  b. mola\n5. a. pular\n  b. saltar
springboard	[s]\ntrampolim
springtime	/spriŋtaim/\n\nprimavera
sprinkle	/spriŋkl/\n\n1. aspergir\n2. borrifar\n3. jogaráguabenta\n4. orvalhar\n5. regar
sprint	carreira
spur	/spəːr/\n\n1. a. esporar\n  b. esporear\n2. a. aguilhão\n  b. espora
spur on	/spəːrwʌn/\n\n1. impelir\n2. incitar\n3. instigar
spurge	/spəːdʒ/\n\neufórbio
spurt	/spəːt/\n\n1. borbotar\n2. esguichar\n3. jorrar\n4. minar
spurt out	/spəːtaut/\n\n1. borbotar\n2. esguichar\n3. jorrar\n4. minar
sputum	[s]\nescarro
spy	/spai/\n\n[s]\n[vt]\n\n1. espião\n2. espionar
spy on	/spaiwʌn/\n\n[vt]\n\n1. espiar\n2. espionar
squabble	/skwɔbl/\n\n1. beijar-se\n2. bicar reciprocamente
squad	/skwɔd/\n\n[s]\n\n1. bando\n2. companhia\n3. turma
squadron	[s]\nesquadrão
squalid	[adjective]\nimundo
squalor	[s]\n\n1. sujeira\n2. porcaria
square	/skwɛər/\n\n[s]\n\n1. quadrado\n2. a. adro\n  b. largo\n  c. praça
square decametre	/skwɛərdikæmitər/\n\nare
squash	/skwɔʃ/\n\n[s]\nabóbora
squat	/skwɔt/\n\n1. estar agachado\n2. estar de cócoras
squeeze	/skwiːz/\n\n1. apertar\n2. comprimir\n3. espremer
squint	/skwint/\n\n1. ser vesgo\n2. vesguear
squirrel	/skwirəl/\n\n1. esquilo\n2. serelepe
squirt	/skwəːt/\n\nfazer jorrar
stab	/stæb/\n\n1. aferroar\n2. picar
stability	[s]\nestabilidade
stabilize	[vt]\nestabilizar
stable	/steibl/\n\n[s]\n[adjective]\n\n1. a. curral\n  b. estábulo\n  c. estrebaria\n  d. redil\n2. cavalariça\n3. a. estável\n  b. firme\n  c. consistente\n  d. constante\n  e. durável
stableman	/steiblmən/\n\n[s]\npalafreneiro
stack	/stæk/\n\n[s]\n[adjective]\n\n1. a. montão\n  b. pilha\n2. a. acumular\n  b. juntar em excesso\n  c. amontoar\n  d. empilhar
stadium	/steidiəm/\n\n[s]\n\n1. fase\n2. estádio\n3. etapa
staff	/stɑːf/\n\n[s]\nestado-maior
stage	/steidʒ/\n\n1. a. estrado\n  b. pódio\n  c. tablado\n2. etapa\n3. fase\n4. a. cenário\n  b. palco\n5. a. estação\n  b. paragem\n6. estádio
stage-manager	1. contra-regra\n2. diretordecena\n3. ensaiador
stagger	[vi]\n\n1. cambalear\n2. vacilar
stagnate	/stægneit/\n\n[vi]\n\n1. estagnar\n2. ficar parado
stagnation	[s]\nestagnação
staid	/steid/\n\n1. a. grave\n  b. sério\n  c. sisudo\n2. a. comedido\n  b. parco\n  c. sóbrio
stain	/stein/\n\n[s]\n[vt]\n\n1. a. mancha\n  b. mácula\n2. a. manchar\n  b. macular
stair	/stɛər/\n\n[s]\n\n1. escalão\n2. degrau
staircase	/stɛəkeis/\n\n[s]\nescada
stairs	/stɛəz/\n\n[s]\nescada
stake	/steik/\n\n[s]\n\n1. a. estaca\n  b. mourão\n  c. poste\n2. vara
stakeholder	[s]\n\n1. investidor\n2. apostador
stale	/steil/\n\n1. passado\n2. seco
stalk	/stɔːk/\n\n1. a. andar\n  b. caminhar\n  c. dar um passo\n2. caule
stall	/stɔːl/\n\n1. curral\n2. estábulo\n3. estrebaria\n4. redil
stallion	/stæliən/\n\ngaranhão
stammer	/stæmər/\n\n1. balbuciar\n2. gaguejar\n3. tartamudear
stamp	/stæmp/\n\n[s]\n[vt]\n\n1. estampa\n2. a. selo\n  b. selo do correio\n3. estampar
stamp-collecting	filatelia
stamped	/stæmpt/\n\n1. comportepago\n2. franqueado
stance	[s]\n\n1. posição ereta\n2. em pé
stanchion	/stæntʃən/\n\n1. estaca\n2. mourão\n3. poste
stand	/stænd/\n\n1. a. barraca\n  b. celeiro\n  c. guarita\n  d. tenda\n2. de súbito pôr-se de pé\n3. a. estar de pé\n  b. permanecer
stand guard	/stændgɑːd/\n\nestar de sentinela
stand up	/stændʌp/\n\nde súbito pôr-se de pé
stand up to	/stændʌptou/\n\n1. afrontar\n2. arrostar
standalone	[adjective]\nque opera sozinho
standard	/stændəd/\n\n1. a. norma\n  b. padrão\n2. a. bandeira\n  b. estandarte\n  c. pendão
standardise	[vt]\npadronizar
standardization	[s]\npadronização
standardize	[vt]\npadronizar
standing on end	/stændiŋwʌnənd/\n\n1. eriçado\n2. hirto
standing together	/stændiŋtəgeðər/\n\nsolidário
standpoint	[s]\nponto de vista
standstill	[s]\n\n1. estagnação\n2. impasse
staple	/steipl/\n\n1. grampo\n2. parêntese
star	/stɑːr/\n\n1. astro\n2. estrela
starboard	/stɑːbəd/\n\nestibordo
starch	/stɑːtʃ/\n\napresto
stare	[vt]\nfixar o olhar
start	/stɑːt/\n\n1. a. início\n  b. começo\n  c. princípio\n2. a. começar\n  b. iniciar\n  c. tomar a iniciativa\n3. ativar\n4. a. darumpulo\n  b. saltar de repente
start off	/stɑːtɔf/\n\npôr-se em marcha
start out	/stɑːtaut/\n\n1. pôr-se a caminho\n2. pôr-se em marcha
start running	/stɑːtrʌniŋ/\n\n1. arrancar\n2. partir
starter	/stɑːtər/\n\n1. arranque\n2. partida
startle	1. assustar\n2. amendrontar\n3. surpreender
starvation	[s]\n\n1. fome\n2. morte pela fome
stasis	[s]\n\n1. estase\n2. estagnação
state	/steit/\n\n1. a. estado\n  b. situação\n2. a. nação\n  b. reino\n  c. país\n3. a. afiançar\n  b. assegurar\n  c. asseverar\n  d. certificar\n  e. garantir\n  f. sustenar\n4. a. declarar\n  b. declinar\n  c. depor
state education	educação pública
state of the art	[s]\n[adjective]\n\n1. a. excelência\n  b. o mais alto grau que algo pode alcançar em determinado momento\n2. a. excelente\n  b. que tem excelência\n  c. que alcançou o maior nível que pode alcançar
stateless	[adjective]\ndesnacionalizado
stately	[adjective]\n\n1. majestoso\n2. imponente
statement	/steitmənt/\n\n[s]\n\n1. declaracão\n2. depoimento
statement of policy	/steitməntɔfpɔləsiː/\n\nprograma
static	[adjective]\n\n1. estátivo\n2. imóvel
statically	[adverb]\n\n1. estaticamente\n2. de forma estática
station	/steiʃən/\n\n[s]\nestação
station-master	chefe da estação
stationer's shop	/steiʃənəzʃɔp/\n\npapelaria
statistics	/stətistiks/\n\nestatística
statue	/stætʃuː/\n\nestátua
stature	/stætʃər/\n\naltura
status	1. estado\n2. status
status bar	[s]\nbarra de estado
statute	/stætʃuːt/\n\n1. estatuo\n2. regimento\n3. regulamento
stay	/stei/\n\n1. ficar\n2. permanecer\n3. restar
stay over	/steiouvər/\n\n1. ficar\n2. permanecer\n3. restar
stay with	/steiwið/\n\nhospedar-se
stead	[s]\n[vt]\n\n1. a. lugar\n  b. posição\n2. a. ajudar\n  b. assistir\n  c. apoiar
steadily	1. constantemente\n2. sem parar\n3. firmemente
steadiness	[s]\nfirmeza
steady	1. companheiro fixo\n2. a. fixo\n  b. firme\n  c. constante\n  d. invariável\n  e. uniforme\n3. a. fixar\n  b. firmar\n  c. estabilizar\n  d. acalmar
steak	/steik/\n\nbifsteque
steal	/stiːl/\n\n1. furtar\n2. roubar
stealthily	/stelthiliː/\n\npeloroubo
steam	/stiːm/\n\nvapor
steam-boiler	caldeira
steamship	/stiːmʃip/\n\nnavioavapor
steel	/stiːl/\n\n1. barbatana\n2. aço
steep	/stiːp/\n\n1. escarpado\n2. íngreme
steer	/stiər/\n\n1. a. dirigir\n  b. encaminhar\n  c. gerir\n  d. governar\n  e. guiar\n2. conduzir
steering	/stiəriŋ/\n\n1. direcção\n2. directriz\n3. gerência\n4. gestão\n5. governo
steering-wheel	1. guidão\n2. volante
stellar	[adjective]\n\n1. estrelar\n2. estrelado\n3. o artista mais importante
stem	/stəm/\n\n1. caule\n2. tronco
stencil	/stensl/\n\n1. chapa\n2. clichê\n3. molde\n4. padrão
stenography	/stənɔgrəfiː/\n\nestenografia
stenosis	[s]\nestenose
stenotic	[adjective]\nestenótico
stenotypist	/stenətipist/\n\n1. dactilógrafa\n2. datilógrafa
step	/step/\n\n1. a. andar\n  b. caminhar\n  c. dar um passo\n2. passo\n3. a. escalão\n  b. degrau
step on	/stepwʌn/\n\ncalcarospés
step-father	padastro
stepmother	[s]\nmadrasta
steppe	/step/\n\n1. estepe\n2. páramo
sterile	/sterail/\n\n1. estéril\n2. improdutivo
sterilize	/sterəlaiz/\n\nesterilizar
stern	/stəːn/\n\npopa
sternum	[s]\nosso esterno
sternutation	espirro
steroid	[s]\nesteróide
stethoscopic	[s]\nestetoscópio
stevedore	/stiːvədɔːr/\n\nestivador
stew	/stjuː/\n\n1. goulache\n2. a. guisado\n  b. ragu
steward	/stjeəd/\n\n1. intendente\n2. a. aeromoço\n  b. tafeiro
stewardess	/stjeədes/\n\naeromoça
stichwort	/stitʃwət/\n\nalsina
stick	/stik/\n\n1. bastonete\n2. a. bastão\n  b. bengala\n  c. bordão\n  d. cacete\n  e. pau\n3. a. colar\n  b. grudar\n  c. solvar
sticky	/stikiː/\n\npegajoso
stiff	/stif/\n\n1. a. ceremonioso\n  b. pomposo\n  c. solene\n2. a. hirto\n  b. rígido\n  c. teso
stiffness	[s]\n\n1. dureza\n2. rigidez
stigma	[s]\nestigma
still	/stil/\n\n1. ainda\n2. até agora\n3. mais\n4. também
stillbirth	[s]\nóbito fetal
stimulate	/stimjuleit/\n\n1. a. concitar\n  b. incitar\n  c. provocar\n2. a. impelir\n  b. instigar\n3. a. esporar\n  b. esporear\n4. a. aguaçar\n  b. encorajar\n  c. estimular\n  d. reavivar
stimulation	[s]\nestimulação
sting	/stiŋ/\n\n1. a. aferroar\n  b. picar\n2. espadas
stingray	/stiŋrei/\n\n1. raia\n2. arraia
stingy	/stindʒiː/\n\n1. avarento\n2. avaro
stipulate	/stipjuleit/\n\n1. convencionar\n2. estipular
stipulation	/stipjuleiʃən/\n\n1. cláusula\n2. condição
stir	/stəːr/\n\n1. a. abalar\n  b. comover\n  c. emocionar\n  d. sensibilizar\n2. a. bater\n  b. fazer molinete\n  c. mexer
stir up	/stəːrʌp/\n\n1. a. agitar\n  b. amotinar\n  c. sacolejar\n  d. sacudir\n2. a. acirrar\n  b. aguçar\n  c. atiçar\n  d. estimular\n  e. excitar\n  f. inflamar\n3. a. concitar\n  b. incitar\n  c. provocar\n4. a. esporar\n  b. esporear\n5. a. aguaçar\n  b. encorajar\n  c. reavivar
stitch	/stitʃ/\n\n1. ponto\n2. pespontar
stock	/stɔk/\n\n[s]\n[vt]\n\n1. a. estoque\n  b. provisão\n  c. sortimento\n2. a. estocar\n  b. formar estoque
stock exchange	/stɔkikstʃeindʒ/\n\n1. bolsa\n2. bolsadevalores\n3. praça
stocked	/stɔkt/\n\nemestoque
stocking	/stɔkiŋ/\n\nmeia
stodgy	/stɔdʒiː/\n\n1. a. aborrecedor\n  b. fastidioso\n2. a. aborrecido\n  b. enfadonho
stoic	/stouik/\n\n1. estóico\n2. homemestóico
stoical	/stouikl/\n\nestóico
stoke	/stouk/\n\naquecer
stomach	/stʌmək/\n\nestômago
stomp	[s]\n[vt]\n\n1. sapateado\n2. pisar com força
stone	/stoun/\n\n1. argiloso\n2. pedra
stool	/stuːl/\n\n1. banqueta\n2. banquinho\n3. mocho
stop	/stɔp/\n\n1. paragem\n2. a. demorar-se\n  b. deter-se\n  c. parar\n3. a. fazerparar\n  b. reprimir\n4. estação\n5. a. cessar\n  b. pararde\n6. a. fazercessar\n  b. interromper
stop up	/stɔpʌp/\n\n1. arrolhar\n2. tampar\n3. tapar
stopper	/stɔpər/\n\n1. bucha\n2. rolha\n3. tampa
storage	[s]\narmazenamento
storage battery	/stɔːridʒbætəriː/\n\nacumulador
store	/stɔːr/\n\n1. a. armazém\n  b. loja\n2. venda
store up	acumular
store-cupboard	aparador
storey	/stɔːriː/\n\n1. andar\n2. pavimento
stork	/stɔːk/\n\ncegonha
stork's-bill	eródio
storm	/stɔːm/\n\n1. correr no alcance de alguém para atacar\n2. a. tempestade\n  b. tormenta
story	/stɔːriː/\n\n1. a. andar\n  b. pavimento\n2. a. estória\n  b. crônica\n  c. conto\n  d. narrativa
stove	/stouv/\n\n1. fogão\n2. forno
stow	/stou/\n\nestivar
straight	/streit/\n\n1. direito\n2. direto\n3. reto
straight past	/streitpɑːst/\n\n1. além\n2. aoladode\n3. pordiantede
straightedge	/streitidʒ/\n\nrégua
straightforward	/streitfɔːwəd/\n\n1. simples\n2. singelo
straightforwardly	[adverb]\n\n1. diretamente\n2. a. com convicção\n  b. com firmeza
strain	[s]\n[vt]\n[vi]\n\n1. a. tensão\n  b. pressão\n2. esforço\n3. descendência\n4. cepa\n5. causar tensão\n6. esticar\n7. esforçar-se
strait	/streit/\n\nestreito
straitened	/streitnd/\n\n1. embaraçoso\n2. estorvador
strange	/streindʒ/\n\n[s]\n\n1. a. estranho\n  b. esquisito\n2. estrangeiro
stranger	/streindʒər/\n\n[s]\n[adjective]\n\n1. pessoa estranha\n2. estranho\n3. estrangeiro
strangle	/stræŋgl/\n\n[vt]\nestrangular
stranglehold	[s]\n\n1. domínio\n2. controle
strangulation	[s]\nestrangulamento
strap	/stræp/\n\n1. correia\n2. tiradecouro
Strasbourg	/stræsbəːg/\n\nEstrasburgo
stratagem	/strætidʒəm/\n\nastúcia
strategic	/strətiːdʒik/\n\nestratégico
strategy	/strætədʒiː/\n\nestratégia
straw	/strɔː/\n\n1. colmo\n2. palha
strawberry	/strɔːbriː/\n\nmorango
strawberry tree	/strɔːbriːtriː/\n\nmedronheiro
streak	/striːk/\n\n1. risca\n2. risco\n3. traço
stream	/striːm/\n\n1. a. corrente\n  b. fluxo\n2. a. riacho\n  b. ribeiro
streamlined	/striːmlaind/\n\naerodinâmica
strech	/sttʃ/\n\n1. armar\n2. dar corda\n3. esticar\n4. retesar
strech out	/sttʃaut/\n\n1. desdobrar\n2. estender\n3. espraiar\n4. estirar
street	/striːt/\n\nrua
street-corner	esquina
streetcar	/striːtkɑːr/\n\n1. bonde\n2. carroeléctrico\n3. trilhocavado\n4. carroelétrico
strength	/streŋθ/\n\n[s]\n\n1. força\n2. intensidade
stress	/stris/\n\n[s]\n[vt]\n\n1. a. estresse\n  b. cansaço mental\n  c. fadiga\n2. acento\n3. a. estressar\n  b. fadigar\n4. acentuar
stretcher	/stretʃər/\n\n1. maca\n2. padiola
stria	[s]\nestria
striation	[s]\nestria
strict	/strikt/\n\n[adjective]\n\n1. a. austero\n  b. rígido\n  c. rigoroso\n  d. severo\n2. a. exato\n  b. estrito
strictly	[adverb]\n\n1. a. estritamente\n  b. rigorosamente\n2. severamente
stride	/straid/\n\n1. a. andar\n  b. caminhar\n  c. dar um passo\n2. passo
stridor	[s]\nestridor
strike	/straik/\n\n1. a. bater\n  b. dar pancada\n  c. maçar\n  d. malhar\n2. começar a queimar\n3. a. golpear\n  b. percutir\n4. impor\n5. fazer greve\n6. greve\n7. a. acertar\n  b. atingir\n  c. dar no alvo
strike a balance	/straikəbæləns/\n\nsaldar
strike off	/straikɔf/\n\n1. debater\n2. discutir
strike out	/straikaut/\n\nanular
striking	/straikiŋ/\n\n1. acertado\n2. decisivo\n3. justo
string	/striŋ/\n\ncorda
stringent	/strindʒənt/\n\n1. exato\n2. pesado\n3. rigoroso
strip	/strip/\n\n1. a. coirela\n  b. faixa\n  c. fita\n  d. listrão\n2. despir-se\n3. a. barra\n  b. estria\n  c. tira
stripe	/straip/\n\n1. galão\n2. a. barra\n  b. estria\n  c. faixa\n  d. tira
strive for	/straivfər/\n\n1. buscar\n2. empenhar-se\n3. esforçar-se
stroke	/strouk/\n\n1. golpe\n2. carícia\n3. a. risca\n  b. risco\n  c. traço\n4. a. apoplexia\n  b. derrame cerebral\n  c. acidente vascular cerebral\n5. a. acariciar\n  b. afagar\n  c. mimosear
stroke of apoplexy	/stroukɔfæpəpleksiː/\n\napoplexia
stroll	/stroul/\n\n1. passeio\n2. passear
stroller	/stroulər/\n\npasseador
strong	/strɔŋ/\n\nforte
strong drink	/strɔŋdriŋk/\n\nbebida alcoólica
strong-box	cofre
stronger	[adjective]\nmais forte
strongest	[adjective]\no mais forte
strongly	[adverb]\nfortemente
structural	estrutural
structure	/strʌktʃər/\n\n1. contextura\n2. estrutura\n3. teia
struggle	/strʌgl/\n\n1. a. debater-se\n  b. espernear\n  c. estrebuchar\n2. a. batalhar\n  b. brigar\n  c. combater\n  d. guerrear\n  e. lidar\n  f. lutar\n  g. pelejar\n3. a. batalha\n  b. combate\n  c. luta\n  d. peleja\n  e. pugna\n4. pugnar
strut around	/struːtəraund/\n\n1. empavonar-se\n2. pavonear-se
strychnine	[s]\nestricnina
stubborn	/stʌbən/\n\n1. birrento\n2. obstinado\n3. teimoso
student	/stjuːdnt/\n\n1. estudante\n2. acadêmico
studio	/stjuːdiəə/\n\n1. atelier\n2. estúdio
study	/stʌdiː/\n\n1. a. estudar\n  b. preparar\n2. estudo
stuff	/stʌf/\n\n1. rechear\n2. estofar\n3. substância
stuffing	/stʌfiŋ/\n\nrecheio
stumble	/stʌmbl/\n\n1. tropeçar\n2. tropicar
stupid	/stjuːpit/\n\n1. estúpido\n2. imbecil\n3. tolo
stupidly	[adverb]\nestupidamente
sturdy	/stəːdiː/\n\n1. forte\n2. rijo\n3. sólido
stutter	/stʌtər/\n\n1. balbuciar\n2. gaguejar\n3. tartamudear
sty	/stai/\n\n1. a. aprisco\n  b. chiqueiro\n  c. curral\n2. a. estábulo\n  b. estrebaria\n  c. redil
style	/stail/\n\nestilo
stylish	1. elegante\n2. chique
subacute	[adjective]\nsubagudo
subclass	[s]\nsubclasse
subdirectory	[s]\nsubdiretório
subdivision	[s]\nsubdivisão
subdural	[adjective]\nsubdural
subendocardium	[s]\nsubendocárdio
subject	/sʌbdʒikt/\n\n1. sujeito\n2. a. assunto\n  b. motivo\n  c. tema
subject to tax	/sʌbdʒikttoutæks/\n\ntributável
subjective	/səbdʒektiv/\n\nsubjetivo
subjectively	subjetivamente
subjunctive	/səbdʒʌŋktiv/\n\nsubjuntivo
submit	/səbmit/\n\n1. submeter\n2. submeter-se
subordinate	/səbɔːdineit/\n\n1. inferior\n2. subalterno\n3. súdito
subroutine	[s]\nsubrotina
subscribe	/səbskraib/\n\n1. a. assinar\n  b. tomar uma assinatura\n  c. inscrever\n2. a. contribuir\n  b. cotizar-se\n  c. pagara sua cota
subscribe to	/səbskraibtou/\n\n1. assinar\n2. tomar uma assinatura\n3. inscrever
subscriber	/səbskraibər/\n\nassinante
subscription	/səbskripʃən/\n\n1. a. assinatura\n  b. inscrição\n2. cota
subsequent	[adjective]\nsubsequente
subsequently	/sʌbsikwentliː/\n\n[adverb]\n\n1. subsequentemente\n2. a. depois\n  b. atrás\n  c. em seguida\n3. a. logo\n  b. por conseguinte\n  c. sendo assim
subsidize	/sʌbsidaiz/\n\nsubvencionar
subsidy	/sʌbsədiː/\n\n1. subsídio\n2. subvenção
substance	/sʌbstəns/\n\nsubstância
substantial	substancial
substantially	[adverb]\nsubstancialmente
substantive	/sʌbstəntiv/\n\nsubstantivo
substitute	/sʌbstitjuːt/\n\n1. substituto\n2. a. substituir\n  b. fazer substituir\n  c. pôr no lugar de
substitution	/sʌbstitjuːʃən/\n\nsubstituição
substrate	[s]\nsubstrato
subterfuge	/sʌbtəfjuːʒ/\n\n1. subterfúgio\n2. artifício\n3. artimanha\n4. estratagema\n5. tramóia
subtitle	[s]\n[vt]\n\n1. legenda\n2. subtítulo\n3. a. legendar\n  b. colocar legendas
subtle	/sʌtl/\n\n1. arguto\n2. fino\n3. quase impalpável\n4. sutil\n5. tênue
subtotal	[adjective]\nsubtotal
subtract	/səbtrækt/\n\nsubtrair
subtraction	/səbtrækʃən/\n\nsubtração
subtype	[s]\nsubtipo
suburb	/sʌbəːb/\n\nsubúrbio
subvert	/sʌbvəːt/\n\nminar
subway	[s]\nmetrô
succeed	/səksiːd/\n\n1. conseguir\n2. lograr\n3. serbemsucedido\n4. terbomêxito
success	/səkses/\n\n1. prosperidade\n2. sucesso\n3. bom êxito
successful	1. bem sucedido\n2. vitorioso\n3. próspero
successfully	[adverb]\ncom sucesso
succession	[s]\nsucessão
successive	[adjective]\nsucessivo
successor	/səksesər/\n\n[s]\nsucessor
succumb	/səkʌm/\n\ncurvar-se ao peso de
such	/sʌtʃ/\n\n1. a. tal\n  b. de tal espécie\n  c. de tal qualidade\n2. a. assim\n  b. daquela maneira\n  c. desta maneira\n  d. deste modo
such a	/sʌtʃə/\n\n1. a. como\n  b. na qualidade de\n2. a. tal\n  b. de tal espécie\n  c. de tal qualidade
such as	/sʌtʃəz/\n\n1. como\n2. de que modo\n3. qual\n4. na qualidade de\n5. quanto
suck	/sʌk/\n\n1. chupar\n2. mamar\n3. sugar
suckle	/sʌkl/\n\namamentar
sudan	[s]\nSudão
sudden	/sʌdn/\n\n1. brusco\n2. repentino\n3. súbito
suddenly	/sʌdnliː/\n\n1. de repente\n2. subitamente
sue	/suː/\n\n1. acionar\n2. processar
suet	/suːit/\n\nsebo
suffer	/sʌfər/\n\n1. a. aguentar\n  b. agüentar\n  c. suportar\n  d. tolerar\n2. a. padecer\n  b. sofrer
suffice	/səːfis/\n\n1. bastar\n2. satisfazer\n3. ser suficiente
sufficient	/səfiʃənt/\n\n1. bastante\n2. suficiente
sufficiently	/səfiʃientliː/\n\n1. assaz\n2. bastante\n3. emquantidadesuficiente
suffix	/səfiks/\n\nsufixo
suffocate	/sʌfəkeit/\n\n1. abafar\n2. estrangular\n3. sufocar
sugar	/ʃugər/\n\naçúcar
sugar-bowl	açucareiro
sugarbowl	/ʃugɑːboul/\n\naçucareiro
suggest	/sədʒist/\n\n1. indicar\n2. a. incutir\n  b. lembrar\n  c. sugerir\n3. sugestionar
suggestion	/sədʒestʃən/\n\nsugestão
suggestive	[adjective]\nsugestivo
suicide	[s]\nsuicídio
suit	/suːt/\n\n1. a. fato\n  b. jogo\n  c. terno\n2. a. convir\n  b. ser apropriado\n  c. ser conveniente\n3. a. costume\n  b. traje\n  c. veste\n4. a. prestar-se\n  b. servir
suitability	[s]\nadequabilidade
suitable	/suːtəbl/\n\n1. a. adequado\n  b. apropriado\n  c. conveniente\n  d. decoroso\n  e. próprio\n2. a. apto\n  b. capaz
suitableness	[s]\nadequação
suitably	[adverb]\n\n1. apropiadamente\n2. adequadamente\n3. convenientemente
suitcase	/suːtkeis/\n\n[s]\n\n1. mala de mão\n2. maleta\n3. valise
suite	/swiːt/\n\n1. a. comitiva\n  b. cortejo\n  c. séquito\n2. conjunto de programas
suitor	[s]\npretendente
sulfuric	/sʌlfjeərik/\n\nsulfuroso
sulphur	/sʌlfər/\n\nenxôfre
sulphureous	/sʌlfjuriəs/\n\nsulfuroso
sulphuric	/sʌlfjurik/\n\nsulfuroso
sultan	/sʌltɑːn/\n\nsultão
sum	/sjuːm/\n\n1. a. somar\n  b. adicionar\n2. a. soma\n  b. importância\n  c. quantia
sum up	/sjuːmʌp/\n\n1. adicionar\n2. somar\n3. totalizar
summarize	/sʌməraiz/\n\n1. resumir\n2. tornar a somar
summary	1. sumário\n2. índice
summer	/sʌmər/\n\nverão
summer-house	casadecampo
summery	/sʌməriː/\n\n1. resumo\n2. sumário
summit	/sʌmit/\n\n1. a. ápice\n  b. extremidade\n  c. pico\n  d. ponta\n2. superfície\n3. a. cimo\n  b. cume\n  c. vértice
summon	/sʌmən/\n\nchamar
summons	/sʌmənz/\n\nintimação
sun	/sn/\n\n1. sol\n2. expor ao sol
sun oneself	/snwʌnself/\n\nexpor ao sol
sunbeam	/sʌnbiːm/\n\nraio de sol
sunday	/sʌndiː/\n\nDomingo
sundew	/sʌndjuː/\n\ndrósera
sunflower	/sʌnflauər/\n\ngirassol
sunglasses	[s]\nóculos de sol
sunlight	[s]\nluz do sol
sunrise	/sʌnraiz/\n\nnascer do sol
sunset	/sʌnset/\n\npôr do sol
sunshine	raio de sol
superclass	[s]\nsuperclasse
supercomputer	[s]\nsupercomputador
superficial	/suːpəfiʃl/\n\nbaixo
superficially	[adverb]\nsuperficialmente
superfluous	/suːpəːfleəs/\n\nsupérfluo
superhero	super-herói
superintendant	/suːpərintendənt/\n\nintendente
superior	/suːpiəriər/\n\nsuperior
superiority	[s]\nsuperioridade
superman	/suːpəːmən/\n\nsuper-homem
supermen	super-homem
supersign	/suːpəsain/\n\nacento
superstition	/suːpəːstiʃən/\n\n1. crendice\n2. superstição
superstitious	/suːpəːstiʃəs/\n\nsupersticioso
superuser	[s]\nsuperusuário
supervise	/suːpəvaiz/\n\n1. conferir\n2. fiscalizar\n3. inspecionar\n4. supervisionar
supination	[s]\nsupinação
supper	/sʌpər/\n\nceia
supplementation	suplementação
supply	/səplai/\n\n1. a. dar\n  b. entregar\n  c. fornecer\n  d. ministrar\n2. a. abastecer\n  b. prover\n  c. suprir\n3. a. abastecimento\n  b. provisão
support	/suːpɔːt/\n\n1. a. apoio\n  b. suporte\n2. a. auspício\n  b. bom augúrio\n3. a. apoiar\n  b. arrimar\n  c. encostar\n  d. reclinar\n  e. amparar\n  f. sustenar\n  g. suportar\n4. subsistir
supporter	/səpɔːtər/\n\n1. cidadão\n2. membro\n3. sócio
supporters	/səpɔːtəz/\n\ngruponãoorganizado
supporting actor	/səpɔːtiŋæktər/\n\n1. comparsa\n2. figurante
supporting base	/səpɔːtiŋbeis/\n\n1. peanha\n2. soco
supporting wall	/səpɔːtiŋwɔːl/\n\npegão
suppose	/səpouz/\n\n1. supor\n2. conjeturar\n3. fazer de conta
supposedly	[adverb]\nsupostamente
supposition	/sʌpəziʃən/\n\n[s]\n\n1. hipótese\n2. suposição
suppress	/səpres/\n\n1. abafar\n2. estrangular\n3. sufocar
suppression	[s]\nsupressão
supreme	[adjective]\nsupremo
surcharge	[s]\n[vt]\n\n1. sobrecarga\n2. sobrecarregar
sure	/ʃeər/\n\n[adjective]\n\n1. certo\n2. indubitável\n3. seguro
surely	/səliː/\n\n[adverb]\n\n1. com certeza\n2. sem dúvida\n3. com efeito\n4. de fato\n5. na verdade
surface	/səːfis/\n\n[s]\n\n1. superfície\n2. a. cimo\n  b. cume\n  c. vértice
surgeon	/səːdʒən/\n\n[s]\ncirurgião
surgery	/səːdʒəriː/\n\n[s]\ncirurgia
surgical	/səːdʒikl/\n\n[adjective]\ncirúrgico
surgical operation	/səːdʒiklɔpəreiʃən/\n\n[s]\noperação cirúrgica
surgically	[adverb]\n\n1. cirurgicamente\n2. de forma cirúrgica\n3. através de cirurgia
surly	/səːliː/\n\n1. arisco\n2. brusco\n3. rabugento
surmise	/səːmaiz/\n\n1. a. conjeturar\n  b. supor\n2. fazerdeconta
surpass	/səpɑːs/\n\n1. exceder\n2. sersuperior\n3. superar\n4. suplantar
surplus	/sʌplʌs/\n\nexcedente
surprise	/səpraiz/\n\n1. a. sobressaltar\n  b. surpreender\n2. a. sobressalto\n  b. surpresa
surprising	[s]\n[adjective]\n\n1. surpresa\n2. surpreendente
surprisingly	[adverb]\n\n1. surpreendentemente\n2. de forma surpreendente
surrender	/sərendər/\n\n1. capitulação\n2. rendição
surreptitious	[adjective]\n\n1. clandestino\n2. escondido\n3. reservadamente
surrogate	[s]\n[vt]\n\n1. substituto\n2. substituir
surround	/səraund/\n\n1. cercar\n2. circundar\n3. rodear
surroundings	/səraundiŋz/\n\n[s]\n\n1. arredores\n2. cercanias
surveillance	[s]\n\n1. supervisão\n2. vigilângia
survival	[s]\nsobrevivência
survive	/səvaiv/\n\n[vt]\nsobreviver
survivor	[s]\nsobrevivente
survivorship	[s]\nsobrevivência
susceptibility	[s]\nsuscetibilidade
susceptible	[adjective]\nsuscetível
suspect	/sʌspekt/\n\n[s]\n[adjective]\n[vt]\n\n1. suspeito\n2. suspeitar
suspenders	/səspendəz/\n\n[s]\n\n1. alças\n2. suspensórios
suspension	[s]\nsuspensão
suspicion	/səspiʃən/\n\nsuspeita
suspicious	/səspiʃəs/\n\n1. desconfiado\n2. suspeito
sustain	/səstein/\n\n1. a. apoiar\n  b. arrimar\n  c. encostar\n  d. reclinar\n2. a. amparar\n  b. sustenar\n  c. suportar
sustainable	[adjective]\nsustentável
sustained	/səsteind/\n\n1. a. constante\n  b. contínuo\n  c. permanente\n2. ininterrupto
suture	/suːtʃər/\n\n1. suturar\n2. suturação
svg	[s]\n\n1. gráfico de vetores escalável\n2. formato de arquivo para gráficos vetoriais padronizado pela W3C
swaddling cloth	/swɔdliŋklɔθ/\n\ncueiro
Swahili	[s]\nSwahili
swallow	/swɔlou/\n\n1. a. engolir\n  b. tragar\n2. andorinha
swallow up	/swɔlouʌp/\n\nsorver
swamp	/swɔmp/\n\n1. brejo\n2. lodaçal\n3. pântano
swan	/swɔn/\n\ncisne
swap	/swɔp/\n\n1. permutar\n2. trocar
swarm	/swɔːm/\n\n1. a. enxamear\n  b. formigar\n  c. pulular\n2. a. enxame\n  b. formigueiro
swarm of bees	/swɔːmɔfbiːz/\n\nabelheira
swathe	/sweið/\n\n1. atadura\n2. bandagem
swear	/swɛər/\n\n[s]\n[vt]\n\n1. a. promessa\n  b. juramento\n2. a. prometer\n  b. jurar\n  c. prestar juramento
sweat	/swet/\n\n1. a. suor\n  b. transpiração\n  c. sudorese\n2. a. suar\n  b. transpirar
sweater	[s]\nagasalho
Swede	/swiːd/\n\nsueco
Sweden	/swiːdn/\n\nSuécia
Swedish	/swiːdiʃ/\n\nsueco
sweep	/swiːp/\n\n1. varrer\n2. vasculhar\n3. vassourar
sweet	/swiːt/\n\n1. a. ameno\n  b. doce\n  c. meigo\n  d. suave\n2. a. acepipe\n  b. guloseima
sweet potato	/swiːtpɔteitou/\n\nbatatadoce
sweetheart	/swiːthɑːt/\n\n1. a. amada\n  b. namorada\n2. amado\n3. meiga
swell	/swil/\n\n1. engrossar\n2. inchar
swelling	/sweliŋ/\n\nfofo
swift	/swift/\n\n1. a. gaivão\n  b. guincho\n2. a. rápido\n  b. veloz
swiftly	/swiftliː/\n\ndepressa
swim	/swim/\n\n1. boiar\n2. flutuar\n3. nadar
swimmer	[s]\nnadador
swimming trunks	/swimiŋtrʌŋks/\n\ncalçãodebanho
swimming-bath	piscina
swimming-pool	piscina
swindle	/swindl/\n\ndefraudar
swine	/swain/\n\nporco
swing	/swiŋ/\n\n1. a. balançar\n  b. menear\n  c. sacudir\n2. a. agitar\n  b. bater\n  c. mexer\n  d. vibrar
swish	/swiʃ/\n\n1. a. farfalhar\n  b. sussurrar\n2. a. cicio\n  b. sussurro
Swiss	/swis/\n\nsuíço
switch	/switʃ/\n\n[s]\n[vt]\n\n1. interruptor\n2. a. trocar\n  b. mudar\n3. ligar
Switzerland	/switsəlænd/\n\nSuíça
swoon	/swuːn/\n\n1. a. desfalecer\n  b. desmaiar\n  c. esvanecer\n2. a. chilique\n  b. desfalecimento\n  c. desmaio
sword	/sɔːd/\n\n1. espada\n2. gládio
swotch on	/swɔtʃwʌn/\n\nactivar
sycamore	/sikəmɔːr/\n\n1. ácer\n2. bordo\n3. roble
syllabification	[s]\nseparação em sílabas
syllabify	[s]\nseparar em sílabas
syllable	/siləbl/\n\nsílaba
symbol	/simbl/\n\nsímbolo
symbolic	[adjective]\nsimbólico
symbolically	[adverb]\nsimbolicamente
symbolize	/simbəlaiz/\n\nsimbolizar
symmetric	/simetrik/\n\nsimétrico
symmetrical	[adjective]\nsimétrico
symmetry	/simitriː/\n\nsimetria
sympathetic	/simpəθetik/\n\nsimpático
sympathy	/simpəθiː/\n\nsimpatia
symphonic	/simfɔnik/\n\nsinfônico
symphony	/simfəniː/\n\nsinfonia
symptom	/simptəm/\n\nsintoma
symptomatic	[adjective]\nsintomático
symptomatology	[s]\nsintomatologia
synagogue	/sinəgɔg/\n\nsinagoga
synchronization	[s]\nsincronização
synchronize	[vt]\nsincronizar
synchronous	[adjective]\nsíncrono
synchrony	[s]\nsincronia
syncope	[s]\n\n1. síncope\n2. desmaio
syndicate	/sindikeit/\n\nsindicato
syndrome	[s]\nsíndrome
synergistic	[adjective]\nsinérgico
synonym	[s]\nsinônimo
synonymous	[adjective]\nsinônimo
synopsis	[s]\n\n1. sinopse\n2. resumo
syntax	[s]\nsintaxe
synthesis	[s]\nsíntese
synthesize	[vt]\nsintetizar
syphilis	[s]\nsífilis
syphilitic	[adjective]\nsifilítico
syringe	/sirindʒ/\n\n1. injetor\n2. seringa
syrup	/sirəp/\n\n1. calda\n2. xarope
system	/sistəm/\n\n[s]\nsistema
systematic	/sistəmætik/\n\n[adjective]\nsistemático
systematically	[adverb]\nsistematicamente
systemic	[adjective]\nsistêmico
systolic	[adjective]\nsistólico
T-square	esquadro
tab	[s]\n\n1. aba\n2. etiqueta
tabernacle	/tæbənækl/\n\n[s]\ntabernáculo
table	/teibl/\n\n[s]\n\n1. a. tabela\n  b. lista\n  c. tábua\n  d. tabuada\n  e. quadro\n2. mesa
table-cloth	[s]\ntoalha de mesa
tablet	/tæblit/\n\n[s]\n\n1. lista\n2. tabela\n3. tábua\n4. tabuada\n5. quadro
tableware	[s]\nlouça
tabulation	/tæbjuleiʃən/\n\n[s]\n\n1. lista\n2. tabela\n3. tábua\n4. tabuada\n5. quadro
tachycardia	[s]\ntaquicardia
tachypnea	[s]\ntaquipnéia
tact	/tækt/\n\n[s]\n\n1. andamento\n2. compasso\n3. tato\n4. tino
tactic	/tæktik/\n\n[s]\ntática
tactics	/tæktiks/\n\n[s]\ntática
tactile	[adjective]\ntátil
tag	[s]\netiqueta
Tagus	/tgəs/\n\nTajo
tail	/teil/\n\n[s]\n\n1. cauda\n2. rabo
tailor	/teilər/\n\n1. fazer veste para homem\n2. costureira\n3. alfaiate
tails	/teilz/\n\n1. casaca\n2. fraque
take	/teik/\n\n1. a. aceitar\n  b. acolher\n  c. admitir\n  d. receber\n  e. topar\n2. a. encher\n  b. ocupar\n  c. preencher\n3. a. pegar\n  b. tirar\n  c. tomar
take a break	/teikəbreik/\n\nfazer uma pausa
take a rest	/teikərest/\n\nfazer uma pausa
take a shower	/teikəʃauər/\n\n1. tomar banho de chuveiro\n2. tomar ducha
take a sunbath	/teikəsʌnbæθ/\n\nexpor ao sol
take a switch to	/teikəswitʃtou/\n\nver gastar
take action	/teikækʃən/\n\n1. agir\n2. obrar\n3. proceder
take along	/teikælɔŋ/\n\nlevar consigo
take an interest	/teikænintrəst/\n\ninteressar-se
take apart	/teikəpɑːt/\n\ndesmontar
take away	/teikɔːwei/\n\n1. a. descontar\n  b. tirar\n2. a. arrancar\n  b. tomar
take care	/teikkɛər/\n\n1. cuidar\n2. preocupar-se\n3. tutelar\n4. zelar
take fire	/teikfaiər/\n\ncomeçar a queimar
take in	/teikin/\n\n1. a. aceitar\n  b. acolher\n  c. admitir\n  d. receber\n  e. topar\n2. receber dinheiro por uma mercadoria ou serviço prestado\n3. a. charlatanear\n  b. fazer charlatanismo
take into account	/teikintəəkaunt/\n\n1. considerar\n2. refletir
take leave	/teikliːv/\n\n1. dar adeus\n2. despedir-se\n3. dizer adeus
take leave from	/teikliːvfrɔm/\n\n1. dar adeus\n2. despedir-se\n3. dizer adeus
take note	/teiknout/\n\n1. achar\n2. constatar\n3. reconhecer\n4. verificar
take off	/teikɔf/\n\n1. depor\n2. tirar
take offence	/teikəfens/\n\nofender-se
take offense	/teikəfens/\n\nofender-se
take over	/teikouvər/\n\ncomprar
take part	/teikpɑːt/\n\n1. participar\n2. tomar parte
take refuge	/teikrefjuːdʒ/\n\n1. asilar-se\n2. refugiar-se
take the place of	/teikðpleisɔf/\n\nsubstituir
taken aback	/teikənəbæk/\n\n1. hesitante\n2. perplexo
takeover	[s]\n\n1. a. transferência do controle\n  b. transferência da administração\n2. golpe de estado
taking	/teikiŋ/\n\ncompra
taking over	/teikiŋouvər/\n\ncompra
tale	/teil/\n\n[s]\n\n1. conto\n2. narrativa
talent	/tælənt/\n\n[s]\ntalento
talented	/tæləntid/\n\n[adjective]\n\n1. talentoso\n2. dotado
talisman	/tælizmən/\n\n[s]\n\n1. amuleto\n2. figa\n3. talismã\n4. patuá
talk	/tɔːk/\n\n[s]\n[vt]\n\n1. fala\n2. falar
talkative	/tɔːkətiv/\n\n1. falador\n2. loquaz
tall	/tɔːl/\n\n[adjective]\n\n1. alto\n2. elevado\n3. eminente
tallow	/tælou/\n\nsebo
tame	/təm/\n\n1. a. adrestrar\n  b. amansar\n  c. domar\n  d. ensinar\n  e. educar\n2. a. domesticado\n  b. manso
tangle	/tæŋgl/\n\ncaos
tango	/tæŋgou/\n\n[s]\ntango
tank	/tæŋk/\n\n[s]\n\n1. cisterna\n2. tanque
tantric	[adjective]\ntântrico
tap	/teip/\n\n1. bater de leve\n2. a. bica\n  b. torneira
tape	/teip/\n\n1. enfaixar\n2. a. coirela\n  b. faixa\n  c. fita\n  d. listrão
tape-recorder	[s]\n\n1. gravador\n2. magnetofone
taper	[vt]\n\n1. diminuir\n2. estreitar
tapestry	/tæpistriː/\n\n[s]\nforro
tar	/tɑːr/\n\n1. a. alcatroar\n  b. cobrir com alcatrão\n2. alcatrão
tard	/tɑːd/\n\n1. ovos e farinha\n2. torta de nata
tardy	/tɑːdiː/\n\ntardio
target	/tɑːgit/\n\n[s]\n\n1. alvo\n2. fim\n3. ponto de mira
tart	/tɑːt/\n\n1. acerbo\n2. a. ácido\n  b. azedo\n3. adstringente\n4. torta
task	/tɑːsk/\n\n1. tarefa\n2. empreitada
taskbar	[s]\nbarra de tarefas
taskmaster	/tɑːskmɑːstər/\n\n1. intendente\n2. zelador
taste	/teist/\n\n[s]\n[vt]\n\n1. a. gosto\n  b. sabor\n2. paladar\n3. prova\n4. ter o gosto de\n5. a. provar\n  b. saborear
tasteless	/teistləs/\n\ninsípido
tasty	/teistiː/\n\n1. agradável ao paladar\n2. saboroso
tattler	/tætlər/\n\n1. paroleiro\n2. palrador\n3. tagarela
taut	[adjective]\nfirme
tavern	/tævən/\n\ntaberna
tax	/tæks/\n\n[s]\n[vt]\n\n1. imposto\n2. onerar com imposto
tax collector	/tækskəlektər/\n\n[s]\ncoletor de impostos
taxi	/tæksiː/\n\n[s]\ntáxi
taxi-driver	[s]\nmotorista de táxi
taxidriver	/tæksidrivər/\n\n[s]\nmotorista de táxi
tea	/tiə/\n\nchá
tea-pot	[s]\nbule de chá
teach	/tiːtʃ/\n\n1. ensinar\n2. instruir\n3. lecionar
teacher	/tiːtʃər/\n\n[s]\n\n1. mestre\n2. professor
team	/tiːm/\n\n[s]\n\n1. equipe\n2. time
teamwork	[s]\ntrabalho em equipe
teapot	/tiːpɔt/\n\n[s]\nbule de chá
tear	/tiər/\n\n[s]\n[vt]\n\n1. lágrima\n2. fragmento\n3. a. dilacerar\n  b. rasgar\n  c. romper
tear off	/tiərɔf/\n\n1. arrancar\n2. colher\n3. tirar
tease	/tiːz/\n\n1. contrariar\n2. importunar
teat	/tiːt/\n\n1. mama\n2. teta
technical	/teknikl/\n\ntécnico
technically	[adverb]\ntecnicamente
technics	/tekniks/\n\ntécnica
technique	/tekniːk/\n\ntécnica
technological	[adjective]\ntecnológico
technology	/teknɔlədʒiː/\n\ntecnologia
tedious	[adjective]\nentendiante
tedium	[s]\ntédio
teenager	[s]\nadolescente
teeth	/tiːθ/\n\n1. dentadura\n2. dentama
teetotalism	/tiːtoutəlizəm/\n\nabstemia
telegram	/teligræm/\n\ntelegrama
telegraph	/teligrɑːf/\n\n1. telegrafar\n2. telégrafo
telemetry	/tilemətriː/\n\ntelemetria
telephone	/telifoun/\n\n1. telefonar\n2. telefone
telephone booth	/telifounbuːð/\n\n1. cabinetelefônica\n2. orelhão
telephone kiosk	/telifounkiːɔsk/\n\n1. cabinetelefônica\n2. orelhão
telescope	/teliskoup/\n\ntelescópio
television	/teliviʒn/\n\ntelevisão
television set	/teliviʒnset/\n\ntelevisor
tell	/tel/\n\n1. a. dizer\n  b. proferir\n2. a. comissionar\n  b. incumbir\n3. a. dar ordem\n  b. mandar\n  c. ordenar\n  d. prescrever\n4. a. contar\n  b. descrever\n  c. narrar
tell a lie	/teləliː/\n\n1. faltaràverdade\n2. mentir
telltale	/telteil/\n\n1. paroleiro\n2. palrador\n3. tagarela
temper	/tempər/\n\n1. a. endurecer\n  b. enrijar\n  c. temperar\n2. humor
temperament	/temprəmənt/\n\ntemperamento
temperate	/tempəreit/\n\n1. comedido\n2. parco\n3. sério\n4. sóbrio
temperature	/temprətʃər/\n\ntemperatura
template	/templeit/\n\n[s]\n\n1. modelo\n2. molde\n3. padrão\n4. chapa\n5. clichê
temple	/templ/\n\n1. a. fontes\n  b. têmpora\n2. templo
templet	/templit/\n\n1. chapa\n2. clichê\n3. molde\n4. padrão
temporarily	/temprəriliː/\n\n1. provisoriamente\n2. temporiamente
temporary	/temprəriː/\n\n1. a. breve\n  b. curto\n  c. fugaz\n  d. passageiro\n2. a. provisório\n  b. temporário
tempt	/tempt/\n\n[vt]\n\n1. tentar\n2. induzir em tentação
temptation	/tempteiʃən/\n\n[s]\ntentação
ten	/tn/\n\ndez
tenancy	[s]\nlocação
tenant	/tenənt/\n\n1. inquilino\n2. locatário
tend to	/tendtou/\n\n1. cuidar\n2. tratar\n3. zelar
tendencious	/tendensəs/\n\ntendencioso
tendency	/tendənsiː/\n\n1. disposição\n2. a. afeição\n  b. inclinação\n3. tendência
tendentious	/tendenʃəs/\n\ntendencioso
tender	/tendər/\n\n[s]\n[adjective]\n[vt]\n\n1. ternura\n2. a. ameno\n  b. doce\n  c. meigo\n  d. suave\n3. doloroso\n4. a. apresentar\n  b. oferecer\n5. propor\n6. a. oferta\n  b. proposta
tenderness	/tendənəs/\n\n[s]\n\n1. a. delicadeza\n  b. finura\n  c. subtileza\n  d. tacto\n  e. ternura\n  f. maciez\n2. dolorimento
tennis	/tenis/\n\ntênis
tenor	/tenər/\n\ntenor
tension	/tenʃən/\n\n1. esforço\n2. tensão
tension hydrothorax	[s]\nhidrotórax hipertensivo
tension pneumothorax	[s]\npneumotórax hipertensivo
tent	/tent/\n\n1. barraca\n2. tenda
tentative	[s]\n[adjective]\n\n1. tentativa\n2. a. experimental\n  b. temporário
tentatively	[adverb]\n\n1. experimentalmente\n2. temporariamente
tented camp	/tentidkæmp/\n\nacampamento
tenth	/tenθ/\n\ndécimo
teratogenic	[adjective]\nteratogenico
term	/təːm/\n\n1. expressão\n2. termo\n3. vocábulo
terminal	[s]\nterminal
terminate	/təːmineit/\n\n1. acabar\n2. encerrar\n3. finalizar\n4. terminar
termination	[s]\n\n1. terminação\n2. término
terminology	/təːminɔlədʒiː/\n\nterminologia
terms	/təːmz/\n\n1. cláusula\n2. condição
terrace	/terəs/\n\n1. plataforma\n2. terraço
terrain	/terin/\n\nterreno
terrible	/terəbl/\n\n1. horrível\n2. terrível
terrific	1. a. terrível\n  b. magnífico\n2. a. maravilhoso\n  b. sensasional
terrify	/terifai/\n\n1. aterrorizar\n2. horripilar
territorial	/teritɔːriəl/\n\nterritorial
territory	/teritriː/\n\nterritório
terror	/terər/\n\n1. terrorismo\n2. a. horror\n  b. terror\n  c. pavor
terrorism	/terərizəm/\n\nterrorismo
terrorist	/terərist/\n\nterrorista
tertiary	[adjective]\nterciário
test	/tist/\n\n1. a. exame\n  b. prova\n  c. teste\n2. a. amostra\n  b. experiência\n3. a. ensaiar\n  b. experimentar\n  c. provar\n4. esforço\n5. testar
testament	/testəmənt/\n\ntestamento
tester	[s]\n\n1. testador\n2. verificador
testicle	testículo
testify	/testifai/\n\n[vt]\n\n1. atestar\n2. certificar\n3. provar\n4. testemunhar
testimony	/testiməniː/\n\n[s]\n\n1. a. testemunho\n  b. depoimento\n2. a. atestado\n  b. certificado
tetanus	[s]\ntétano
tetracycline	[s]\ntetraciclina
Texas	/teksəs/\n\nTexas
text	/tekst/\n\n[s]\ntexto
textbook	/teksbuk/\n\n[s]\n\n1. livro didático\n2. livro texto
textile	/tekstail/\n\n[s]\ntecido
Thailand	/tailænd/\n\nTailândia
thalamus	[s]\ntálamo
Thames	/mz/\n\nTamisa
than	/θein/\n\n1. que\n2. do que
thank	/θæŋk/\n\n1. agradecer\n2. dever\n3. render graças a
thank you	/θæŋkjau/\n\nobrigado
thankful	/θæŋkfəl/\n\n1. agradecido\n2. grato\n3. reconhecido
thankless	/θæŋkləs/\n\ningrato
thanklessness	[s]\ningratidão
thanks	/θæŋks/\n\n1. a. agradecimento\n  b. gratidão\n2. obrigado
thanks to	/θæŋkstou/\n\ngraças a
that	/ðæt/\n\n1. a. que\n  b. que coisa\n  c. o que\n2. isso
that ... over there	/ðætouvərðər/\n\n1. aquela\n2. aquele\n3. essa\n4. esse
that is	/ðætiz/\n\na saber
that kind of	/ðætkaindɔf/\n\n1. tal\n2. de tal espécie\n3. de tal qualidade
that much	/ðætmʌtʃ/\n\n1. em tal quantidade\n2. tanto\n3. tão
that one	/ðætwʌn/\n\n1. aquela\n2. aquele\n3. essa\n4. esse
that one over there	/ðætwʌnouvərðər/\n\n1. aquela\n2. aquele\n3. essa\n4. esse
that one's	/ðætwʌnz/\n\n1. desse\n2. deste
that over there	/ðætouvərðər/\n\n1. aquilo\n2. isso
that way	/ðætwei/\n\n1. assim\n2. daquela maneira\n3. desta maneira\n4. deste modo
that's all right	/ðeitzlrait/\n\ntudo bem
that's okay	/ðeitzoukei/\n\ntudo bem
that's too bad	/ðeitztuːbæd/\n\n1. deploravelmente\n2. lamentavelmente
thaw	/θɔː/\n\n[s]\n[vi]\n\n1. degelo\n2. a. degelar\n  b. derreter-se
the	/ð/\n\n1. a\n2. as\n3. o\n4. os
the ... the	/ðð/\n\nquanto...tanto
the Arctic	/ðɑːktik/\n\nÁrtico
the day after tomorrow	/ðdeiɑːftərtəmɔrou/\n\ndepois de amanhã
the day before yesterday	/ðdeibfɔːrjestədiː/\n\nanteontem
the day of reckoning	o dia do Juízo Final
the Far East	/ðfəriːst/\n\nExtremo-Oriente
The Hague	/ðhəg/\n\n1. Haia\n2. aHaia
the Netherlands	/ðneðəlændz/\n\nPaísesBaixos
the power of suggestion	/ðpauərɔfsədʒestʃən/\n\no poder da sugestão
the proletariat	/ðproulitɛərieit/\n\nproletariado
the Vatican	/ðvætikən/\n\nVaticano
theatre	/θiətər/\n\n[s]\nteatro
theatre play	/θiətərplei/\n\npeça para teatro
theatrical	/θiætrikl/\n\n[adjective]\nteatral
theatrical tour	/θiætriklteər/\n\nturnê
theft	/θeft/\n\n[s]\nfurto
their	/ðɛər/\n\n1. delas\n2. deles
them	1. a. os\n  b. as\n2. a. a eles\n  b. a elas\n3. lhes
theme	/θiːm/\n\n[s]\n\n1. tema\n2. assunto\n3. motivo
themselves	eles mesmos
then	/θən/\n\n1. a. depois\n  b. emseguida\n  c. logo\n2. a. então\n  b. nessaocasião\n  c. nestetempo
thence	1. desde então\n2. por isso
theologian	/θiəloudʒən/\n\n[s]\nteólogo
theology	/θiɔlədʒiː/\n\n[s]\nteologia
theorem	/θiərəm/\n\n[s]\nteorema
theoretical	[adjective]\nteórico
theoretically	[adverb]\nteoricamente
theory	/θiəriː/\n\n[s]\nteoria
therapeutic	[adjective]\nterapêutico
therapy	/θerəpiː/\n\n[s]\nterapia
there	/ðər/\n\n1. a. eis\n  b. eis aí\n  c. eis ali\n  d. eis aqui\n2. a. acolá\n  b. aí\n  c. além\n  d. ali
there are	/ðərɛər/\n\nhá
there is	/ðəriz/\n\nhá
thereabout	/θiərəbaut/\n\n1. à volta\n2. em redor
thereabouts	/θiərəbauts/\n\n1. à volta\n2. em redor
thereafter	/θiərɑːftər/\n\n1. depois\n2. em seguida\n3. logo
thereby	1. assim\n2. deste modo
therefore	/ðəfɔːr/\n\n1. portanto\n2. por isso\n3. em vista disso\n4. por este motivo
thermometer	/θəmɔmitər/\n\ntermômetro
thermos	/θəːməs/\n\ngarrafa térmica
thermos bottle	/θəːməsbɔtl/\n\n[s]\ngarrafa térmica
thermos flask	/θəːməsflɑːsk/\n\n[s]\ngarrafa térmica
thermostat	/θəːməstæt/\n\n[s]\ntermostato
thesaurus	[s]\nlivro de sinônimos
these	/ðiːz/\n\n1. estas\n2. estes
these days	/ðiːzdeiz/\n\n1. atualmente\n2. presentemente
thesis	/θiːsis/\n\n[s]\ntese
they	/ðei/\n\n1. elas\n2. eles
thick	/θik/\n\n[adjective]\n\n1. encorpado\n2. espesso\n3. grosso\n4. volumoso\n5. compacto\n6. denso
thicken	/θikən/\n\n[vt]\n[vi]\n\n1. a. engrossar\n  b. avolumar\n2. espessar-se
thickness	/θiknəs/\n\n[s]\n\n1. espessura\n2. grossura
thief	/θiːf/\n\n[s]\nladrão
thigh	/θai/\n\n[s]\ncoxa
thimble	/θimbl/\n\ndedal
thin	/θin/\n\n[adjective]\n\n1. magro\n2. a. delgado\n  b. fino\n  c. delicado
thing	/θiŋ/\n\n[s]\ncoisa
think	/θiŋk/\n\n[vt]\n\n1. a. julgar\n  b. opinar\n  c. ser de opinião\n2. a. achar\n  b. pensar\n3. refletir
think about	/θiŋkəbaut/\n\n[vt]\n\n1. pensar\n2. refletir
think ahead	/θiŋkɑːed/\n\n[vt]\nantecipar
think to oneself	/θiŋktouwʌnself/\n\n1. pensar maduramente\n2. refletir muito
think well of	/θiŋkwelɔf/\n\n1. apreciar\n2. avaliar\n3. estimar\n4. gostar\n5. prezar
thinness	[s]\nfineza
third	/θəːd/\n\n1. terceiro\n2. um terço
thirst	/θəːst/\n\n[s]\nsede
thirsty	[adjective]\ncom sede
thirteen	/θəːtiːn/\n\ntreze
thirty	/θəːtiː/\n\ntrinta
this	/ðaiz/\n\n1. esta\n2. este
this evening	/ðaiziːvniŋ/\n\nesta tarde
this morning	/ðaizmɔːniŋ/\n\nesta manhã
this way	/ðaizwei/\n\n1. de tal modo\n2. cá
thoracentesis	[s]\ntoracocentese
thoracostomy	[s]\ntoracostomia
thorn	/θɔːn/\n\n1. espinho\n2. estrepe\n3. pico
thornier	[adjective]\n\n1. mais difícil\n2. mais controverso\n3. mais espinhoso
thorny	[adjective]\n\n1. espinhoso\n2. cheio de espinhos
thorough	1. minucioso\n2. profundo\n3. meticuloso\n4. completo
thoroughbred	de puro sangue
thoroughfare	passagem
thoroughly	/θʌruːliː/\n\n1. completamente\n2. minuciosamente\n3. profundamente\n4. a fundo
thoroughness	1. meticulosidade\n2. minuciosidade
those	/ðouz/\n\n1. aqueles\n2. aquelas\n3. esses\n4. essas
thou	/ðau/\n\n1. tu\n2. osenhor\n3. você\n4. vós
though	/ðau/\n\n1. ainda que\n2. conquanto\n3. posto que
thought	/θɔːt/\n\npensamento
thoughtful	1. pensativo\n2. atencioso
thoughtfully	1. pensativamente\n2. atenciosamente
thoughtless	1. descuidado\n2. desatento
thoughtlessly	desconsideradamente
thousand	/θauznd/\n\nmil
thread	/θred/\n\n1. fio\n2. linha
threadworm	[s]\nEnterobius vermicularis
threat	/θret/\n\nameaça
threaten	/θretn/\n\n1. ameaçar\n2. intimidar
three	/θriː/\n\ntrês
three times	/θriːtaimz/\n\ntrês vezes
threesome	[s]\ntrio
thresh	/θreʃ/\n\n1. bater\n2. debulhar\n3. esbordoar\n4. espancar\n5. malhar\n6. sovar\n7. trilhar
threshold	/θreʃhould/\n\n1. limiar\n2. soleira
thrice	/θris/\n\ntrês vezes
thrift	[s]\n\n1. economia\n2. prosperidade\n3. crescimento vigoroso
thrifty	/θriftiː/\n\neconômico
thrill	1. a. emoção\n  b. estremecimento\n2. a. vibrar\n  b. emocionar
thriller	romance de suspense
thrive	[vi]\n\n1. a. prosperar\n  b. dar lucro\n2. crescer vigorosamente
thriving	[adjective]\n\n1. próspero\n2. lucrável
throat	/θrout/\n\ngarganta
throb	/θrɔb/\n\n1. palpitar\n2. pulsar
thrombin	[s]\ntrombina
thrombocyte	[s]\n\n1. trombócito\n2. plaqueta
thrombocytic	[adjective]\ntrombocítico
thrombocytopenia	[s]\ntrombocitopenia
thrombocytopenic	[adjective]\ntrombocitopênico
thromboembolic	[adjective]\ntromboembólico
thromboembolism	[s]\ntromboembolismo
thrombogenic	[adjective]\ntrombogenico
thrombokinase	[s]\ntromboquinase
thrombolysis	[s]\ntrombólise
thrombolytic	[s]\ntrobolítico
thrombophlebitis	[s]\ntromboflebite
thrombosis	[s]\ntrombose
thromboxane	[s]\ntromboxano
thrombus	[s]\ntrombo
throne	/θroun/\n\n[s]\ntrono
throttlehold	[s]\n\n1. domínio\n2. controle
through	/θruː/\n\n1. a. completo\n  b. inteiro\n  c. perfeito\n  d. radical\n2. completamente\n3. a. através de\n  b. por\n  c. por intermédio de\n  d. por meio de\n  e. por entre\n4. a. disposto\n  b. prestes\n  c. pronto\n5. a. em troca de\n  b. por causa de
throughout	[preposition]\n[adverb]\n\n1. a. por todo o\n  b. durante todo o\n2. a. por todas as partes\n  b. em todas as partes
throw	/θrou/\n\n[s]\n[vt]\n\n1. a. arremesso\n  b. lançamento\n2. a. arremessar\n  b. atirar\n  c. lançar
throw up	/θrouʌp/\n\n1. lançar\n2. vomitar
throw-back	atavismo
thrust	/θrʌst/\n\n1. empurrar\n2. impelir
thrust out	/θrʌstaut/\n\nexpor empurrando
thumb	/θʌm/\n\npolegar
thunder	/θʌndər/\n\n1. a. ribombar\n  b. trovejar\n2. a. ribombo\n  b. trovão
thursday	/θəːzdei/\n\nquinta-feira
thus	/θʌs/\n\n1. a. logo\n  b. por conseguinte\n  c. sendo assim\n2. de tal modo\n3. a. assim\n  b. daquela maneira\n  c. desta maneira\n  d. deste modo
thwart	/θwɔːt/\n\ndificultar
thyroiditis	[s]\ntireoidite
thyrotoxicosis	[s]\ntireotoxicose
Tibet	/tibet/\n\nTibete
tic	/tik/\n\n1. lona\n2. tique
ticket	/tikit/\n\n1. bilhete\n2. cupom\n3. ficha\n4. passagem
ticket-window	1. bilheteira\n2. guichê
tickle	/tikl/\n\nfazer cócegas
tid	[s]\ntrês vezes por dia (ter in die)
tidbit	/tidbit/\n\n1. acepipe\n2. guloseima
tide	/taid/\n\nmaré
tidy	/taidiː/\n\n1. arranjar\n2. arrumar\n3. ordenar
tie	/tiː/\n\n1. gravata\n2. a. amarrar\n  b. atar\n  c. ligar\n3. a. laço\n  b. liga\n  c. ligamento\n  d. vínculo
tie up	/tiːʌp/\n\n1. amarrar\n2. atar\n3. ligar
tiger	/taigər/\n\ntigre
tight	1. a. firme\n  b. esticado\n2. a. justo\n  b. apertado\n3. rigoroso\n4. a. bem forte\n  b. hermeticamente
tighter	[adjective]\n\n1. mais firme\n2. a. mais justo\n  b. mais apertado\n3. mais rigoroso
tightly	[adverb]\nfirmemente
till	/til/\n\n1. a. caixa\n  b. cofre\n2. a. até\n  b. até que
tillage	/tilidʒ/\n\nagricultura
timber	/timbər/\n\n1. lenha\n2. madeira\n3. pau
time	/taim/\n\n1. tempo\n2. hora\n3. a. feita\n  b. vez
time off	/taimɔf/\n\nférias
time-table	horário
timeless	[adjective]\n\n1. a. sem fim\n  b. imortal\n2. prematuro\n3. impróprio para o momento
timely	oportuno
timid	/timid/\n\n1. tímido\n2. timorato
tin	/tain/\n\n1. a. folha\n  b. lata\n  c. folha de lata\n  d. lámina de metal\n2. caixa de lata\n3. de estanho\n4. estanho
tin can	/tainkein/\n\n1. lata\n2. caixa de lata
tin plate	/tainpleit/\n\n1. folha\n2. lata\n3. folha de lata\n4. lámina de metal
tinder	/tindər/\n\nisca
tinker	[s]\n\n1. funileiro\n2. cigano
tinkle	/tiŋkl/\n\n1. a. tilintar\n  b. tinir\n  c. retinir\n2. tinido
tinnitus	[s]\nzumbido
tint	/tint/\n\n1. a. matiz\n  b. nuança\n2. tingir\n3. tintura
tiny	/tainiː/\n\npequeno
tip	/tip/\n\n[s]\n\n1. a. beira\n  b. extremidade\n  c. fim\n  d. ponta\n  e. topo\n2. a. ápice\n  b. pico\n3. dica\n4. palpite\n5. gorjeta
tired	/taiəd/\n\n[adjective]\n\n1. cansado\n2. fatigado
tireless	[adjective]\nincansável
tiresome	/taiəsəm/\n\n[adjective]\n\n1. aborrecido\n2. enfadonho
tissue	[s]\ntecido
Titan	/taitn/\n\n[s]\n\n1. Titão\n2. titânio
titanic	/taitænik/\n\n[adjective]\ntitânico
titer	[s]\n\n1. título\n2. titulação
title	/taitl/\n\n1. titular\n2. a. cabeçalho\n  b. epígrafe\n  c. título
titmouse	/titmaus/\n\n1. abelharuco\n2. abelheiro\n3. milharós
titrate	[vt]\n\n1. titular\n2. medir por titulação\n3. executar a titulação
titration	[s]\ntitulação
to	/tou/\n\n1. a. a\n  b. para\n2. a. afim de\n  b. para que
to some extent	/tousʌmikstent/\n\n1. umpouco\n2. umtanto
to tell the truth	/toutelðtruːθ/\n\nna verdade
to the left	/touðleft/\n\npara a esquerda
to the right	/touðrait/\n\npara a direita
to the side	/touðsaid/\n\npara o lado
toad	/toud/\n\nsapo
toast	/toust/\n\n1. a. assar\n  b. torrar\n  c. tostar\n2. a. beber à saúde de\n  b. brindar\n  c. saudar\n3. a. brinde\n  b. saúde\n  c. toste
tobacco	/təbækou/\n\ntabaco
tocolysis	tocólise
today	/tədei/\n\nhoje
toe	/tou/\n\ndedo do pé
together	/təgeðər/\n\n1. a par\n2. juntamente\n3. junto\n4. simulaneamente
together with	/təgeðərwið/\n\n1. com\n2. bem como\n3. em companhia de\n4. juntamente\n5. junto com
toilet	/tɔilit/\n\n1. a. privada\n  b. retrete\n2. a. toalete\n  b. traje\n  c. vestimenta
token	/toukən/\n\n1. prova\n2. a. aceno\n  b. signo\n  c. sinal\n3. a. marca\n  b. ponto
tolerate	/tɔləreit/\n\n1. aguentar\n2. agüentar\n3. suportar\n4. tolerar
tomato	/təmɑːtou/\n\ntomate
tomb	/tuːm/\n\n1. tumba\n2. túmulo\n3. sepultura
tomorrow	/təmɔrou/\n\namanhã
tomorrow evening	/təmɔrouiːvniŋ/\n\namanhã de tarde
tomorrow morning	/təmɔroumɔːniŋ/\n\namanhã de manhã
ton	/tɔn/\n\ntonelada
tone	/toun/\n\n1. toada\n2. tom\n3. sonância
tongs	/tɔŋz/\n\n1. tenaz\n2. a. alicate\n  b. torquês
tongue	/tʌŋ/\n\n1. língua\n2. a. idioma\n  b. linguagem
tonight	[s]\n[adverb]\n\n1. esta noite\n2. nesta noite
too	/tuː/\n\n1. a. ainda\n  b. idem\n  c. outrossim\n  d. também\n2. a. demais\n  b. demasiadamente
too much	/tuːmʌtʃ/\n\n1. demais\n2. demasiadamente
tool	/tuːl/\n\n1. ferramenta\n2. instrumento
toolbar	[s]\nbarra de ferramentas
tooth	/tuːθ/\n\ndente
tooth-brush	escova de dentes
tooth-paste	dentifrício
toothache	/tuːθeik/\n\n1. dentalgia\n2. dor de dente
top	/toup/\n\n1. superfície\n2. a. cimo\n  b. cume\n  c. vértice
top of the head	/toupɔfðhed/\n\nvértice
topgallant mast	/tɔpgæləntmɑːst/\n\njoanete
topic	/tɔpik/\n\n1. tópico\n2. assunto\n3. motivo\n4. tema
topical	/tɔpikl/\n\n1. a. atual\n  b. vigente\n2. tópico
topicality	/tɔpikælitiː/\n\n1. atualidade\n2. vigência
torch	/tɔːtʃ/\n\n1. archote\n2. facho\n3. tocha
torment	/tɔːmənt/\n\n1. a. atormentar\n  b. supliciar\n  c. torturar\n2. a. martírio\n  b. suplício\n  c. tormenta
torpedo	/tɔːpiːdou/\n\n1. torpedear\n2. torpedo
torrent	/tɔrənt/\n\n1. caudal\n2. torrente
tortoise	/tɔːtouis/\n\ntartaruga
torture	/tɔːtʃər/\n\n1. a. atormentar\n  b. tortuar\n2. tortura
total	/toutl/\n\n1. total\n2. totalitário
total abstinence	/toutləbstinəns/\n\nabstemia
totalitarianism	/toutælitɛəriənizəm/\n\ntotalitarismo
totally	totalmente
totem	/toutəm/\n\ntotem
touch	/tʌtʃ/\n\n1. bulir\n2. mexer\n3. tocar
touch-and-go	arriscado
touchdown	1. aterrissagem\n2. aterragem
touched	1. comovido\n2. tocado
touching	/tʌtʃiŋ/\n\n1. comovente\n2. enternecedor
touchy	1. suscetível\n2. sensitivo
tough	1. bandido\n2. lutador de rua\n3. a. duro\n  b. difícil\n  c. resistente\n4. a. árduo\n  b. desagradável\n5. a. cabeçudo\n  b. violento
toughen	endurecer
toughest	[adjective]\n\n1. o mais duro\n2. a. o mais difícil\n  b. o mais árduo
toughness	1. dureza\n2. dificuldade\n3. resistência\n4. tenacidade
tour	/teər/\n\nturnê
tourist	/teərist/\n\nturista
tournament	/tɔːnəmənt/\n\ntorneio
tousle	/tauzl/\n\n1. a. despentear\n  b. eriçar\n2. a. arrepiar\n  b. desembaraçar\n  c. dilacerar\n  d. retorcer\n  e. revolver
tow	/tau/\n\n1. arrastar\n2. levar de rastos\n3. puxar
toward	/təwɔːd/\n\n1. a. a\n  b. para\n2. a. em relação a\n  b. relativamente a
towards	/təwɔːdz/\n\n1. em direção a\n2. para\n3. em relação a\n4. relativamente a
towel	/tauəl/\n\ntoalha
tower	/tauər/\n\n1. torre\n2. roque
town	/taun/\n\n1. a. burgo\n  b. vila\n2. a. cidade\n  b. município
town hall	/taunhɔːl/\n\nprefeitura
town-hall	câmara municipal
township	/taunʃip/\n\n1. lugarejo\n2. vila
toxemia	toxemia
toxic	[adjective]\ntóxico
toxicity	[s]\ntoxicidade
toxoid	[s]\ntoxóide
toy	/tɔi/\n\nbrinquedo
trace	[s]\n[vt]\n\n1. traço\n2. traçar
tracheal	[adjective]\ntraqueal
tracheostomy	[s]\ntraqueostomia
track	/træk/\n\npista
tract	[s]\ntrato
tractable	[adjective]\nobediente
tractor	/træktər/\n\n1. tractor\n2. trator
trade	/træd/\n\n1. comércio\n2. a. arte\n  b. indústria\n  c. ofício\n  d. profissão\n3. a. agenciar\n  b. negociar
trade-union	1. corporação\n2. sindicato
trademark	marca registrada
trader	[s]\n\n1. a. comerciante\n  b. mercador\n2. negociante
tradition	/trədiʃən/\n\n1. hábito\n2. tradição
traditional	/trədiʃənl/\n\ntradicional
traditionally	[adverb]\n\n1. tradicionalmente\n2. de forma tradicional
traffic	/træfik/\n\n1. tráfego\n2. circulação
tragedy	/trædʒədiː/\n\n1. tragédia\n2. a. de tragédia\n  b. trágico
tragic	/trædʒik/\n\ntrágico
train	/trein/\n\n1. a. comitiva\n  b. cortejo\n  c. séquito\n2. a. adrestrar\n  b. amansar\n  c. domar\n  d. ensinar\n  e. educar\n3. a. adestrar\n  b. exercitar\n  c. treinar\n4. a. comboio\n  b. trem
trainer	[s]\ntreinador
trait	/treit/\n\n1. feição\n2. linha\n3. traço
tram	/træm/\n\n1. bonde\n2. carroeléctrico\n3. trilhocavado\n4. carroelétrico
trample on	/træmplwʌn/\n\n1. calcar\n2. pisar
tranquil	/trænkwil/\n\n1. calmo\n2. sereno\n3. tranquilo\n4. tranqüilo
transact money	/trænzæktmʌniː/\n\n1. fazer uma operação contábil\n2. uma transferéncia de fundos
transaction	/trænzækʃən/\n\n[s]\ntransação
transcendent	transcedente
transcriptase	[s]\ntranscriptase
transfer	/trænsfəːr/\n\n1. transpor\n2. ultrapassar
transform	/trænsfɔːm/\n\n1. dar outra forma\n2. transformar
transformation	/trænsfəmeiʃən/\n\n[s]\ntransformação
transfusion	[s]\ntransfusão
transgress	/trænzgres/\n\n1. cometerpecado\n2. pecar
transgression	/trænzgreʃən/\n\npecado
transient	[adjective]\ntransitório
transiently	[adverb]\n\n1. provisoriamente\n2. transitoriamente\n3. de forma provisória\n4. de forma transitória
transistor	/trænzistər/\n\ntransistor
transition	[s]\ntransição
transitive	/trænsətiv/\n\ntransitivo
translate	/trænzleit/\n\ntraduzir
translation	/trænsleiʃən/\n\ntradução
translator	[s]\ntradutor
translucent	translúcido
transmissible	transmissível
transmission	transmissão
transmit	/trænzmit/\n\n1. enviar\n2. mandar\n3. remeter
transmural	[adjective]\ntransmural
transparency	transparência
transparent	transparente
transparently	[adverb]\n\n1. transparentemente\n2. de forma transparente
transplantation	[s]\ntransplante
transport	/trænspɔːt/\n\n1. transportar\n2. transporte
transsexual	[adjective]\ntranssexual
transudate	[s]\ntransudato
transverse	/trænzvəːs/\n\ntransverso
trap	/træp/\n\n1. alçapão\n2. armadilha
trash	[s]\nlixo
traumatic	[adjective]\ntraumático
travel	/trævəl/\n\n1. andar\n2. ir\n3. viajar
traveler	[s]\nviajante
traveller	/trævlər/\n\nviajante
travesty	/trævəstiː/\n\nparódia
tray	[s]\nbandeja
treacherous	/tretʃərəs/\n\npérfido
treachery	/tretʃəriː/\n\ntraição
tread	/tred/\n\n1. a. andar\n  b. caminhar\n  c. dar um passo\n2. a. calcar\n  b. pisar
treadmill	[s]\nesteira
treasure	/treʒər/\n\n[s]\ntesouro
treat	/triːt/\n\n1. a. curar\n  b. medicar\n2. a. mimosear\n  b. obsequiar\n  c. regalar\n3. a. bom tratamento\n  b. regalo\n4. a. agenciar\n  b. tratar
treatable	[adjective]\ntratável
treatise	/triːtis/\n\ntratado
treatment	/triːtmənt/\n\n[s]\ntratamento
treaty	/triːtiː/\n\ntratado
tree	[s]\nárvove
tree-trunk	[s]\ntronco
trefoil	/trifɔil/\n\ntrevo
tremble	/trembl/\n\n1. tiritar\n2. tremer
tremendous	[adjective]\n\n1. tremendo\n2. enorme
trench	/trentʃ/\n\n[s]\ntrincheira
trend	1. a. tendência\n  b. direção\n2. a. dirigir-se\n  b. inclinar-se\n  c. tender a
trendy	[adjective]\ntendencioso
tressle	/tresl/\n\n1. banco\n2. bastidor\n3. cavalete\n4. mesa
triage	[s]\n[vt]\n\n1. triagem\n2. triar
trial	/triəl/\n\n1. a. aflição\n  b. agonia\n  c. pesar\n2. a. amostra\n  b. experiência\n  c. estudo\n3. a. julgamento\n  b. processo\n4. a. prova\n  b. teste
triangle	/traiæŋgl/\n\n[s]\ntriângulo
tribal	/traibl/\n\n[adjective]\ntribal
tribe	/traib/\n\n[s]\ntribo
tribunal	/traibjuːnl/\n\n[s]\n\n1. foro\n2. tribunal
tributary	[s]\n\n1. a. tributário\n  b. contribuinte\n2. pagador de impostos
tribute	/tribjuːt/\n\n[s]\ntributo
trick	/trik/\n\n1. a. artifício\n  b. artimanha\n  c. estratagema\n  d. subterfúgio\n  e. tramóia\n2. a. burlar\n  b. ludibriar\n  c. mistificar\n3. astúcia
trickery	/trikəriː/\n\n1. artifício\n2. artimanha\n3. estratagema\n4. subterfúgio\n5. tramóia
trickier	[adjective]\n\n1. mais difícil\n2. mais complicado
tricky	1. difícil\n2. complicado
tricuspid	tricúspide
tricycle	/traisikl/\n\ntriciclo
trifle	/traifəl/\n\n1. bagatela\n2. bugiganga\n3. futilidade\n4. minúncia\n5. nuga
trifling	/traifliŋ/\n\ninsignificante
trigger	/trigər/\n\ncão
trigonometry	/trigənɔmətriː/\n\ntrigonometria
trill	/tril/\n\n1. a. trilar\n  b. trinar\n2. a. trilo\n  b. trinado
trillion	/triliən/\n\ntrilhão
trilogy	/trilədʒiː/\n\ntrilogia
trim	/trim/\n\n1. guarnecer\n2. rechear\n3. revestir
trimester	trimestre
trip	/trip/\n\nviagem
triple	/tripl/\n\ntriplo
tripod	[s]\ntripé
trismus	[s]\ntrismo
trite	/trait/\n\n1. banal\n2. comun\n3. trivial\n4. vulgar
triteness	/traitnəs/\n\nbanalidade
triumph	/traiʌmf/\n\n1. triunfar\n2. a. vitória\n  b. triunfo
trivial	[adjective]\ntrivial
triviality	/triviælitiː/\n\nbanalidade
trolley	/trɔliː/\n\ntrole
trolley-bus	1. ônibuseléctrico\n2. trólebus
trombone	/trɔmboun/\n\ntrombone
troop	/truːp/\n\n1. companhia\n2. elenco\n3. tropa
trophoblast	trofoblasto
trophoblastic	trofoblástico
tropical	/trɔpikl/\n\ntropical
tropics	/trɔpiks/\n\ntrópico
troponin	[s]\ntroponina
trot	/trɔt/\n\n1. andar a trote\n2. trotar
trouble	/trʌbl/\n\n1. dificuldade\n2. problema\n3. a. importunar\n  b. incomodar\n  c. molestar
troublesome	[adjective]\n\n1. problemático\n2. difícil
trough	/trɔf/\n\ncocho
troupe	/truːp/\n\n1. companhia\n2. elenco\n3. tropa
trousers	/trauzəz/\n\ncalças
trout	/traut/\n\ntruta
truck	/trʌk/\n\ncaminhão
truculent	/trʌkjulənt/\n\n1. batalhador\n2. lutador
true	/truː/\n\n1. a. justo\n  b. que tem razão\n2. a. verdadeiro\n  b. verídico
truly	/truːliː/\n\n1. deveras\n2. na realidade\n3. na verdade\n4. verdadeiramente
trump	/trʌmp/\n\n1. a. jogar trunfo\n  b. trunfar\n2. trunfo
trumpet	/trʌmpit/\n\n1. a. buzinar\n  b. tocar trombeta\n  c. trombetear\n2. a. trombeta\n  b. trompa
trunk	/trʌŋk/\n\n1. baú\n2. a. focinho\n  b. rosto\n  c. tromba\n3. tronco
trust	/trʌst/\n\n1. fé\n2. ter fé\n3. a. confiar\n  b. contar com\n  c. crer\n  d. ter confiança em
trustworthy	/trʌstwəːðiː/\n\n[adjective]\n\n1. fidedigno\n2. seguro
truth	/truːθ/\n\n[s]\nverdade
try	/triː/\n\n1. a. dar-se ao trabalho de\n  b. empenhar-se em\n  c. esforçar-se\n2. a. ensaiar\n  b. experimentar\n  c. provar
tub	/tʌb/\n\n1. cuba\n2. tina
tube	/tjuːb/\n\n[s]\n\n1. câmara de ar\n2. a. tubo\n  b. cano\n  c. canudo\n3. válvula
tuberculosis	/tjuːbəːkjulousis/\n\n[s]\ntuberculose
tubular	tubular
tuesday	/tjuːzdei/\n\n[s]\nterça-feira
tug	/tʌg/\n\n1. a. sacar\n  b. puxar\n  c. tirar\n2. rebocador
tugboat	/tʌgbout/\n\nrebocador
tulip	/tjuːlip/\n\ntulipa
tumble down	/tʌmbldaun/\n\ncair do alto
tummy	/tʌmiː/\n\n1. abdome\n2. barriga\n3. ventre
tumor	/tjuːmər/\n\n[s]\ntumor
tumult	/tjuːmʌlt/\n\n1. agitação\n2. balbúrdia\n3. tumulto
tuna	/tjuːnə/\n\natum
tuna-fish	atum
tune	/tjuːn/\n\n1. a. acomodar\n  b. adaptar\n  c. ajeitar\n  d. ajustar\n2. a. afinar\n  b. sintonizar\n3. a. melodia\n  b. toada
tuneful	/tjuːnfəl/\n\n1. melódico\n2. melodioso
tunic	/tjuːnik/\n\n1. membrana\n2. túnica
tunnel	/tʌnl/\n\ntúnel
tunny	/tʌniː/\n\natum
Turk	/təːk/\n\nturco
turkey	/təːkiː/\n\n[s]\n[adjective]\n\n1. Turquia\n2. meleagro
Turkish	/təːkiʃ/\n\n[adjective]\nturco
turn	/təːn/\n\n1. a. cauda\n  b. fila\n  c. fileira\n  d. linha\n  e. turno\n  f. vez\n2. a. desencaminhar-se\n  b. desviar-se\n  c. extraviar-se\n3. a. deitar por terra\n  b. derribar\n  c. entornar\n  d. revirar\n4. tornear\n5. a. virar\n  b. voltar\n  c. volver\n6. a. girar\n  b. dar voltas\n  c. voltar-se
turn around	/təːnəraund/\n\n1. a. virar\n  b. voltar\n  c. volver\n2. a. girar\n  b. darvoltas\n  c. voltar-se
turn back	/təːnbæk/\n\n1. girar\n2. darvoltas\n3. voltar-se
turn off	/təːnɔf/\n\ndesligar
turn on	/təːnwʌn/\n\n1. activar\n2. ligar
turn over	/təːnouvər/\n\n1. deitarporterra\n2. derribar\n3. entornar\n4. revirar
turn round	/təːnraund/\n\n1. a. virar\n  b. voltar\n  c. volver\n2. a. girar\n  b. darvoltas\n  c. voltar-se
turn to good account	/təːntougudəkaunt/\n\nutilizar
turnip	/təːnip/\n\nnabo
tussle	/tʌsl/\n\nbatalhar uns contra os outros
tutor	/tjuːtər/\n\n1. a. educar\n  b. instruir\n2. preceptor
tutorial	[s]\n\n1. tutorial\n2. aula
TV	/tv/\n\ntelevisão
TV set	/tvset/\n\ntelevisor
twelfth	[adjective]\n\n1. duodécimo\n2. décimo segundo
Twelfth-night	Epifania
twelve	/twelv/\n\ndoze
twentieth	vigésimo
twenty	/twentiː/\n\nvinte
twenty-first	vigésimo primeiro
twenty-one	vinte e um
twice	/tviːtʃə/\n\nduas vezes
twich	/twitʃ/\n\n1. lona\n2. tique
twilight	[s]\n[adjective]\n\n1. crepúsculo\n2. crepuscular
twin	/twin/\n\n1. gemelar\n2. gêmeo
twine	/twain/\n\n1. trançar\n2. entrançar
twins	/twinz/\n\ngêmeos
twirl	[vi]\n\n1. girar\n2. rodopiar
twist	/twist/\n\n1. torcer\n2. retorcer
twitter	/twitər/\n\n1. gorjear\n2. piar\n3. pipilar
two	/twou/\n\n1. dois\n2. duas
two hundred	/twouhʌndrəd/\n\nduzentos
twosome	[s]\n\n1. par\n2. dupla
tympanic	[adjective]\n\n1. timpânico\n2. do tímpano
type	/taip/\n\n1. tipo\n2. a. datilografar\n  b. digitar\n  c. escrever à máquina\n3. a. modelo ideal\n  b. padrão
typeset	/taipəseit/\n\ncompor
typewriter	/taipraitər/\n\nmáquina de escrever
typewriter carriage	/taipraitərkæridʒ/\n\n1. carreta\n2. carrinho
typhoon	/taifuːn/\n\ntufão
typical	/tipikl/\n\n[adjective]\ntípico
typically	[adverb]\ntipicamente
typology	[s]\ntipologia
tyrannize	/tirənaiz/\n\ntiranizar
tyrant	/tirənt/\n\n[s]\n\n1. déspota\n2. tirano
tyre	/taiər/\n\npneumático
ubiquitous	/juːbikwitəs/\n\n[adjective]\nubíquo
ugliness	[s]\nfeiúra
ugly	/ʌgliː/\n\n[adjective]\n\n1. feio\n2. a. ruim\n  b. sem valor\n  c. vil
ulcer	/ʌlsər/\n\n[s]\núlcera
ulcerate	[vi]\nulcerar
ulceration	[s]\nulceração
ultimate	[adjective]\n\n1. a. último\n  b. final\n2. máximo
ultimately	/ʌltimətiːliː/\n\n[adverb]\n\n1. enfim\n2. finalmente\n3. por fim
ultimatum	/ʌltimeitəm/\n\n[s]\nultimato
ultrasonography	[s]\nultrasonografia
Ulysses	/ʌlisiz/\n\nUlisses
umbrella	/ʌmbrelə/\n\n[s]\nguarda-chuva
umpire	/ʌmpaiər/\n\nárbitro
un-	in-
unable	incapaz
unacceptable	[adjective]\ninaceitável
unacceptably	[adverb]\ninaceitavelmente
unambiguous	[adjective]\nnão ambíguo
unambiguously	[adverb]\nde forma não ambígua
unanimous	/juːnæniməs/\n\nunânime
unanimously	[adverb]\n\n1. unanimimente\n2. de forma unânime
unanswerability	[s]\n\n1. inquestionabilidade\n2. irrefutabilidade
unanswerable	[adjective]\n\n1. inquestionável\n2. irrefutável
unanswerably	[adverb]\n\n1. inquestionavelmente\n2. de forma inquestionável\n3. irrefutavelmente\n4. de forma irrefutável
unarmed	/ʌnɑːmd/\n\ndesarmado
unattractive	[adjective]\nnão atrativo
unavailable	[adjective]\n\n1. indisponível\n2. inacessível
unavoidable	[adjective]\ninevitável
unavoidably	[adverb]\ninevitavelmente
unbearable	[adjective]\n\n1. intolerável\n2. insuportável
unbearably	[adverb]\ninsuportavelmente
unbeatable	[adjective]\n\n1. imbatível\n2. invencível
unbelievable	inacreditável
unbind	[vt]\nsoltar
unbreakable	[adjective]\ninquebrável
uncanny	[adjective]\n\n1. estranho\n2. esquisito\n3. misterioso
uncertain	/ʌnsətein/\n\n1. duvidoso\n2. incerto
uncertainty	[s]\nincerteza
unchangeable	[adjective]\n\n1. imutável\n2. inalterável
uncle	/ʌŋkl/\n\ntio
unclean	/ʌnkliːn/\n\nsujo
uncomfortable	[adjective]\n\n1. desconfortável\n2. desagradável\n3. incômodo\n4. pouco à vontade
uncommon	incomum
unconscious	/ʌnkɔnʃəs/\n\ninconsciente
uncooperative	[adjective]\n\n1. não cooperativo\n2. que não coopera
uncountable	[adjective]\nincontável
uncover	/ʌnkʌvər/\n\n1. descobrir\n2. desvendar\n3. revelar
undeniable	[adjective]\n\n1. inegável\n2. que não se pode negar
undeniably	[adverb]\n\n1. inegavelmente\n2. de forma inegável
under	/ʌndər/\n\n1. abaixo de\n2. debaixo de\n3. por baixo de\n4. sob
under age	/ʌndəreidʒ/\n\nmenor
underestimate	/ʌndərestimət/\n\nsubestimar
undergarment	/ʌndəgɑːmənt/\n\n1. combinação\n2. roupa de baixo
undergo	1. sofrer\n2. receber
underground	/ʌndəgraund/\n\nsubterrâneo
underline	/ʌndəlain/\n\n[s]\n[vt]\n\n1. sublinha\n2. sublinhar
undermine	/ʌndəmin/\n\nminar
underneath	/ʌndənəːθ/\n\n1. a. abaixo\n  b. para baixo\n2. a. abaixo de\n  b. debaixo de\n  c. por baixo de\n  d. sob
underpants	/ʌndəpænts/\n\n1. cuecas\n2. calças\n3. ceroulas
underscore	[s]\n[vt]\n\n1. sublinha\n2. a. ressaltar\n  b. enfatizar
understand	/ʌndəstænd/\n\n1. apreender\n2. compreender\n3. entender
understandability	[s]\ncompreensibilidade
understandable	/ʌndəstændəbl/\n\ncompreensível
understanding	[s]\n\n1. entendimento\n2. compreensão
understudy	ator substituto
undertake	/ʌndəteik/\n\nempreender
underway	[adjective]\n\n1. em execução\n2. em progresso
underwear	roupa de baixo
undeserve	[vt]\ndesmerecer
undesirable	[adjective]\nindesejável
undetectable	[adjective]\nindetectável
undo	[vt]\ndesfazer
undoubtedly	/ʌndautidliː/\n\n[adverb]\n\n1. sem dúvida\n2. sem dúvida alguma
undress	/ʌndris/\n\n[vi]\ndespir-se
undue	[adjective]\nindevido
undulate	/ʌndjuleit/\n\n1. ondear\n2. ondular
uneasy	1. inquieto\n2. desassossegado\n3. preocupado
unequivocally	[adverb]\n\n1. inequivocadamente\n2. sem equívocos
unethical	[adjective]\nnão ético
unexpectedly	/ʌnikspektidliː/\n\n1. inesperadamente\n2. inopinadamente
unfair	[adjective]\ninjusto
unfaithful	/ʌnfeiθfəl/\n\ninfiel
unfamiliar	1. pouco familiar\n2. desconhecido
unflawed	[adjective]\n\n1. sem falhas\n2. perfeito
unfold	1. a. desdobrar\n  b. revelar\n2. desdobrar-se
unforeseen	[adjective]\nnão previsto
unfortunate	[adjective]\n\n1. desafortunado\n2. sem sucesso\n3. sem sorte\n4. infeliz
unfortunately	/ʌnfɔːtʃuneitiːliː/\n\n1. infelizmente\n2. lamentavelmente\n3. desgraçadamente
unfounded	/ʌnfaundid/\n\n1. sembase\n2. semfundamento
unfulfilled	1. não realizado\n2. não satisfeito\n3. não cumprido\n4. que não realizou
unfurl	desfraldar
ungodly	ímpio
ungrateful	/ʌngreitfəl/\n\n1. ingrato\n2. mal-agradecido
unhappily	infelizmente
unhappy	/ʌnhæpiː/\n\ninfeliz
unhealthy	[adjective]\n\n1. não saudável\n2. insalubre
unhurt	[adjective]\nileso
uniform	/juːnifɔːm/\n\n1. farda\n2. fardamento\n3. uniforme
uniformly	uniformemente
unimaginable	inimaginável
uninsure	[vt]\n\n1. não garantir\n2. não assegurar
unintentional	/ʌnintenʃənl/\n\ninconscientemente
unintentionally	não intensionalmente
union	/juːniən/\n\nunião
unique	/juːniːk/\n\n1. ímpar\n2. incomparável\n3. único
uniquely	[adverb]\n\n1. unicamente\n2. de forma única
uniqueness	[s]\nunicidade
unit	/juːnit/\n\nunidade
unite	/juːnait/\n\n1. a. unir\n  b. reunir\n2. unificar
united	/juːnaitid/\n\nunido
United Kingdom	1. Reino Unido\n2. Inglaterra
United Nations	/juːnaitidnæʃənz/\n\nNações Unidas
United States	1. Estados Unidos\n2. E.U.A.
United States of America	/juːnaitidsteitsɔfəmerikə/\n\n1. Estados Unidos da América\n2. E.U.A.
unity	/juːnitiː/\n\nunião
universal	/juːnivəːsl/\n\nuniversal
universally	universalmente
universe	/juːnivəːs/\n\nuniverso
university	/juːnivəːsitiː/\n\nuniversidade
unjustified	injustificado
unkind	/ʌnkaind/\n\n1. arisco\n2. brusco\n3. rabugento
unknown	/ʌnnoun/\n\ndesconhecido
unlawful	[adjective]\n\n1. ilegal\n2. ilícito\n3. fora da lei
unleash	1. soltar\n2. desencadear
unleavened bread	/ʌnlevndbred/\n\n1. hóstia\n2. pão ázimo
unless	1. a menos que\n2. a não ser que
unlike	desigual
unlikely	improvável
unlikeness	[s]\n\n1. diferença\n2. desigualdade
unlimited	ilimitado
unload	descarregar
unlock	/ʌnlɔk/\n\n1. abrir\n2. destrancar
unlucky	[adjective]\n\n1. sem sorte\n2. infeliz
unmake	[vt]\ndesfazer
unmarried woman	/ʌnmæridwumən/\n\n1. senhorita\n2. celibatária\n3. solteira
unnatural	1. a. antinatural\n  b. artificial\n2. a. afetado\n  b. depravado
unnecessarily	desnecessariamente
unnecessary	desnecessário
unobtainable	[adjective]\nnão adquirível
unofficial	[adjective]\nnão oficial
unpleasant	/ʌnpleznt/\n\n1. arisco\n2. brusco\n3. rabugento
unpredictable	[adjective]\nimprevisível
unproven	[adjective]\n\n1. não provado\n2. não comprovado
unreal	1. irreal\n2. ilusório\n3. artificial\n4. não material
unrealistically	[adverb]\nde forma não realista
unreliable	[adjective]\nnão confiável
unresolved	[adjective]\n\n1. não resolvido\n2. não solucionado
unrest	/ʌnrest/\n\nperturbação
unroll	/ʌnroul/\n\n1. desenrolar\n2. desenovelar
unsafe	inseguro
unsatisfied	1. insatisfeito\n2. descontente
unsavory	[adjective]\n\n1. desagradável\n2. nojento
unseemly	/ʌnsiːmliː/\n\n1. inoportuno\n2. maladequado
unserviceable	[adjective]\n\n1. imprestável\n2. inútil
unshackle	[vi]\n\n1. soltar-se\n2. libertar-se
unsound	/ʌnsaund/\n\n[adjective]\n\n1. doente\n2. a. imcompleto\n  b. com imperfeições\n3. inseguro
unstable	instável
unsteadily	[adverb]\ninstavelmente
unsteadiness	[s]\ninstabilidade
unsteady	[adjective]\n\n1. instável\n2. não fixo
unsubscribe	[vt]\n\n1. desinscrever\n2. retirar a inscrição\n3. retirar a assinatura
unsuccessful	[adjective]\n\n1. mal sucedido\n2. sem sucesso
unsuitable	[adjective]\n\n1. a. inadequado\n  b. inapropriado\n2. a. inconveniente\n  b. indecoroso
unsure	1. inseguro\n2. incerto
unthankful	/ʌnthæŋkfəl/\n\ningrato
untidy	/ʌntaidiː/\n\n1. eriçado\n2. hirto
until	/ʌntil/\n\n1. até\n2. atéque
untouchable	intocável
untroubled	/ʌntrʌbld/\n\n1. calmo\n2. sereno
unusable	[adjective]\n\n1. inutilizável\n2. inútil\n3. sem uso
unuseable	[adjective]\n\n1. inutilizável\n2. inútil\n3. sem uso
unusual	1. incomum\n2. extraordinário\n3. insólito
unveil	[vt]\n\n1. a. remover o véu\n  b. descobrir\n2. a. tornar público\n  b. revelar\n  c. divulgar
unwed	[adjective]\nsolteiro
unwell	[adjective]\n\n1. a. indisposto\n  b. com mal-estar\n2. menstruada
unwillingness	[s]\n\n1. falta de vontade\n2. relutância\n3. hesitação
unwind	/ʌnwaind/\n\ndesenrolar
unwise	[adjective]\ninsensato
up	/ʌp/\n\npara cima
up-to-date	1. atual\n2. vigente\n3. até a data
up-to-minute	1. atual\n2. vigente\n3. até o minuto
upcoming	[adjective]\n\n1. que vai acontecer\n2. que está vindo\n3. que está chegando
update	1. atualização\n2. a. atualizar\n  b. tornar atual
updateable	[adjective]\natualizável
upgrade	[s]\n[vt]\n\n1. a. atualização\n  b. melhoramento de algo antigo ou ultrapassado\n2. a. atualizar\n  b. melhorar algo antigo ou ultrapassado\n3. promover\n4. valorizar
uphill	/ʌphil/\n\npara cima
upholster	/ʌphoulstər/\n\nestofar
upon	/əpɔn/\n\n1. a. a\n  b. ao\n  c. com\n  d. em\n2. a. contra\n  b. de fronte de\n  c. em frente de\n  d. em troca de\n3. a. a cerca de\n  b. a respeito de\n  c. quanto a\n4. sobre
upper	/ʌpər/\n\nsuperior
uppercase	[adjective]\nmaiúsculo
upright	1. viga vertical\n2. vertical\n3. a. honrado\n  b. honesto
upset	/ʌpset/\n\n1. deitar por terra\n2. derribar\n3. entornar\n4. revirar
upsilon	/ʌpsilɔn/\n\nY
upstairs	/ʌpstɛəz/\n\n1. acima\n2. para cima
uptake	[s]\n[vt]\n\n1. ingesta\n2. a. consumo\n  b. utilização\n3. a. ajudar\n  b. auxiliar
upward	[adjective]\n[adverb]\n\n1. ascendente\n2. de forma ascendente
upwards	/ʌpwədz/\n\npara cima
uranium	/jureiniəm/\n\nurânio
urban	/əːbən/\n\nurbano
urbanization	[s]\nurbanização
urchin	/əːtʃin/\n\n1. gaiato\n2. galopim
urethra	uretra
urethral	uretral
urethritis	uretrite
urge	/əːdʒ/\n\n1. a. impelir\n  b. incitar\n  c. instigar\n2. a. apressar\n  b. instar
urgency	[s]\nurgência
urgent	/əːdʒənt/\n\nurgente
urinalysis	1. elementos anormais e sedimentos (EAS)\n2. exame sumário de urina\n3. urinálise
urinary	[adjective]\nurinário
urinate	/jeərineit/\n\n1. mijar\n2. urinar
urine	/jeərin/\n\nurina
urologist	urologista
urticaria	urticária
Uruguay	/jeərəgwai/\n\nUruguai
us	/juːs/\n\nnós
US citizen	/juːssitizən/\n\n1. americano\n2. cidadãoestadunidense
USA	/juːzə/\n\n1. América\n2. EstadosUnidos\n3. EstadosUnidosdaAmérica\n4. E.U.A.
usability	[s]\nusabilidade
usable	[adjective]\n\n1. usável\n2. utilizável
usage	uso
use	/juːz/\n\n1. a. uso\n  b. emprego\n  c. aplicação\n2. a. empregar\n  b. servir-sede\n  c. usar
use up	/juːzʌp/\n\n1. a. puir\n  b. safar\n2. a. consumir\n  b. esgotar\n  c. gastar
useable	[adjective]\n\n1. usável\n2. utilizável
used to	/juːzdtou/\n\nusual
used up	/juːzdʌp/\n\nesgotado
useful	/juːsfəl/\n\n1. profícuo\n2. útil\n3. vantajoso
usefulness	[s]\nutilidade
useless	/juːsləs/\n\n[adjective]\n\n1. impróprio\n2. inapto\n3. inútil
uselessly	[adverb]\ninutilmente
user	usuário
usual	/juːʒeəl/\n\n1. usual\n2. a. comum\n  b. ordinário\n3. a. genérico\n  b. geral\n  c. universal
usually	/juːʒəliː/\n\n1. habitualmente\n2. usualmente
usurp	/juːzəp/\n\n1. defraudar\n2. esbulhar\n3. usurpar
usury	/juːʒəriː/\n\nusura
uterine	[adjt]\nuterino
utero	útero
uterus	/juːtərəs/\n\n[s]\nútero
utility	[s]\n\n1. utilidade\n2. utilitário
utilize	/juːtilaiz/\n\n[vt]\nutilizar
utmost	maior
Utopia	/juːtoupiə/\n\n[s]\nUtopia
utopian	/juːtoupiən/\n\n[adjective]\nutópico
utter	[adjective]\n[vt]\n\n1. a. completo\n  b. total\n2. a. proferir\n  b. pronunciar
utterance	[s]\ndeclaração
utterly	[adverb]\n\n1. completamente\n2. totalmente
uveitis	[s]\nuveíte
uvula	[s]\núvula
vacant	/veikənt/\n\n[adjective]\n\n1. vacante\n2. vago
vacation	/vəkeiʃən/\n\n[s]\n[vi]\n\n1. férias\n2. tirar férias
vaccinate	/væksineit/\n\n[vt]\nvacinar
vaccination	[s]\nvacinação
vaccine	/væksain/\n\n[s]\nvacina
vacillate	[vi]\nvacilar
vacuole	[s]\nvacúolo
vacuolization	[s]\nvacuolização
vacuum	/vækjeəm/\n\nvácuo
vacuum cleaner	/vækjeəmkliːnər/\n\n1. aspirador\n2. aspiradordepó
vacuum-cleaner	1. aspirador\n2. aspiradordepó
vagabond	/vægəbɔnd/\n\nvagabundo
vagina	/vədʒainə/\n\nvagina
vaginitis	vaginite
vague	/veig/\n\ngeral
vain	/vein/\n\n1. a. estéril\n  b. inútil\n  c. vão\n2. a. frívolo\n  b. fútil\n  c. vaidoso
valiant	/væliənt/\n\n1. afoito\n2. arrojado\n3. corajoso
valid	/vælid/\n\n1. válido\n2. valioso
validate	/vælideit/\n\nvalidar
validity	[s]\nvalidade
valise	/vəliːz/\n\n1. malademão\n2. maleta\n3. valise
valley	/væliː/\n\nvale
valuable	/væljeəbl/\n\n[adjective]\n\n1. a. valioso\n  b. caro\n2. que tem valor
value	/væljuː/\n\n[s]\n[vt]\n\n1. a. valor\n  b. mérito\n2. a. valer\n  b. ter o valor\n3. a. valorizar\n  b. dar valor\n  c. apreciar\n4. a. avaliar\n  b. calcular\n  c. determinar o valor
valve	/vælv/\n\n[s]\nválvula
valvular	[adjective]\nvalvular
valvuloplasty	[s]\nvalvuloplastia
vambrace	avambraço
van	/vein/\n\n[s]\ncaminhonete
vancomycin	vancomicina
vandal	/vændl/\n\n[adjective]\nvândalo
vanilla	/vənilə/\n\n[s]\nbaunilha
vanish	desaparecer
vanished	desaparecido
vanishment	desparecimento
vapor	/veipər/\n\nvapor
vapour	/veipər/\n\nvapor
variability	variedade
variable	/vɛəriəbl/\n\nvariável
variant	variante
variation	variação
varicella	[s]\nvaricela
varied	/vɛərid/\n\n1. diverso\n2. vário\n3. que oferece várias aspectos
variety	variedade
variety entertainment	/vəraiətiːentəteinmənt/\n\nvariedades
various	/vɛəriəs/\n\n1. vários\n2. a. diverso\n  b. que oferece vários aspectos
varix	[s]\n\n1. variz\n2. vaso sangüineo dilatado e tortuoso
varnish	/vɑːniʃ/\n\nenvernizar
vary	/vɛəriː/\n\n1. mudar\n2. variar
vasculitis	vasculite
vasculopathies	[s]\nvasculopatia
vase	/vɑːz/\n\n1. recipiente\n2. vasilha\n3. vaso
vaseline	/væsəliːn/\n\nvaselina
vasoactive	vasoativo
vasoconstriction	vasoconstrição
vasomotor	[s]\nvasomotor
vasospasm	[s]\nvasoespasmo
vassal	/væsəl/\n\nvassalo
vast	/vɑːst/\n\n[adjective]\n\n1. amplo\n2. espaçoso\n3. extenso\n4. vasto
vastly	[adverb]\n\n1. enormemente\n2. completamente
vat	/veit/\n\n1. cuba\n2. tina
Vatican	/vætikən/\n\nVaticano
vault	/vɔːlt/\n\nabóbada
vaulted ceiling	/vɔːltidsiːliŋ/\n\nabóbada
veal	/viːl/\n\ncarnedevitelo
vector	[s]\nvetor
vegetable	/vedʒitəbl/\n\n1. hortaliça\n2. legume
vegetarian	/vedʒitɛəriən/\n\nvegetariano
vegetate	/vedʒiteit/\n\nvegetar
vegetation	vegetação
vegetative	vegetativo
vehement	[adjective]\nveemente
vehemently	[adverb]\n\n1. veementemente\n2. de forma veemente
vehicle	/viːikl/\n\n1. viatura\n2. veículo
veil	/veil/\n\n1. a. cobrir com véu\n  b. velar\n2. a. manto\n  b. véu
vein	/vein/\n\nveia
velocity	velocidade
velvet	/velvit/\n\n1. veludo\n2. constituído de veludo
vend	/vend/\n\n1. ceder\n2. vender
venerable	venerável
venereal	[adjective]\nvenérea
Venetia	/vəniːʃə/\n\nVeneza
Venetian blind	/vəniːʃənblaind/\n\nveneziana
Venezuela	/venizweilə/\n\nVenezuela
vengeance	/vendʒəns/\n\nvingança
venous	venoso
ventilate	/ventileit/\n\n1. arejar\n2. ventilar
ventilated	ventilado
ventilation	ventilação
ventilator	/ventileitər/\n\nventilador
ventilatory	[adjective]\nventilatório
ventricle	ventrículo
ventricular	[adjective]\n\n1. ventricular\n2. do ventrículo
venture	/ventʃər/\n\n1. arriscar\n2. avançar\n3. aventurar
Venus	/venjuːz/\n\nVênus
verb	/vəːb/\n\nverbo
verbatim	/vəːbeitim/\n\n1. literalmente\n2. palavraporpalavra
verdict	/vəːdikt/\n\n1. veredicto\n2. veredito
verge	/vəːdʒ/\n\nberma
verge of a road	/vəːdʒɔfəroud/\n\nberma
verification	verificação
verify	/verifai/\n\n1. conferir\n2. fiscalizar\n3. inspecionar\n4. supervisionar
verse	/vəːs/\n\n1. estrofe\n2. verso
version	/vəːʃən/\n\nversão
vertebra	/vəːtibrə/\n\nvértebra
vertical	/vəːtikl/\n\nvertical
vertigo	/vəːtigou/\n\n1. tontura\n2. vertigem
verve	/vəːv/\n\n1. estro\n2. verve\n3. vivacidade
very	/veriː/\n\nmuito
very ancient	/veriːeinʃənt/\n\nantediluviano
very much	/veriːmʌtʃ/\n\n1. mui\n2. muito
vesicle	[s]\nvesícula
vessel	/vesəl/\n\n1. a. caixa\n  b. continente\n  c. jarro\n  d. vasilha\n  e. vaso\n2. recipiente\n3. a. embarcação\n  b. navio
vest	/vest/\n\n1. camiseta\n2. colete
vestibulopathy	[s]\nvestibulopatia
veteran	/vetərən/\n\nveterano
veterinarian	/vetrinɛəriən/\n\nveterinário
veterinary	[adjective]\nveterinário
vex	/veks/\n\n1. afligir\n2. magoar\n3. molestar
viability	[s]\nviabilidade
viable	[adjective]\nviável
vibrate	/vibreit/\n\n1. fremir\n2. vibrar
vibration	/vaibreiʃən/\n\n[s]\nvibração
vicar	/vikər/\n\n1. cura\n2. pároco\n3. vigário
vice	/vais/\n\n1. a. perversão\n  b. vício\n2. virtude
vice-versa	1. vice-versa\n2. às avessas
vicinity	/visinitiː/\n\nanexo
vicious	/viʃəs/\n\n1. malicioso\n2. malvado\n3. perverso
victim	/viktaim/\n\n[s]\nvítima
victory	/viktəriː/\n\n[s]\nvitória
video	[s]\n\n1. video\n2. imagem
video-tape	[s]\nfita de vídeo
videotape	/vidiəuteip/\n\n[s]\n[vt]\n\n1. fita de vídeo\n2. gravar em fita de vídeo
Vienna	/vienə/\n\n[s]\nViena
Vietnam	/vietnɑːm/\n\n[s]\nVietnã
Vietnamese	/vietnəmiːz/\n\nvietnamita
view	/vjuː/\n\n1. a. aparência\n  b. aspecto\n  c. semblante\n2. vista\n3. a. observar\n  b. mirar\n  c. olhar\n4. panorama
viewable	[adjective]\nvisível
viewer	[s]\n\n1. observador\n2. visualizador
viewpoint	/vjuːpɔint/\n\n[s]\nponto de vista
vigilant	[adjective]\nvigilante
vigorous	[adjective]\n\n1. vigoroso\n2. enérgico
vigorously	[adverb]\nvigorosamente
vigour	/vigər/\n\n1. actividade\n2. a. força\n  b. intensidade\n  c. vigor
viking	/vaikiŋ/\n\n[s]\nviquingue
villa	/viljə/\n\n[s]\nvila
village	/vilidʒ/\n\n[s]\n\n1. aldeia\n2. povoado
villain	/vilən/\n\n[s]\n\n1. escravo\n2. servo
vine	/vain/\n\n[s]\n\n1. vinha\n2. videira
vinegar	/vinigər/\n\n[s]\nvinagre
vineyard	/vinjəd/\n\n[s]\n\n1. vinha\n2. vinhedo
violate	/vaiəleit/\n\n1. a. atentar\n  b. cometer uma tentado\n  c. infringir\n  d. ultrajar\n  e. violar\n2. violentar
violated	1. violado\n2. violentado
violation	[s]\nviolação
violence	[s]\nviolência
violent	[adjective]\nviolento
violently	[adverb]\nviolentamente
violet	/vaiələt/\n\nvioleta
violin	/vaiəlin/\n\n[s]\nviolino
viper	/vaipər/\n\n[s]\n\n1. víbora\n2. cobra
viral	[adjective]\nviral
virgin	/vəːdʒin/\n\n[s]\nvirgem
virginal	/vəːdʒinl/\n\n[adjective]\n\n1. virgem\n2. virginal
virility	/virilitiː/\n\n[s]\nvirilidade
virology	[s]\nvirologia
virtual	[adjective]\nvirtual
virtually	[adverb]\nvirtualmente
virtuose	/vəːtʃuouzou/\n\nvirtuoso
virtuoso	[adjective]\nvirtuoso
virulent	[adjective]\nvirulento
virus	/vaiərəs/\n\n[s]\nvírus
visa	/viːzə/\n\n[s]\nvisto
visceral	[adjective]\nvisceral
viscosity	[s]\nviscosidade
viscous	[adjective]\nviscoso
viscousness	[s]\nviscosidade
viscus	[s]\nvíscera
visibility	[s]\nvisibilidade
visible	/vizəbl/\n\n[adjective]\nvisível
visibly	[adverb]\nvisivelmente
vision	/viʒn/\n\n[s]\nvisão
visionary	[s]\nvisionário
visit	/vizit/\n\n[s]\n[vt]\n\n1. visita\n2. visitar
visit regularly	/vizitregjuləliː/\n\n1. freqüentar\n2. irver\n3. visitar
visitor	[s]\nvisitante
visual	[adjective]\n\n1. visual\n2. da visão
visualization	[s]\nvisualização
visualizer	[s]\nvisualizador
visually	[adverb]\nvisualmente
vital	[adjective]\nvital
vitality	[s]\nvitalidade
vitamin	/vitəmin/\n\nvitamina
vitamin C	/vitəmink/\n\n1. ácido ascórbico\n2. vitamina C
viticulture	[s]\nviticultura
vitrectomy	[s]\nvitrectomia
vivacity	/vivæsitiː/\n\n1. estro\n2. verve\n3. vivacidade
vixen	/viksn/\n\nmegera
vocabulary	/vəkæbjuləriː/\n\n1. dicionário\n2. vocabulário
vodka	/vɔdkə/\n\nvodca
voice	/vɔis/\n\nvoz
void	/vɔid/\n\n1. vácuo\n2. vazio
VoIP	[s]\n\n1. Voz por IP\n2. tecnologia de transmissão de voz pela internet\n3. telefonia pela internet
Volapuk	/vəlæpək/\n\nVolapuque
volcano	/vɔlkeinou/\n\nvulcão
volition	[s]\n\n1. decisão\n2. vontade\n3. escolha
volley	/vɔliː/\n\n1. caudal\n2. torrente
Volt	/voult/\n\nvolt
voltage	/voultidʒ/\n\n1. voltagem\n2. tensão
volume	/vɔljuːm/\n\n1. tomo\n2. volume
voluntarily	/vɔləntəriliː/\n\nvoluntariamente
voluntary	/vɔləntriː/\n\nvoluntário
volunteer	/vɔləntiər/\n\nvoluntário
voluptuous	/vəlʌptʃeəs/\n\nvoluptário
vomit	/vɔmit/\n\n1. lançar\n2. vomitar
vote	/vout/\n\n1. votar\n2. a. voto\n  b. voz
voting by ballot	/voutiŋbiːbəlɔt/\n\n1. eleição\n2. escrutínio
vow	/vau/\n\n1. a. prometer\n  b. fazer votos\n2. a. promessa\n  b. voto
vowel	/vauəl/\n\nvogal
voyage	/vɔiidʒ/\n\nviagem
vulgar	/vʌlgər/\n\n1. trivial\n2. a. comum\n  b. ordinário\n  c. vulgar
vulnerability	[s]\nvulnerabilidade
vulnerable	vulnerável
vulture	/vʌltʃər/\n\nabutre
vulva	[s]\nvulva
wacky	1. louco\n2. estranho\n3. diferente
wadding	/wɔdiŋ/\n\nalgodão carvado e comprido em camadas moles
wade	/weid/\n\n[s]\n[vt]\n\n1. travessia\n2. vadear\n3. arrastar
waffle	/wɔfl/\n\nfolhado
wage	/weidʒ/\n\n1. salário\n2. ordenado
wage war	/weidʒər/\n\n1. combatar\n2. fazercampanha\n3. guerrear
wager	/weidʒər/\n\n1. apostar\n2. aposta
wages	/weidʒiz/\n\n1. salário\n2. ordenado
waggon	/wægən/\n\n1. carruagem\n2. vagão
wail	/weil/\n\n1. lamentar-se\n2. queixar-se
wainscot	/weinskət/\n\npainel
waist	/weist/\n\n1. cintura\n2. talhe
waistcoat	/weiskout/\n\ncolete
waistline	/weistlain/\n\n1. cintura\n2. talhe
wait	/weit/\n\n1. aguardar\n2. esperar\n3. estaràesperade
wait for	/weitfər/\n\n1. aguardar\n2. esperar\n3. estaràesperade
waiter	/weitər/\n\n1. criado\n2. garçom
waiting room	/weitiŋruːm/\n\nsaladeespera
waiting-room	saladeespera
wake	/weik/\n\n1. acordar\n2. despertar
wake up	/weikʌp/\n\n1. acordar\n2. despertar
Wales	/weilz/\n\n1. Gales\n2. País de Gales
walk	/wɔːk/\n\n[s]\n[vt]\n\n1. passeio\n2. a. andar\n  b. caminhar\n  c. marchar
wall	/wɔːl/\n\n[s]\n\n1. muro\n2. parede
wall covering	/wɔːlkʌvəriŋ/\n\n[s]\nforro
wallet	/wɔlit/\n\n[s]\n\n1. bolsa\n2. carteira
wallpaper	/wɔːlpeipər/\n\n[s]\npapel de parede
walnut	/wɔːlnʌt/\n\n[s]\nnoz
walnut-tree	nogueira
waltz	/wɔːls/\n\nvalsa
wand	/wɔnd/\n\n1. vara\n2. verga
wander	/wɔndər/\n\n[vi]\n\n1. a. correr terras\n  b. transmigrar\n2. a. errar\n  b. vadiar\n  c. vagabundear
wander about	/wɔndərəbaut/\n\n[vi]\n\n1. correr terras\n2. transmigrar
wane	1. a. fim\n  b. diminuição\n  c. minguante\n  d. decadência\n2. a. diminuir\n  b. definhar\n  c. minguar\n  d. acabar
want	/wɔnt/\n\n[s]\n[vt]\n\n1. a. anseio\n  b. desejo\n  c. pretensão\n2. a. querer\n  b. ter vontade de
want to know	/wɔnttounou/\n\n[vt]\ndesejar saber
war	/ər/\n\n[s]\nguerra
warehouse	/wɛəhaus/\n\n[s]\n\n1. armazém\n2. casa comercial\n3. loja
wares	/wɛəz/\n\n[s]\n\n1. fazenda\n2. mercadoria
warfare	[s]\n\n1. guerra\n2. combate
warlike	/wɔːlaik/\n\nbelicoso
warm	/wɔːm/\n\n1. a. cordial\n  b. do coração\n  c. cardíaco\n2. a. acalorado\n  b. calmoso\n  c. quente\n  d. vivo
warn	/wɔːn/\n\n1. advertir\n2. avisar\n3. lembrar\n4. prevenir
warning	/wɔːniŋ/\n\n1. advertência\n2. aviso
warpath	[s]\nhumor hostil
warrant	/wɔrənt/\n\n1. a. afiançar\n  b. garantir\n2. a. caução\n  b. fiança\n  c. garantia
warranty	[s]\ngarantia
Warsaw	/wɔːsɔː/\n\nVarsóvia
wart	/wɔːt/\n\nverruga
wash	/wɔʃ/\n\nlavar
wasp	/wɔsp/\n\nvespa
waste	1. a. desperdício\n  b. esbanjamento\n  c. perda\n  d. sobras\n  e. lixo\n2. a. de refugo\n  b. de sobra\n  c. baldio\n3. a. esbanjar\n  b. desperdiçar\n  c. perder
waste away	definhar
wastebin	lata de lixo
wasteful	1. esbanjador\n2. anti-econômico
watch	/wɔtʃ/\n\n1. a. relógio\n  b. relógio de pulso\n2. pêndulo\n3. a. observar\n  b. mirar\n  c. olhar\n4. assistir a
watch out for	/wɔtʃautfər/\n\n1. atender\n2. fixar a atenção em\n3. prestar a atenção
watch over	/wɔtʃouvər/\n\n1. guardar\n2. velar\n3. vigiar
watchmaker	/wɔtʃmeikər/\n\nrelojeiro
watchword	/wɔtʃwəːd/\n\n1. cambial\n2. divisa\n3. lema
water	/wːtər/\n\n1. a. aquático\n  b. aquoso\n2. água\n3. a. irrigar\n  b. molhar\n4. a. aspergir\n  b. borrifar\n  c. jogar água benta\n  d. orvalhar\n  e. regar
water-colour	aquarela
water-melon	[s]\nmelancia
water-plaintain	alisma
waterfall	/wɔːtəfɔːl/\n\n[s]\n\n1. queda d'água\n2. cachoeira\n3. cascata
watery	[adjective]\n\n1. aquático\n2. aquoso
watt	/wɔt/\n\n[s]\nwatt
wave	/weiv/\n\n1. a. onda\n  b. vaga\n2. a. agitar\n  b. bater\n  c. mexer\n  d. vibrar
wave about	/weivəbaut/\n\n1. agitar\n2. bater\n3. mexer\n4. vibrar
wavelength	[s]\ncomprimento de onda
waver	/weivər/\n\n1. hesitar\n2. vacilar
wavy	[adjective]\n\n1. ondulado\n2. em ondas
wax	/wæks/\n\n[s]\n\n1. graxa\n2. cera
way	/wei/\n\n[s]\n\n1. a. costume\n  b. hábito\n2. a. forma\n  b. maneira\n  c. modo\n3. a. caminho\n  b. estrada\n  c. via
way out	/weiaut/\n\n1. porta\n2. saída
waylay	[vt]\n\n1. emboscar\n2. surpreender
we	[pronoun]\nnós
weak	/wiːk/\n\n[adjective]\n\n1. débil\n2. fraco
weaken	/wiːkən/\n\n[vt]\nadulterar
weakness	[s]\nfraqueza
wealth	/welθ/\n\n[s]\nriqueza
wealthy	/welθiː/\n\n[adjective]\nrico
weapon	/wepən/\n\n[s]\narma
weaponry	[s]\narmamento
wear	/wɛər/\n\n1. a. carregar\n  b. levar\n2. calçar
wear down	/wɛərdaun/\n\n1. desgastar\n2. esmerilar
wear off	/wɛərɔf/\n\n1. desgastar\n2. esmerilar
wear out	/wɛəraut/\n\n1. a. puir\n  b. safar\n2. a. desgastar\n  b. esmerilar
weary	/wiəriː/\n\n1. aborrecido\n2. enfadonho
weather	/weðər/\n\n[s]\ntempo
weave	/wiːv/\n\n1. tecer\n2. urdir
web	[s]\nteia
webcast	[s]\ntransmissão de audio e video através da Internet (web + broadcast)
wed	/wed/\n\n[vi]\ncasar
wednesday	/wenzdei/\n\n[s]\nquarta-feira
weed	/wiːd/\n\n1. mondar\n2. sachar
weed out	/wiːdaut/\n\n1. mondar\n2. sachar
week	/wiːk/\n\n[s]\nsemana
weekend	[s]\nfim de semana
weekly	/wiːkliː/\n\n[adverb]\nsemanalmente
weep	/wiːp/\n\n[vi]\n\n1. a. derramar lágrimas\n  b. lacrimejar\n2. chorar
weigh	/wei/\n\n[vt]\n\n1. pesar\n2. tomar o peso
weighing machine	/weiiŋməʃiːn/\n\n[s]\n\n1. balanço\n2. báscula\n3. gangorra
weight	/weit/\n\n[s]\npeso
weightless	[adjective]\nleve
weightlessness	[s]\nleveza
weird	/wiəd/\n\n[adjective]\n\n1. barroco\n2. bizarro\n3. excêntrico\n4. esquisito
weirdness	[s]\n\n1. esquisitisse\n2. excentricidade
welcome	/welkəm/\n\nbem-vindo
weld	1. solda\n2. a. soldar\n  b. unir
welfare	[s]\nbem-estar
well	/wel/\n\n1. bem\n2. tinteiro\n3. a. cisterna\n  b. poço\n4. a. bom\n  b. são\n  c. sadio\n5. a. então\n  b. pois bem
well then	/welθən/\n\n1. bem\n2. então\n3. pois bem
well up	/welʌp/\n\njorrar de uma fonte
well-being	saúde
well-beloved	1. a. amada\n  b. namorada\n2. amado
well-known	[adjective]\nbem conhecido
well-mannered	1. cavalheiro\n2. cortês\n3. gentil\n4. polido
well-off	rico
Welsh	/welʃ/\n\ngalês
Welshman	/welʃmən/\n\ngalês
wench	/wentʃ/\n\n1. garota\n2. menina\n3. moça\n4. rapariga
west	/west/\n\n[s]\n\n1. oeste\n2. ocidente
western	/westən/\n\n[adjective]\nocidental
wet	/wet/\n\n[adjective]\nmolhado
wetness	[s]\numidade
whale	/əl/\n\n[s]\n\n1. baleia\n2. cetáceo
wharf	/wɔːf/\n\n[s]\n\n1. cais\n2. plataforma
what	/wɔt/\n\n1. que\n2. que coisa\n3. o que
what a	/wɔtə/\n\n1. como\n2. na qualidade de
what a pity	/wɔtəpitiː/\n\n1. deploravelmente\n2. lamentavelmente
what for	/wɔtfər/\n\n1. por que\n2. por que causa
what kind of	/wɔtkaindɔf/\n\n1. como\n2. qual\n3. que\n4. que espécie de
what number	/wɔtnʌmbər/\n\nquantos
what sort of	/wɔtsɔːtɔf/\n\n1. como\n2. qual\n3. que\n4. que espécie de
what time is it?	/wɔttaimizit/\n\nque horas são?
what's more	/wɑːtzmɔːr/\n\n1. aliás\n2. além disso
whatever	/wɔtevər/\n\nqualquer coisa
wheat	/wiːt/\n\n[s]\ntrigo
wheel	/wiːl/\n\n[s]\nroda
wheeze	[s]\n[vi]\n\n1. a. respiração difícil\n  b. chiado\n2. respirar ruidosamente
wheeziness	/wiːzinəs/\n\nasma
wheezy	/wiːziː/\n\nasmático
when	/n/\n\nquando
whence	/ns/\n\ndonde
whenever	sempre que
where	/wɛər/\n\n1. aonde\n2. onde\n3. em que lugar
where ... to	/wɛərtou/\n\n1. aonde\n2. para onde
whereas	/wɛəriːz/\n\nenquanto que
whereby	[adverb]\npelo qual
wherever	/wɛərevər/\n\nnão importa o lugar
whether	se
which	/witʃ/\n\n[pronoun]\n\n1. qual\n2. o qual
which one's	/witʃwʌnz/\n\n1. cujo\n2. de que\n3. de quem\n4. do qual
whichever	/witʃevər/\n\n1. qualquer\n2. quem quer que seja\n3. seja lá quem for
while	/wail/\n\n1. durante\n2. tempo
whilst	/wilst/\n\ndurante
whim	/wim/\n\n1. capricho\n2. caprichoso\n3. fantasia\n4. impertinência
whimstone	/wimstoun/\n\nbasalto
whine	1. a. gemido\n  b. zunido\n  c. ganido\n2. a. gemer\n  b. zunir\n  c. ganir
whinny	/winiː/\n\n1. relinchar\n2. rinchar
whip	/wip/\n\n1. a. bater\n  b. fazer molinete\n  c. mexer\n2. a. chicotear\n  b. vergastar\n3. a. chicote\n  b. relho
whirl	/wəːl/\n\n1. bater\n2. fazer molinete\n3. mexer
whiskey	/wiskiː/\n\n[s]\nuísque
whisper	/wispər/\n\n1. cochichar\n2. segredar
whistle	/wisl/\n\n1. a. apitar\n  b. assobiar\n  c. silvar\n2. a. apito\n  b. assobio\n  c. gaita
white	/wait/\n\n[s]\n[adjective]\nbranco
white man	/waitmein/\n\n[s]\n\n1. branco\n2. homem da raça branca
White Russian	/waitrʌʃən/\n\n1. bielo-russo\n2. russo-branco
White Sea	/waitsiə/\n\n[s]\nMar Branco
white-tailed eagle	halieto
white-wash	caiar
whiten	/waitn/\n\n1. alvejar\n2. branquear\n3. corar\n4. embranquecer
whither	/wiðər/\n\n1. aonde\n2. para onde
Whitsunday	/witsʌndiː/\n\nPentecostes
who	/hou/\n\n1. quem\n2. qual\n3. o qual\n4. que
whoever	/huːevər/\n\n1. quem quer que seja\n2. seja lá quem for
whole	/houl/\n\n1. inteiro\n2. todo\n3. total
wholeheartedly	[adverb]\n\n1. de todo o coração\n2. completamente entregue\n3. sem ressalvas\n4. sem reservas
wholesale	/houlseil/\n\npor atacado
wholesome	[adjective]\nsaudável
wholly	/liː/\n\ntotalmente
whore	/hɔːr/\n\n[s]\n\n1. puta\n2. prostituta
whose	/huːz/\n\n1. cujo\n2. de que\n3. de quem\n4. do qual
why	/wiː/\n\n1. porque\n2. porque causa
wick	/wik/\n\n1. mecha\n2. pavio
wide	/waid/\n\n1. amplo\n2. espaçoso\n3. extenso\n4. vasto
wide-scale	[s]\nlarga escala
widely	[adverb]\n\n1. largamente\n2. extensamente\n3. amplamente
wider	[adjective]\n\n1. mais largo\n2. mais amplo
widespread	[adjective]\ndisseminado
widget	[s]\nobjeto da interface do usuário nas interfaces gráficas de usuário
widow	/widou/\n\n[s]\nviúva
widower	/widouər/\n\n[s]\nviúvo
width	/witθ/\n\n[s]\nlargura
wife	/waif/\n\n[s]\n\n1. esposa\n2. mulher
wig	/wig/\n\n[s]\nperuca
wild	/waild/\n\n[adjective]\n\n1. bravio\n2. gentio\n3. selvagem
wild animal	/waildæniməl/\n\n[s]\n\n1. animal selvagem\n2. fera
wild boar	/waildbɔːr/\n\n[s]\n\n1. javali\n2. javardo\n3. porco-montês
wilderness	[s]\n\n1. selvagem\n2. lugar selvagem
wildlife	[s]\nvida selvagem
will	/wil/\n\n[s]\n\n1. testamento\n2. vontade
will-lessness	abulia
willing	/wiliŋ/\n\nespontâneo
willingly	/wiliŋliː/\n\n1. deboavontade\n2. voluntariamente\n3. debomgrado
willingness	/wiliŋnis/\n\n[s]\nvontade
willow	/wilou/\n\n[s]\n\n1. salgueiro\n2. vimeiro
willowherb	/wilouhəːb/\n\n[s]\n\n1. epilóbio\n2. epílobo
win	/win/\n\n1. auferir\n2. ganhar\n3. lucrar
win over	/winouvər/\n\n1. debelar\n2. superar\n3. vencer
wind	/waind/\n\n1. a. dobar\n  b. enrolar em bobina\n2. a. vento\n  b. sopro\n3. a. enfaixar\n  b. enrolar\n  c. envolver\n  d. pensar
wind instrument	/waindinstrumənt/\n\n[s]\ninstrumento de sopro
wind off	/waindɔf/\n\ndesenrolar
wind up	/waindʌp/\n\n1. a. alçar\n  b. içar\n  c. levantar\n2. a. armar\n  b. darcorda\n  c. esticar\n  d. retesar\n3. enrolar
wind-instrument	instrumento de sopro
window	/windou/\n\n[s]\n\n1. janela\n2. a. bilheteira\n  b. bilheteria\n  c. guichê
wine	/wain/\n\n[s]\nvinho
wing	/wiŋ/\n\n[s]\nasa
wink	[s]\n[vt]\n\n1. piscar de olhos\n2. piscar os olhos
winner	[s]\nvencedor
winter	/wintər/\n\n[s]\ninverno
wipe	/waip/\n\n1. enxugar\n2. limpar
wipe off	/waipɔf/\n\n1. enxugar\n2. limpar
wipe out	/waipaut/\n\n1. abolir\n2. eliminar\n3. exterminar\n4. extinguir\n5. suprimir
wire	/waiər/\n\n[s]\n\n1. arame\n2. fio de metal
wireless	/waiələs/\n\n[adjective]\n\n1. rádio\n2. sem fio
wireless telegraph	/waiələsteligrɑːf/\n\n[s]\nradiofonia
wisdom	/wizdəm/\n\n[s]\n\n1. sabedoria\n2. a. juízo\n  b. sensatez\n  c. senso
wise	/waiz/\n\n1. ajuizado\n2. prudente\n3. sábio\n4. sensato
wish	/wiʃ/\n\n1. a. anseio\n  b. desejo\n  c. pretensão\n  d. vontade\n2. a. desejar\n  b. pretender\n  c. querer\n  d. ter vontade de
wit	/wit/\n\n[s]\n\n1. engenho\n2. espírito\n3. graça
witch	/witʃ/\n\n[s]\nfeiticeira
with	/wið/\n\n1. a. com\n  b. em companhia de\n2. a. através de\n  b. por\n  c. por intermédio de\n  d. por meio de\n3. a. a\n  b. ao pé de\n  c. em\n  d. entre\n  e. junto a
with difficulty	/wiðdifikəltiː/\n\n1. dificilmente\n2. com dificuldade
with effort	/wiðefət/\n\npenosamente
with me	comigo
with one accord	/wiðwʌnəkɔːd/\n\nunanimemente
with reference to	/wiðrefrənstou/\n\n1. em relação a\n2. relativamente a
with the exception of	/wiððiksepʃənɔf/\n\n1. à excepcão de\n2. com excepção de\n3. fora\n4. menos\n5. salvo
with young	/wiðjʌŋ/\n\ngrávida
withdraw	/wiðdrɔː/\n\n1. a. andar\n  b. decorrer\n  c. passar-se\n2. a. tirar\n  b. remover\n3. retirar-se\n4. voltar atrás
withdrawal	[s]\nretirada
withdrawal symptoms	[s]\nsíndrome de abstinência
withdrawn	1. reservado\n2. introvertido
wither	/wiðər/\n\n1. caldear\n2. soldar
withhold	[vt]\n\n1. reter\n2. conter\n3. parar\n4. segurar
within	/wiθin/\n\n1. dentro de\n2. em
without	/wiθɔːt/\n\n1. sem\n2. menos
without delay	/wiθɔːtdiːlei/\n\n1. imediatamente\n2. sem delonga\n3. diretamente
without fail	/wiθɔːtfeil/\n\n1. absolutamente\n2. impreterivelmente\n3. infalivelmente\n4. sem falta
withstand	/wiðstænd/\n\n1. a. afrontar\n  b. arrostar\n2. a. fazer frente a\n  b. relutar\n  c. resistir
witness	/witnəs/\n\n1. testemunha\n2. a. testemunhar\n  b. ser testemunha\n  c. assistir\n  d. estar presente
witty	/witiː/\n\n1. engraçado\n2. espirituoso
wizard	[s]\n\n1. a. mágico\n  b. mago\n  c. bruxo\n2. assistente em programas de computador
wobble	[vi]\ncambalear
woe	/wou/\n\nai
wolf	/wulf/\n\n[s]\nlobo
woman	/wumən/\n\n[s]\nmulher
woman-chaser	dom-joão
womanise	[vt]\n\n1. a. paquerar mulheres\n  b. seduzir\n2. a. afeminar\n  b. tornar feminino
womaniser	[s]\n\n1. paquerador\n2. sedutor
womb	/wuːm/\n\n[s]\nútero
wonder	/wʌndər/\n\n1. a. admirar-se\n  b. estranhar\n2. desejar muito saber
wonderful	/wʌndəfəl/\n\n[adjective]\nadmirável
wonted	/wountid/\n\nusual
woo	/wuː/\n\n1. galantear\n2. namorar
wood	/wud/\n\n[s]\n\n1. lenha\n2. madeira\n3. pau
wooden cloth	/wudnklɔθ/\n\n1. fazenda\n2. pano\n3. tecido de lã
woodpecker	/wudpekər/\n\n1. fuinho\n2. pica-pau
woodpile	/wudpail/\n\nmonte de lenha
woods	/wudz/\n\n1. floresta\n2. mata
wool	/wul/\n\n[s]\n[adjective]\n\n1. lã\n2. a. de lã\n  b. lanígero
word	/wəːd/\n\n[s]\npalavra
word-for-word	1. literalmente\n2. palavra por palavra
work	/wəːk/\n\n[s]\n[vt]\n[vi]\n\n1. a. labor\n  b. trabalho\n2. a. composição\n  b. obra\n3. a. lidar\n  b. trabalhar\n4. a. estar em exercício\n  b. exercer funções\n  c. funcionar
work of art	/wəːkɔfɑːt/\n\n1. trabalho artístico\n2. objeto de arte
work out	/wəːkaut/\n\n1. elaborar\n2. a. calcular\n  b. computar\n  c. orçar
work-room	atelier
workable	[adjective]\nviável
workbench	/wəːkbentʃ/\n\n1. banco\n2. bastidor\n3. cavalete\n4. mesa
worker	/wəːkər/\n\n1. obreiro\n2. operário\n3. trabalhador
workforce	[s]\nforça de trabalho
workgroup	[s]\ngrupo de trabalho
workhouse	/wəːkhaus/\n\nasilo
working man	/wəːkiŋmein/\n\n1. obreiro\n2. operário\n3. trabalhador
workman	/wəːkmən/\n\n1. obreiro\n2. operário\n3. trabalhador
workplace	/wəːkpleis/\n\n1. laboratório\n2. oficina
works	/wəːks/\n\nobras completas de umautor
workshop	/wəːkʃɔp/\n\n1. atelier\n2. oficina
workstation	estação de trabalho
world	/wəːld/\n\nmundo
worldglobe	/wəːldʒloub/\n\nglobo terrestre
worldwar	/wəːldwər/\n\nguerra mundial
worldwide	/wəːldwaid/\n\n1. mundial\n2. universal
worm	/wəːm/\n\n1. bicho\n2. verme
worm-eaten	picada de vermes
worn	gasto
worrisome	[adjective]\n\n1. preocupante\n2. angustiante
worry	/wʌriː/\n\n1. a. cuidar\n  b. preocupar-se\n  c. tutelar\n  d. zelar\n2. a. afligir\n  b. magoar\n  c. molestar
worse	pior
worship	/wəːʃip/\n\n1. adoração\n2. a. adorar\n  b. idolatrar\n  c. reverenciar
worship service	/wəːʃipsəːvis/\n\n1. culto\n2. ofício divino
worshipper	/wəːʃipər/\n\nadorador
worth	/wəːθ/\n\n1. valor\n2. mérito
worth seeing	/wəːθsiːiŋ/\n\ndigno de ser visto
worthless	/wəːθləs/\n\n1. nulo\n2. sem valor\n3. vão\n4. inútil
worthwhile	1. que vale a pena\n2. de mérito\n3. louvável
worthy	/wəːðiː/\n\n1. digno\n2. merecedor\n3. valoroso\n4. respeitável\n5. justo
wound	/waund/\n\n1. a. ferir\n  b. vulnerar\n2. a. ferida\n  b. ferimento\n  c. lesão
wrangle	/ræŋgl/\n\n1. a. beijar-se\n  b. bicar reciprocamente\n2. a. altercar\n  b. porfiar\n  c. querelar
wrap	[s]\n[vt]\n\n1. a. capa\n  b. envoltório\n2. embrulho\n3. envolver\n4. esconder\n5. encapar\n6. embrulhar
wrapper	/ræpər/\n\n1. a. envoltório\n  b. invólucro\n2. capa\n3. a. cinta\n  b. faixa
wreath	/riːθ/\n\n1. coroa de flores\n2. grinalda
wreathe	/riːð/\n\n1. trançar\n2. entrançar
wrench	/rentʃ/\n\nchave
wrestle	/resl/\n\n1. lutar\n2. pugnar
wretched	/retʃt/\n\nmiserável
wrinkle	/riŋkl/\n\n1. a. calha\n  b. rego\n  c. sulco\n2. a. encrespar\n  b. enrugar\n  c. franzir\n  d. sulcar
wrist	/rist/\n\npulso
wrist-watch	1. relógio\n2. relógio de pulso
write	/rait/\n\n1. escrita\n2. a. escrever\n  b. compor
write down	/raitdaun/\n\n1. escrever nota sobre\n2. tomar nota de
write shorthand	/raitʃɔːthænd/\n\n1. estenografar\n2. taquigrafar
write upon	/raitəpɔn/\n\nsobrescrever
writer	/raitər/\n\n1. escritor\n2. autor
writhe	/raið/\n\n1. debater-se\n2. espernear\n3. estrebuchar
writing	escrita
writing desk	/raitiŋdesk/\n\n1. carteira\n2. escrivaninha
writing-desk	1. carteira\n2. escrivaninha
written	escrito
wrong	/rɔŋ/\n\n1. a. errado\n  b. errôneo\n2. que não tem razão\n3. a. impreciso\n  b. incorreto\n  c. inexato
wrongly	[adverb]\n\n1. a. erradamente\n  b. de forma errada\n2. a. injustamente\n  b. de forma injusta
wry	[adjective]\ntorto
X	/ks/\n\nX
X-rays	raios-X
Xanthippe	/gzænthip/\n\nmegera
xerographic	/ziərəgræfik/\n\nxerográfico
xerographic copy	/ziərəgræfikkɔpiː/\n\ncópia xerográfica
xerography	/ziərɔgrəfiː/\n\n1. fotocópia\n2. xerografia
Y	/iː/\n\nY
ya	1. tu\n2. o senhor\n3. você\n4. vós
yacht	/jɔt/\n\n[s]\niate
yam	/aiəm/\n\nbatata-doce
Yangtse-Kiang	1. IangtzeKiang\n2. Rio Azul
Yangtze	/jæŋts/\n\n1. IangtzeKiang\n2. Rio Azul
Yangtze River	/jæŋtsrivər/\n\n1. IangtzeKiang\n2. Rio Azul
yard	/jɑːd/\n\n[s]\n\n1. jarda\n2. a. pátio\n  b. quintal\n  c. terreiro
yarrow	/jærou/\n\n1. aquiléia\n2. milfólio\n3. mil-folhas\n4. mil-em-rama
yawn	/jɔːn/\n\n1. escancarar-se\n2. a. abrir a boca\n  b. bocejar\n3. bocejo
ye	/iː/\n\n1. tu\n2. o senhor\n3. você\n4. vós
year	/jəːr/\n\n[s]\nano
yearly	/jəːliː/\n\n[adverb]\n\n1. anual\n2. anualmente
yearn	/jəːn/\n\n1. darais\n2. suspirar\n3. ter saudades de
yeast	/jiːst/\n\n[s]\nfermento
yell	/jel/\n\n1. berrar\n2. urrar
yellow	/jelou/\n\n[s]\n[adjective]\n\n1. cor amarela\n2. a. amarelo\n  b. amarelado
yellowish	[adjective]\namarelado
yen	/jen/\n\n[s]\niene
yep	sim
yes	/jez/\n\nsim
yesterday	/jestədiː/\n\n1. ontem\n2. a. de ontem\n  b. hesterno
yet	/jet/\n\n1. a. ainda\n  b. até agora\n  c. mais\n  d. também\n2. já\n3. a. contudo\n  b. embora\n  c. entretanto\n  d. todavia\n  e. porém
Yiddish	/jidiʃ/\n\niídiche
yield	/jiːld/\n\n1. abdicar\n2. alhear\n3. ceder\n4. submeter-se\n5. transigir
yodel	/joudl/\n\ncantar à tirolesa
yoga	/jougə/\n\n[s]\nioga
yoghourt	/jɔgət/\n\n[s]\niogurte
yoghurt	/jɔgət/\n\n[s]\niogurte
yoke	/jouk/\n\n1. a. cangar\n  b. jungir\n2. a. canga\n  b. jugo
yon	/jɔn/\n\n1. acolá\n2. aí\n3. além\n4. ali
yonder	/jɔndər/\n\n1. acolá\n2. aí\n3. além\n4. ali
you	/jau/\n\n1. a. tu\n  b. você\n  c. o senhor\n2. a. vós\n  b. vocês\n  c. os senhores
you're welcome	/jɔːrwelkəm/\n\n1. a. de nada\n  b. não há de que\n2. a. não importa\n  b. pouco importa
young	/jʌŋ/\n\n[adjective]\njovem
younger	[adjective]\n\n1. mais jovem\n2. mais novo
youngest	[adjective]\n\n1. o mais jovem\n2. o mais novo
youngster	/jʌŋstər/\n\n[s]\njovem
your	/jɔːr/\n\n1. a. teu\n  b. tua\n  c. seu\n  d. sua\n2. a. vosso\n  b. vossa
yourself	você mesmo
yourselves	[pronoun]\nvocês mesmos
youth	/juːθ/\n\n[s]\njuventude
Yugoslav	/juːgousleiv/\n\niugoslavo
Yugoslavia	/juːgouslɑːviə/\n\n[s]\nIugoslávia
Yugoslavian	/juːgouslɑːviən/\n\njugoslavo
Yule	/juːl/\n\nNatal
zeal	/ziːl/\n\n[s]\n\n1. ardor\n2. fervor\n3. zelo
zealous	/zeləs/\n\n[adjective]\n\n1. fervoroso\n2. zeloso
zebra	/zebrə/\n\n[s]\nzebra
zenith	/zeniθ/\n\n[s]\nzênite
zephyr	/zefər/\n\n1. aragem\n2. brisa\n3. zefir\n4. zéfiro
zero	/zərou/\n\n1. zero\n2. nada
zigzag	/zigzæg/\n\nziguezaguear
zilch	/ziltʃ/\n\n1. nada\n2. zero
zinc	/ziŋk/\n\n[s]\nzinco
zipper	/zipər/\n\n[s]\nzíper
zither	/ziðər/\n\n[s]\ncítara
zodiac	/zoudiæk/\n\n[s]\nzodíaco
zone	/zoun/\n\n[s]\nzona
zoology	/zuːɔlədʒiː/\n\n[s]\nzoologia
